ID,Title,Year,Age,Rotten Tomatoes,Netflix,Hulu,Prime Video,Disney+,Type,Genre,Country,Language,IMDb,IMDb_ID,RottenTomatoes_Score,Age_Min,Type_raw,Title_key
1,Breaking Bad,2008,18+,100/100,1,0,0,0,tv_show,"crime television series, drama television series, thriller television series, black comedy",United States,"American English, Spanish language in the Americas",10.0,tt0903747,100,18.0,1,BREAKING BAD
2,Stranger Things,2016,16+,96/100,1,0,0,0,tv_show,"science fiction television program, horror television series, drama television series, fantasy television series",United States,English,9.0,tt4574334,96,16.0,1,STRANGER THINGS
3,Attack on Titan,2013,18+,95/100,1,1,0,0,tv_show,reality television,United States,English,9.0/10,tt0092400,95,18.0,1,ATTACK ON TITAN
4,Better Call Saul,2015,18+,94/100,1,0,0,0,tv_show,"legal drama, crime television series",United States,English,10.0,tt3032476,94,18.0,1,BETTER CALL SAUL
5,Dark,2017,16+,93/100,1,0,0,0,tv_show,"science fiction television program, drama television series, thriller television series, LGBT-related television series",Germany,German,10.0,tt5753856,93,16.0,1,DARK
6,Avatar: The Last Airbender,2005,7+,93/100,1,0,1,0,tv_show,"fantasy television series, action television series, drama television series, adventure television series",United States,English,6.0,tt9018736,93,7.0,1,AVATAR: THE LAST AIRBENDER
7,Peaky Blinders,2013,18+,93/100,1,0,0,0,tv_show,"drama television series, historical drama, crime television series",United Kingdom,English,10.0,tt2442560,93,18.0,1,PEAKY BLINDERS
8,The Walking Dead,2010,18+,93/100,1,0,0,0,tv_show,"horror television series, drama television series, post-apocalyptic television series",United States,English,8.1,tt1520211,93,18.0,1,THE WALKING DEAD
9,Black Mirror,2011,18+,92/100,1,0,0,0,tv_show,"science fiction television program, drama television series, anthology series, dystopian television series",United Kingdom,English,9.0,tt2085059,92,18.0,1,BLACK MIRROR
10,The Queen's Gambit,2020,18+,92/100,1,0,0,0,tv_show,reality television,United States,English,8.6/10,tt0092400,92,18.0,1,THE QUEEN'S GAMBIT
11,Mindhunter,2017,18+,90/100,1,0,0,0,tv_show,"drama television series, thriller television series, LGBT-related television series, crime television series",United States,English,10.0,tt5290382,90,18.0,1,MINDHUNTER
12,Community,2009,7+,90/100,1,1,1,0,tv_show,"sitcom, college life television program",United States,English,9.0,tt1439629,90,7.0,1,COMMUNITY
13,Narcos,2015,18+,90/100,1,0,0,0,tv_show,"drama television series, crime television series, biographical television program",United States,"English, Spanish",9.0,tt2707408,90,18.0,1,NARCOS
14,Shameless,2011,18+,90/100,1,1,1,0,tv_show,"comedy drama, LGBT-related television series",United States,English,9.0,tt1586680,90,18.0,1,SHAMELESS
15,Money Heist,2017,18+,90/100,1,0,0,0,tv_show,"action television series, black comedy, buddy film, buddy cop film",Spain,Spanish,9.0,tt6468322,90,18.0,1,MONEY HEIST
16,Marvel's Daredevil,2015,18+,90/100,1,0,0,0,tv_show,"action television series, fantasy television series, adventure television series, drama television series",United States,English,8.0,tt3322312,90,18.0,1,MARVEL'S DAREDEVIL
17,Lucifer,2016,16+,90/100,1,0,0,0,tv_show,"crime television series, horror television series, comedy drama, fantasy television series","United States, Czech Republic",English,10.0,tt4052886,90,16.0,1,LUCIFER
18,Supernatural,2005,16+,89/100,1,0,0,0,tv_show,"thriller television series, fantasy television series, action television series, horror television series","Canada, United States",English,10.0,tt0460681,89,16.0,1,SUPERNATURAL
19,The Witcher,2019,18+,89/100,1,0,0,0,tv_show,"fantasy television series, drama television series, film based on literature","United States, Poland, Hungary",English,8.0,tt5180504,89,18.0,1,THE WITCHER
20,Ozark,2017,18+,89/100,1,0,0,0,tv_show,"drama television series, crime television series",United States,English,9.0,tt5071412,89,18.0,1,OZARK
21,The Crown,2016,18+,89/100,1,0,0,0,tv_show,"drama television series, historical television series","United Kingdom, United States",English,9.0,tt4786824,89,18.0,1,THE CROWN
22,Cobra Kai,2018,16+,89/100,1,0,0,0,tv_show,"comedy drama, action television series",United States,English,8.0,tt7221388,89,16.0,1,COBRA KAI
23,The Blacklist,2013,16+,88/100,1,0,0,0,tv_show,"crime television series, thriller television series, drama television series",United States,English,9.0,tt2741602,88,16.0,1,THE BLACKLIST
24,The Flash,2014,16+,88/100,1,0,0,0,tv_show,"science fiction television program, superhero television program, action television series, drama television series",United States,English,7.5,tt3107288,88,16.0,1,THE FLASH
25,Outlander,2014,18+,88/100,1,0,0,0,tv_show,"fantasy television series, drama television series, adventure television series, historical television series","United States, United Kingdom","English, Scottish Gaelic, French",8.0,tt3006802,88,18.0,1,OUTLANDER
26,Fullmetal Alchemist: Brotherhood,2009,16+,88/100,1,1,0,0,tv_show,reality television,United States,English,9.1/10,tt0092400,88,16.0,1,FULLMETAL ALCHEMIST: BROTHERHOOD
27,The Good Place,2016,16+,88/100,1,0,0,0,tv_show,"fantasy television series, comedy television series",United States,English,10.0,tt4955642,88,16.0,1,THE GOOD PLACE
28,House of Cards,2013,18+,88/100,1,0,0,0,tv_show,"political thriller, political drama",United States,English,9.0,tt1856010,88,18.0,1,HOUSE OF CARDS
29,Atypical,2017,16+,88/100,1,0,0,0,tv_show,"comedy drama, LGBT-related television series",United States,English,10.0,tt6315640,88,16.0,1,ATYPICAL
30,Grey's Anatomy,2005,16+,87/100,1,1,0,0,tv_show,medical drama,United States,English,8.0,tt0413573,87,16.0,1,GREY'S ANATOMY
31,Arrested Development,2003,16+,87/100,1,1,0,0,tv_show,reality television,United States,English,8.7/10,tt0092400,87,16.0,1,ARRESTED DEVELOPMENT
32,Lupin,2021,18+,87/100,1,0,0,0,tv_show,"crime television series, mystery television series",France,French,7.0,tt2531336,87,18.0,1,LUPIN
33,The Umbrella Academy,2019,16+,87/100,1,0,0,0,tv_show,"action television series, drama television series, superhero television program, television adaptation",United States,English,7.0,tt1312171,87,16.0,1,THE UMBRELLA ACADEMY
34,Orange Is the New Black,2013,18+,87/100,1,0,0,0,tv_show,"comedy drama, LGBT-related television series, crime television series",United States,American English,8.0,tt2372162,87,18.0,1,ORANGE IS THE NEW BLACK
35,The Vampire Diaries,2009,16+,86/100,1,0,0,0,tv_show,"fantasy television series, horror television series, drama television series, youth series",United States,English,10.0,tt1405406,86,16.0,1,THE VAMPIRE DIARIES
36,Demon Slayer: Kimetsu no Yaiba,2019,18+,86/100,1,1,0,0,tv_show,reality television,United States,English,8.7/10,tt0092400,86,18.0,1,DEMON SLAYER: KIMETSU NO YAIBA
37,The Last Dance,2020,16+,86/100,1,0,0,0,tv_show,television documentary,United States,English,10.0,tt8420184,86,16.0,1,THE LAST DANCE
38,American Horror Story,2011,18+,86/100,1,1,1,0,tv_show,"anthology series, horror television series",United States,English,7.0,tt1844624,86,18.0,1,AMERICAN HORROR STORY
39,Elite,2018,18+,86/100,1,0,0,0,tv_show,"thriller television series, teen drama television, LGBT-related television series",Spain,Spanish,7.0,tt7134908,86,18.0,1,ELITE
40,BoJack Horseman,2014,18+,86/100,1,0,0,0,tv_show,reality television,United States,English,8.7/10,tt0092400,86,18.0,1,BOJACK HORSEMAN
41,Star Trek: The Next Generation,1987,7+,86/100,1,1,1,0,tv_show,"science fiction television program, adventure television series",United States,English,8.7,tt0092455,86,7.0,1,STAR TREK: THE NEXT GENERATION
42,Broadchurch,2013,18+,86/100,1,0,0,0,tv_show,"thriller television series, police television drama",United Kingdom,English,9.0,tt2249364,86,18.0,1,BROADCHURCH
43,The IT Crowd,2006,16+,86/100,1,0,0,0,tv_show,sitcom,United Kingdom,English,10.0,tt0487831,86,16.0,1,THE IT CROWD
44,When They See Us,2019,18+,86/100,1,0,0,0,tv_show,reality television,United States,English,8.9/10,tt0092400,86,18.0,1,WHEN THEY SEE US
45,"Love, Death & Robots",2019,18+,86/100,1,0,0,0,tv_show,reality television,United States,English,8.5/10,tt0092400,86,18.0,1,"LOVE, DEATH & ROBOTS"
46,Schitt's Creek,2015,16+,86/100,1,0,0,0,tv_show,"sitcom, LGBT-related television series",Canada,English,10.0,tt3526078,86,16.0,1,SCHITT'S CREEK
47,Marvel's Agents of S.H.I.E.L.D.,2013,16+,86/100,1,0,0,0,tv_show,"science fiction television program, fantasy television series, action television series, adventure television series",United States,English,7.0,tt2364582,86,16.0,1,MARVEL'S AGENTS OF S.H.I.E.L.D.
48,Never Have I Ever,2020,16+,86/100,1,0,0,0,tv_show,"comedy drama, teen drama television, LGBT-related television series",United States,English,7.0,tt10062292,86,16.0,1,NEVER HAVE I EVER
49,The 100,2014,16+,86/100,1,0,0,0,tv_show,"post-apocalyptic television series, science fiction television program, speculative fiction, LGBT-related television series",United States,English,8.0,tt2661044,86,16.0,1,THE 100
50,American Crime Story,2016,18+,85/100,1,0,0,0,tv_show,"anthology series, crime television series, drama television series",United States,English,8.0,tt2788432,85,18.0,1,AMERICAN CRIME STORY
51,The Last Kingdom,2015,18+,85/100,1,0,0,0,tv_show,"historical drama, television series based on a novel",United Kingdom,English,9.0,tt4179452,85,18.0,1,THE LAST KINGDOM
52,The End of the F***ing World,2017,18+,85/100,1,0,0,0,tv_show,"teen drama television, black comedy, coming-of-age television program",United Kingdom,English,8.0,tt6257970,85,18.0,1,THE END OF THE F***ING WORLD
53,New Girl,2011,16+,85/100,1,0,0,0,tv_show,sitcom,United States,English,8.0,tt1826940,85,16.0,1,NEW GIRL
54,Penny Dreadful,2014,18+,85/100,1,0,1,0,tv_show,"horror television series, thriller television series, drama television series, LGBT-related television series","United Kingdom, United States",English,7.0,tt2628232,85,18.0,1,PENNY DREADFUL
55,One Piece,1999,7+,85/100,1,1,0,0,tv_show,reality television,United States,English,8.8/10,tt0092400,85,7.0,1,ONE PIECE
56,Marvel's The Punisher,2017,18+,85/100,1,0,0,0,tv_show,"action television series, crime television series, adventure television series, thriller television series",United States,English,9.0,tt5675620,85,18.0,1,MARVEL'S THE PUNISHER
57,Evil,2019,18+,85/100,1,0,0,0,tv_show,thriller television series,United States,English,7.0,tt9055008,85,18.0,1,EVIL
58,YOU,2018,18+,85/100,1,0,0,0,tv_show,"thriller television series, television series based on a novel",United States,English,8.0,tt7335184,85,18.0,1,YOU
59,Sense8,2015,18+,84/100,1,0,0,0,tv_show,"science fiction television program, drama television series, LGBT-related television series",United States,English,8.0,tt2431438,84,18.0,1,SENSE8
60,Making a Murderer,2015,16+,84/100,1,0,0,0,tv_show,documentary film,United States,English,10.0,tt5189670,84,16.0,1,MAKING A MURDERER
61,Unbelievable,2019,18+,84/100,1,0,0,0,tv_show,reality television,United States,English,8.4/10,tt0092400,84,18.0,1,UNBELIEVABLE
62,Arrow,2012,16+,84/100,1,0,0,0,tv_show,"science fiction television program, action television series, superhero fiction, crime television series",United States,"English, Spanish, Russian",7.0,tt2193021,84,16.0,1,ARROW
63,Sex Education,2019,18+,84/100,1,0,0,0,tv_show,"teen drama television, LGBT-related television series, coming-of-age television program, comedy drama",United Kingdom,English,10.0,tt7767422,84,18.0,1,SEX EDUCATION
64,Marvel's Jessica Jones,2015,18+,84/100,1,0,0,0,tv_show,"action television series, fantasy television series, crime television series, thriller television series",United States,English,9.0,tt2357547,84,18.0,1,MARVEL'S JESSICA JONES
65,Sweet Tooth,2021,16+,84/100,1,0,0,0,tv_show,"fantasy television series, drama television series, post-apocalyptic television series",United States,English,7.7,tt12809988,84,16.0,1,SWEET TOOTH
66,Good Girls,2018,16+,84/100,1,1,0,0,tv_show,comedy drama,United States,English,9.0,tt6474378,84,16.0,1,GOOD GIRLS
67,Death Note,2006,16+,84/100,1,1,0,0,tv_show,reality television,United States,English,9.0/10,tt0092400,84,16.0,1,DEATH NOTE
68,Gilmore Girls,2000,16+,84/100,1,0,0,0,tv_show,"comedy drama, youth series",United States,English,8.2,tt0238784,84,16.0,1,GILMORE GIRLS
69,The Legend of Korra,2012,7+,83/100,1,0,0,0,tv_show,reality television,United States,English,8.4/10,tt0092400,83,7.0,1,THE LEGEND OF KORRA
70,How to Get Away with Murder,2014,16+,83/100,1,1,0,0,tv_show,"legal drama, mystery television series, thriller television series, LGBT-related television series",United States,English,10.0,tt3205802,83,16.0,1,HOW TO GET AWAY WITH MURDER
71,Master of None,2015,18+,83/100,1,0,0,0,tv_show,comedy television series,United States,English,10.0,tt4635276,83,18.0,1,MASTER OF NONE
72,Chappelle's Show,2003,18+,83/100,1,0,0,0,tv_show,comedy film,United States,English,8.8,tt0353049,83,18.0,1,CHAPPELLE'S SHOW
73,One-Punch Man,2015,7+,83/100,1,1,0,0,tv_show,reality television,United States,English,8.8/10,tt0092400,83,7.0,1,ONE-PUNCH MAN
74,Downton Abbey,2010,16+,83/100,1,0,1,0,tv_show,"historical drama, drama television series, historical television series",United Kingdom,English,10.0,tt1606375,83,16.0,1,DOWNTON ABBEY
75,Gotham,2014,16+,83/100,1,0,0,0,tv_show,"fantasy television series, drama television series, crime television series, LGBT-related television series",United States,English,9.0,tt3749900,83,16.0,1,GOTHAM
76,Pose,2018,18+,83/100,1,0,0,0,tv_show,reality television,United States,English,8.6/10,tt0092400,83,18.0,1,POSE
77,Bodyguard,2018,18+,83/100,1,0,0,0,tv_show,drama,United Kingdom,English,9.0,tt7493974,83,18.0,1,BODYGUARD
78,Altered Carbon,2018,18+,83/100,1,0,0,0,tv_show,"cyberpunk, action television series, crime television series, science fiction television program",United States,English,9.0,tt2261227,83,18.0,1,ALTERED CARBON
79,Ash vs Evil Dead,2015,18+,83/100,1,0,0,0,tv_show,"comedy horror, fantasy television series",United States,English,9.0,tt4189022,83,18.0,1,ASH VS EVIL DEAD
80,The Sinner,2017,16+,83/100,1,0,0,0,tv_show,"thriller television series, LGBT-related television series, television series based on a novel",United States,English,7.8,tt6048596,83,16.0,1,THE SINNER
81,Our Planet,2019,all,82/100,1,0,0,0,tv_show,documentary film,United Kingdom,English,10.0,tt9253866,82,16.0,1,OUR PLANET
82,Narcos: Mexico,2018,18+,82/100,1,0,0,0,tv_show,"drama film, telenarconovela","United States, Mexico",English,9.0,tt8714904,82,18.0,1,NARCOS: MEXICO
83,Shadow and Bone,2021,16+,82/100,1,0,0,0,tv_show,"fantasy television series, adventure television series, television series based on a novel, teen drama television",United States,English,6.0,tt2403776,82,16.0,1,SHADOW AND BONE
84,Castlevania,2017,18+,82/100,1,0,0,0,tv_show,reality television,United States,English,8.3/10,tt0092400,82,18.0,1,CASTLEVANIA
85,Star Trek,1966,7+,82/100,1,1,1,0,tv_show,"adventure television series, science fiction television program",United States,English,9.0,tt0060028,82,7.0,1,STAR TREK
86,The Kominsky Method,2018,18+,82/100,1,0,0,0,tv_show,comedy drama,United States,English,10.0,tt7255502,82,18.0,1,THE KOMINSKY METHOD
87,Hunter x Hunter,2011,16+,82/100,1,1,0,0,tv_show,reality television,United States,English,9.0/10,tt0092400,82,16.0,1,HUNTER X HUNTER
88,Dead to Me,2019,18+,82/100,1,0,0,0,tv_show,comedy drama,United States,English,10.0,tt8064302,82,18.0,1,DEAD TO ME
89,The Haunting of Hill House,2018,18+,82/100,1,0,0,0,tv_show,reality television,United States,English,8.6/10,tt0092400,82,18.0,1,THE HAUNTING OF HILL HOUSE
90,Russian Doll,2019,18+,82/100,1,0,0,0,tv_show,comedy television series,United States,English,10.0,tt7520794,82,18.0,1,RUSSIAN DOLL
91,Kingdom,2019,18+,82/100,1,1,0,0,tv_show,reality television,United States,English,8.4/10,tt0092400,82,18.0,1,KINGDOM
92,Neon Genesis Evangelion,1995,16+,82/100,1,0,0,0,tv_show,reality television,United States,English,8.5/10,tt0092400,82,16.0,1,NEON GENESIS EVANGELION
93,Naruto,2002,7+,81/100,1,1,0,0,tv_show,reality television,United States,English,8.3/10,tt0092400,81,7.0,1,NARUTO
94,NCIS,2003,16+,81/100,1,0,0,0,tv_show,"police procedural, action television series, drama television series",United States,English,7.8,tt0364845,81,16.0,1,NCIS
95,Manifest,2018,16+,81/100,1,1,0,0,tv_show,drama film,United States,English,7.0,tt8421350,81,16.0,1,MANIFEST
96,Halt and Catch Fire,2014,16+,81/100,1,0,0,0,tv_show,"drama television series, historical drama, LGBT-related television series",United States,English,9.0,tt2543312,81,16.0,1,HALT AND CATCH FIRE
97,Monty Python's Flying Circus,1969,16+,81/100,1,0,0,0,tv_show,comedy television series,United Kingdom,English,8.8,tt0063929,81,16.0,1,MONTY PYTHON'S FLYING CIRCUS
98,After Life,2019,18+,81/100,1,0,0,0,tv_show,black comedy,United Kingdom,English,9.0,tt8398600,81,18.0,1,AFTER LIFE
99,Riverdale,2017,16+,81/100,1,1,0,0,tv_show,"drama television series, youth series, LGBT-related television series, romance television series",United States,English,7.0,tt5420376,81,16.0,1,RIVERDALE
100,Big Mouth,2017,18+,81/100,1,0,0,0,tv_show,"hardboiled, film noir, crime television series, action television series",South Korea,Korean,9.0,tt21195490,81,18.0,1,BIG MOUTH
101,I Think You Should Leave with Tim Robinson,2019,18+,81/100,1,0,0,0,tv_show,sketch comedy,United States,English,8.0,tt10050772,81,18.0,1,I THINK YOU SHOULD LEAVE WITH TIM ROBINSON
102,Derry Girls,2018,16+,81/100,1,0,0,0,tv_show,sitcom,United Kingdom,English,9.0,tt7120662,81,16.0,1,DERRY GIRLS
103,The Promised Neverland,2019,18+,81/100,1,1,0,0,tv_show,reality television,United States,English,8.5/10,tt0092400,81,18.0,1,THE PROMISED NEVERLAND
104,Lost in Space,2018,7+,80/100,1,1,0,0,tv_show,"science fiction television program, adventure science fiction",United States,English,8.0,tt0058824,80,7.0,1,LOST IN SPACE
105,Star Trek: Deep Space Nine,1993,7+,80/100,1,1,1,0,tv_show,"science fiction television program, adventure television series",United States,English,9.0,tt0106145,80,7.0,1,STAR TREK: DEEP SPACE NINE
106,Jane the Virgin,2014,16+,80/100,1,0,0,0,tv_show,"comedy drama, soap opera, romantic comedy",United States,"English, Spanish",9.0,tt3566726,80,16.0,1,JANE THE VIRGIN
107,Godless,2017,18+,80/100,1,0,0,0,tv_show,"Westerns on television, drama television series",United States,English,9.0,tt5516154,80,18.0,1,GODLESS
108,The OA,2016,18+,80/100,1,0,0,0,tv_show,"drama television series, mystery television series, science fiction television program, LGBT-related television series",United States,English,8.0,tt4635282,80,18.0,1,THE OA
109,DC's Legends of Tomorrow,2016,16+,80/100,1,0,0,0,tv_show,"action television series, superhero television program, science fiction television program, LGBT-related television series",United States,English,7.0,tt4532368,80,16.0,1,DC'S LEGENDS OF TOMORROW
110,Sacred Games,2018,18+,80/100,1,0,0,0,tv_show,"crime television series, thriller television series, LGBT-related television series, television series based on a novel",India,Hindi,10.0,tt6077448,80,18.0,1,SACRED GAMES
111,iZombie,2015,16+,80/100,1,0,0,0,tv_show,"comedy drama, television adaptation, zombie television program, crime television series",United States,English,8.0,tt3501584,80,16.0,1,IZOMBIE
112,Longmire,2012,16+,80/100,1,0,0,0,tv_show,"drama television series, television series based on a novel, Westerns on television",United States,English,8.0,tt1836037,80,16.0,1,LONGMIRE
113,Happy Endings,2011,16+,80/100,1,1,0,0,tv_show,"romantic comedy, American television sitcom, sitcom, LGBT-related television series",United States,English,8.0,tt1587678,80,16.0,1,HAPPY ENDINGS
114,Into the Badlands,2015,16+,80/100,1,0,0,0,tv_show,"action television series, post-apocalyptic television series",United States,English,8.0,tt3865236,80,16.0,1,INTO THE BADLANDS
115,The Originals,2013,16+,80/100,1,0,0,0,tv_show,"teen drama television, vampire television program, werewolf television program, fantasy television series",United States,English,9.0,tt2632424,80,16.0,1,THE ORIGINALS
116,Anne with an E,2017,all,80/100,1,0,0,0,tv_show,"drama television series, television series based on a novel",Canada,English,10.0,tt5421602,80,16.0,1,ANNE WITH AN E
117,Grace and Frankie,2015,18+,80/100,1,0,0,0,tv_show,"sitcom, comedy television series, LGBT-related television series",United States,English,8.2,tt3609352,80,18.0,1,GRACE AND FRANKIE
118,Chilling Adventures of Sabrina,2018,16+,80/100,1,0,0,0,tv_show,"drama television series, paranormal television program, horror television series, LGBT-related television series",United States,English,9.0,tt7569592,80,16.0,1,CHILLING ADVENTURES OF SABRINA
119,Queen of the South,2016,16+,79/100,1,0,0,0,tv_show,"thriller television series, television series based on a novel",United States,English,10.0,tt1064899,79,16.0,1,QUEEN OF THE SOUTH
120,A Series of Unfortunate Events,2017,7+,79/100,1,0,0,0,tv_show,"black comedy, drama television series, television series based on a novel",United States,English,7.0,tt4834206,79,7.0,1,A SERIES OF UNFORTUNATE EVENTS
121,Bridgerton,2020,16+,79/100,1,0,0,0,tv_show,"television series based on a novel, alternate history television series, historical drama, romantic fiction",United States,English,7.0,tt8740790,79,16.0,1,BRIDGERTON
122,Unorthodox,2020,18+,79/100,1,0,0,0,tv_show,reality television,United States,English,8.0/10,tt0092400,79,18.0,1,UNORTHODOX
123,Stargate SG-1,1997,13+,79/100,1,1,0,0,tv_show,"science fiction television program, adventure television series, action television series","United States, Canada",English,8.4,tt0118480,79,13.0,1,STARGATE SG-1
124,Outer Banks,2020,18+,79/100,1,0,0,0,tv_show,"action television series, teen drama television, adventure television series, mystery television series",United States,English,7.0,tt10293938,79,18.0,1,OUTER BANKS
125,13 Reasons Why,2017,18+,79/100,1,0,0,0,tv_show,"drama television series, thriller television series, youth series",United States,English,8.0,tt1837492,79,18.0,1,13 REASONS WHY
126,Unbreakable Kimmy Schmidt,2015,16+,79/100,1,0,0,0,tv_show,"comedy television series, sitcom, LGBT-related television series",United States,English,7.0,tt3339966,79,16.0,1,UNBREAKABLE KIMMY SCHMIDT
127,Marvel's Luke Cage,2016,18+,79/100,1,0,0,0,tv_show,"science fiction television program, crime television series, superhero television program",United States,English,7.0,tt3322314,79,18.0,1,MARVEL'S LUKE CAGE
128,GLOW,2017,18+,79/100,1,0,0,0,tv_show,"drama television series, comedy television series, LGBT-related television series",United States,English,8.0,tt5770786,79,18.0,1,GLOW
129,Borgen,2010,18+,79/100,1,0,0,0,tv_show,"crime television series, political drama",Denmark,Danish,10.0,tt1526318,79,18.0,1,BORGEN
130,The 4400,2004,7+,79/100,1,0,0,0,tv_show,"science fiction television program, mystery television series, drama television series",United States,English,8.0,tt0389564,79,7.0,1,THE 4400
131,Alias Grace,2017,18+,79/100,1,0,0,0,tv_show,reality television,United States,English,7.7/10,tt0092400,79,18.0,1,ALIAS GRACE
132,All American,2018,16+,79/100,1,0,0,0,tv_show,drama television series,United States,English,3.0,tt7414406,79,16.0,1,ALL AMERICAN
133,Santa Clarita Diet,2017,18+,79/100,1,0,0,0,tv_show,comedy horror,United States,English,9.0,tt5580540,79,18.0,1,SANTA CLARITA DIET
134,Reign,2013,16+,78/100,1,0,0,0,tv_show,"period drama film, historical drama",United States,English,7.4,tt2710394,78,16.0,1,REIGN
135,Maniac,2018,18+,78/100,1,0,0,0,tv_show,black comedy,United States,English,8.0,tt5580146,78,18.0,1,MANIAC
136,Dark Matter,2015,18+,78/100,1,0,1,0,tv_show,"space opera, drama television series, science fiction television program","Canada, United States",English,9.0,tt4159076,78,18.0,1,DARK MATTER
137,Star Trek: Voyager,1995,7+,78/100,1,1,1,0,tv_show,"science fiction television program, adventure television series",United States,English,8.0,tt0112178,78,7.0,1,STAR TREK: VOYAGER
138,"Tiger King: Murder, Mayhem and Madness",2020,18+,78/100,1,0,0,0,tv_show,"television documentary, true crime",United States,English,7.0,tt11823076,78,18.0,1,"TIGER KING: MURDER, MAYHEM AND MADNESS"
139,Call the Midwife,2012,16+,78/100,1,0,0,0,tv_show,"medical drama, drama television series, film based on book, historical drama",United Kingdom,English,10.0,tt1983079,78,16.0,1,CALL THE MIDWIFE
140,Queer Eye,2018,16+,78/100,1,0,0,0,tv_show,"reality television, LGBT-related television series, makeover reality television series",United States,American English,10.0,tt7259746,78,16.0,1,QUEER EYE
141,American Vandal,2017,16+,78/100,1,0,0,0,tv_show,mockumentary,United States,English,10.0,tt6877772,78,16.0,1,AMERICAN VANDAL
142,Wynonna Earp,2016,16+,78/100,1,0,0,0,tv_show,"dark fantasy, drama television series, thriller television series, Westerns on television","Canada, United States",English,9.0,tt4878326,78,16.0,1,WYNONNA EARP
143,Marvel's The Defenders,2017,18+,78/100,1,0,0,0,tv_show,"action television series, fantasy television series, adventure television series, drama television series",United States,English,6.0,tt4230076,78,18.0,1,MARVEL'S THE DEFENDERS
144,HAPPY!,2017,18+,77/100,1,0,0,0,tv_show,fantasy television series,United States,English,8.0,tt2452242,77,18.0,1,HAPPY!
145,Haikyu!!,2014,16+,77/100,1,1,0,0,tv_show,reality television,United States,English,8.7/10,tt0092400,77,16.0,1,HAIKYU!!
146,Colony,2016,16+,77/100,1,0,0,0,tv_show,reality television,United States,English,7.4/10,tt0092400,77,16.0,1,COLONY
147,Heartland,2007,7+,77/100,1,0,1,0,tv_show,drama television series,Canada,English,9.0,tt1094229,77,7.0,1,HEARTLAND
148,Alone,2015,16+,77/100,1,1,0,0,tv_show,reality television,United States,English,8.4/10,tt0092400,77,16.0,1,ALONE
149,Marco Polo,2014,18+,77/100,1,0,1,0,tv_show,"drama film, historical fantasy",United States,English,8.0,tt2189461,77,18.0,1,MARCO POLO
150,Wild Wild Country,2018,16+,77/100,1,0,0,0,tv_show,television documentary,United States,English,7.0,tt7768848,77,16.0,1,WILD WILD COUNTRY
151,The Dragon Prince,2018,7+,77/100,1,0,0,0,tv_show,reality television,United States,English,8.4/10,tt0092400,77,7.0,1,THE DRAGON PRINCE
152,Locke & Key,2020,16+,77/100,1,0,0,0,tv_show,"fantasy television series, teen drama television, adventure television series",United States,English,7.0,tt3007572,77,16.0,1,LOCKE & KEY
153,Love,2016,18+,77/100,1,0,0,0,tv_show,reality television,United States,English,7.7/10,tt0092400,77,18.0,1,LOVE
154,One Day at a Time,2017,7+,77/100,1,0,0,0,tv_show,"sitcom, LGBT-related television series",United States,English,10.0,tt5339440,77,7.0,1,ONE DAY AT A TIME
155,Feel Good,2020,18+,77/100,1,0,0,0,tv_show,comedy drama,United Kingdom,English,10.0,tt10098620,77,18.0,1,FEEL GOOD
156,Fauda,2015,16+,77/100,1,0,0,0,tv_show,"political thriller, thriller television series, action television series, drama television series",Israel,"Hebrew, Arabic",9.0,tt4565380,77,16.0,1,FAUDA
157,The Dark Crystal: Age of Resistance,2019,7+,77/100,1,0,0,0,tv_show,"fantasy television series, dark fantasy television program","United Kingdom, United States",English,8.0,tt6905598,77,7.0,1,THE DARK CRYSTAL: AGE OF RESISTANCE
158,Top Boy,2011,18+,77/100,1,0,0,0,tv_show,drama television series,United Kingdom,English,10.0,tt1830379,77,18.0,1,TOP BOY
159,I Am Not Okay with This,2020,18+,77/100,1,0,0,0,tv_show,"comedy drama, fantasy television series",United States,English,8.0,tt9446688,77,18.0,1,I AM NOT OKAY WITH THIS
160,Supergirl,2015,16+,77/100,1,0,0,0,tv_show,"action television series, drama television series, superhero television program, adventure television series",United States,English,8.0,tt4016454,77,16.0,1,SUPERGIRL
161,The Shannara Chronicles,2016,16+,77/100,1,0,0,0,tv_show,"post-apocalyptic television series, television series based on a novel, fantasy television series",United States,English,6.0,tt1051220,77,16.0,1,THE SHANNARA CHRONICLES
162,Designated Survivor,2016,7+,77/100,1,0,0,0,tv_show,political drama,United States,English,8.0,tt5296406,77,7.0,1,DESIGNATED SURVIVOR
163,Travelers,2016,16+,77/100,1,0,0,0,tv_show,"science fiction television program, time-travel television program, science fiction","Canada, United States",English,8.0,tt5651844,77,16.0,1,TRAVELERS
164,StartUp,2016,18+,77/100,1,0,0,0,tv_show,drama television series,United States,English,8.0,tt5028002,77,18.0,1,STARTUP
165,Ripper Street,2012,18+,77/100,1,0,0,0,tv_show,"drama television series, mystery television series, historical fiction",United Kingdom,English,9.0,tt2183641,77,18.0,1,RIPPER STREET
166,Episodes,2011,18+,77/100,1,0,0,0,tv_show,"sitcom, LGBT-related television series","United Kingdom, United States",English,9.0,tt1582350,77,18.0,1,EPISODES
167,Crazy Ex-Girlfriend,2015,16+,76/100,1,0,0,0,tv_show,"comedy drama, LGBT-related television series, musical, romantic comedy",United States,English,10.0,tt4094300,76,16.0,1,CRAZY EX-GIRLFRIEND
168,Bloodline,2015,18+,76/100,1,0,0,0,tv_show,"drama television series, thriller television series",United States,English,8.0,tt3520702,76,18.0,1,BLOODLINE
169,Black Summer,2019,18+,76/100,1,0,0,0,tv_show,"drama television series, post-apocalyptic television series",United States,English,6.6,tt8923854,76,18.0,1,BLACK SUMMER
170,The Borgias,2011,18+,76/100,1,0,0,0,tv_show,"historical television series, thriller television series",Canada,English,8.0,tt1582457,76,18.0,1,THE BORGIAS
171,Glee,2009,16+,76/100,1,0,1,0,tv_show,"comedy drama, musical, youth series, LGBT-related television series",United States,English,8.0,tt1327801,76,16.0,1,GLEE
172,The Stranger,2020,18+,76/100,1,0,0,0,tv_show,reality television,United States,English,7.3/10,tt0092400,76,18.0,1,THE STRANGER
173,Virgin River,2019,16+,76/100,1,0,0,0,tv_show,"romance film, drama television series, television series based on a novel",United States,English,7.0,tt9077530,76,16.0,1,VIRGIN RIVER
174,Lilyhammer,2012,18+,76/100,1,0,0,0,tv_show,"comedy drama, crime television series","Norway, United States","Norwegian, English",8.0,tt1958961,76,18.0,1,LILYHAMMER
175,Dirty John,2018,18+,76/100,1,0,0,0,tv_show,true crime,United States,English,10.0,tt7945720,76,18.0,1,DIRTY JOHN
176,TURN: Washington's Spies,2014,16+,76/100,1,0,0,0,tv_show,"historical drama, film based on book",United States,English,9.0,tt2543328,76,16.0,1,TURN: WASHINGTON'S SPIES
177,Star Trek: Enterprise,2001,7+,76/100,1,1,1,0,tv_show,"science fiction television program, action television series, military science fiction, adventure television series",United States,"English, Klingon",7.0,tt0244365,76,7.0,1,STAR TREK: ENTERPRISE
178,She-Ra and the Princesses of Power,2018,all,75/100,1,0,0,0,tv_show,reality television,United States,English,7.9/10,tt0092400,75,16.0,1,SHE-RA AND THE PRINCESSES OF POWER
179,Merlin,2008,7+,75/100,1,1,1,0,tv_show,"fantasy television series, adventure television series, drama television series",United Kingdom,English,7.9,tt1199099,75,7.0,1,MERLIN
180,The Magicians,2015,16+,75/100,1,0,0,0,tv_show,"fantasy television series, LGBT-related television series, television series based on a novel, college life television program",United States,English,8.0,tt4254242,75,16.0,1,THE MAGICIANS
181,Ginny & Georgia,2021,16+,75/100,1,0,0,0,tv_show,reality television,United States,English,9.0,tt10813940,75,16.0,1,GINNY & GEORGIA
182,The Spy,2019,18+,75/100,1,0,0,0,tv_show,"drama television series, film based on book",France,English,8.0,tt5952634,75,18.0,1,THE SPY
183,On My Block,2018,16+,75/100,1,0,0,0,tv_show,coming-of-age fiction,United States,"English, Spanish",7.0,tt7879820,75,16.0,1,ON MY BLOCK
184,The Movies That Made Us,2019,18+,75/100,1,0,0,0,tv_show,television documentary,United States,English,5.0,tt10681222,75,18.0,1,THE MOVIES THAT MADE US
185,Chef's Table,2015,all,75/100,1,0,0,0,tv_show,television documentary,United States,English,8.0,tt4295140,75,16.0,1,CHEF'S TABLE
186,Biohackers,2020,18+,75/100,1,0,0,0,tv_show,"techno-thriller, science fiction television program, drama film",Germany,German,7.0,tt9849210,75,18.0,1,BIOHACKERS
187,The Seven Deadly Sins,2014,16+,75/100,1,0,0,0,tv_show,reality television,United States,English,8.0/10,tt0092400,75,16.0,1,THE SEVEN DEADLY SINS
188,The Keepers,2017,16+,75/100,1,0,0,0,tv_show,reality television,United States,English,8.0,tt6792200,75,16.0,1,THE KEEPERS
189,F is for Family,2015,18+,74/100,1,0,0,0,tv_show,reality television,United States,English,8.0/10,tt0092400,74,18.0,1,F IS FOR FAMILY
190,The Midnight Gospel,2020,18+,74/100,1,0,0,0,tv_show,reality television,United States,English,8.2/10,tt0092400,74,18.0,1,THE MIDNIGHT GOSPEL
191,Ragnarok,2020,18+,74/100,1,0,1,0,tv_show,"fantasy television series, drama television series, speculative fiction","Norway, Denmark","Norwegian, Old Norse, English",9.0,tt9251798,74,18.0,1,RAGNAROK
192,Legacies,2018,16+,74/100,1,0,0,0,tv_show,"drama television series, horror television series, fantasy television series, youth series",United States,English,6.0,tt8103070,74,16.0,1,LEGACIES
193,The Order,2019,18+,74/100,1,0,0,0,tv_show,reality television,United States,English,6.8/10,tt0092400,74,18.0,1,THE ORDER
194,Disenchantment,2018,16+,74/100,1,0,0,0,tv_show,reality television,United States,English,7.2/10,tt0092400,74,16.0,1,DISENCHANTMENT
195,Dead Set,2008,18+,74/100,1,0,0,0,tv_show,zombie film,United Kingdom,English,8.0,tt1285482,74,18.0,1,DEAD SET
196,Dirty Money,2018,16+,74/100,1,0,0,0,tv_show,documentary film,United States,English,10.0,tt7889220,74,16.0,1,DIRTY MONEY
197,The Staircase,2005,16+,74/100,1,0,0,0,tv_show,reality television,United States,English,7.9/10,tt0092400,74,16.0,1,THE STAIRCASE
198,Soul Eater,2008,16+,74/100,1,1,0,0,tv_show,reality television,United States,English,7.8/10,tt0092400,74,16.0,1,SOUL EATER
199,Into the Night,2020,18+,74/100,1,0,0,0,tv_show,"post-apocalyptic television series, science fiction television program, drama television series, thriller television series",Belgium,"French, Dutch, English",6.0,tt10919486,74,18.0,1,INTO THE NIGHT
200,The Haunting of Bly Manor,2020,16+,74/100,1,0,0,0,tv_show,reality television,United States,English,7.4/10,tt0092400,74,16.0,1,THE HAUNTING OF BLY MANOR
201,Julie and the Phantoms,2020,7+,74/100,1,0,0,0,tv_show,reality television,United States,English,10.0,tt10183988,74,7.0,1,JULIE AND THE PHANTOMS
202,Leyla ile Mecnun,2011,7+,74/100,1,0,0,0,tv_show,reality television,Turkey,Turkish,10.0,tt1831164,74,7.0,1,LEYLA ILE MECNUN
203,Living with Yourself,2019,18+,74/100,1,0,0,0,tv_show,"comedy, romantic comedy, black comedy",United States,English,7.0,tt8880894,74,18.0,1,LIVING WITH YOURSELF
204,Young Royals,2021,16+,74/100,1,0,0,0,tv_show,teen drama television,Sweden,Swedish,10.0,tt14664414,74,16.0,1,YOUNG ROYALS
205,Hilda,2018,7+,74/100,1,0,0,0,tv_show,reality television,United States,English,8.6/10,tt0092400,74,7.0,1,HILDA
206,The Mechanism,2018,18+,74/100,1,0,0,0,tv_show,political drama,Brazil,Brazilian Portuguese,8.0,tt6873658,74,18.0,1,THE MECHANISM
207,ERASED,2016,16+,74/100,1,1,0,0,tv_show,"drama television series, mystery television series",Japan,Japanese,9.0,tt7573686,74,16.0,1,ERASED
208,Formula 1: Drive to Survive,2019,16+,74/100,1,0,0,0,tv_show,television documentary,United Kingdom,English,10.0,tt8289930,74,16.0,1,FORMULA 1: DRIVE TO SURVIVE
209,Don't F**k with Cats: Hunting an Internet Killer,2019,18+,74/100,1,0,0,0,tv_show,"true crime, television documentary, drama television series",United States,English,9.0,tt11318602,74,18.0,1,DON'T F**K WITH CATS: HUNTING AN INTERNET KILLER
210,Kim's Convenience,2016,16+,73/100,1,0,0,0,tv_show,sitcom,Canada,English,8.0,tt5912064,73,16.0,1,KIM'S CONVENIENCE
211,The Society,2019,18+,73/100,1,0,0,0,tv_show,"mystery television series, LGBT-related television series",United States,English,7.0,tt8778064,73,18.0,1,THE SOCIETY
212,Imposters,2017,16+,73/100,1,0,0,0,tv_show,"black comedy, LGBT-related television series",United States,English,8.0,tt5212822,73,16.0,1,IMPOSTERS
213,Frequency,2016,7+,73/100,1,0,1,0,tv_show,"drama television series, police television drama, science fiction television program",United States,English,7.4,tt5531470,73,7.0,1,FREQUENCY
214,Wentworth,2013,18+,73/100,1,0,0,0,tv_show,reality television,United States,English,8.6/10,tt0092400,73,18.0,1,WENTWORTH
215,Marvel's Iron Fist,2017,18+,73/100,1,0,0,0,tv_show,"action television series, fantasy television series, superhero television program",United States,English,8.0,tt3322310,73,18.0,1,MARVEL'S IRON FIST
216,Bleach,2004,18+,73/100,1,1,0,0,tv_show,reality television,United States,English,8.1/10,tt0092400,73,18.0,1,BLEACH
217,Quantico,2015,16+,73/100,1,0,0,0,tv_show,"thriller television series, drama television series, LGBT-related television series",United States,English,7.0,tt4428122,73,16.0,1,QUANTICO
218,Shooter,2016,16+,73/100,1,0,0,0,tv_show,reality television,United States,English,7.5/10,tt0092400,73,16.0,1,SHOOTER
219,Pokémon,1997,7+,73/100,1,1,1,0,tv_show,reality television,United States,English,7.5/10,tt0092400,73,7.0,1,POKÉMON
220,Hollywood,2020,18+,73/100,1,0,0,0,tv_show,reality television,United States,English,7.5/10,tt0092400,73,18.0,1,HOLLYWOOD
221,Madam Secretary,2014,16+,73/100,1,0,0,0,tv_show,drama television series,United States,English,9.0,tt3501074,73,16.0,1,MADAM SECRETARY
222,Last Tango in Halifax,2012,16+,73/100,1,0,0,0,tv_show,"comedy drama, LGBT-related television series",United Kingdom,English,9.0,tt2216156,73,16.0,1,LAST TANGO IN HALIFAX
223,Safe,2018,18+,73/100,1,1,0,0,tv_show,reality television,United States,English,7.3/10,tt0092400,73,18.0,1,SAFE
224,Resurrection: Ertugrul,2014,16+,73/100,1,0,0,0,tv_show,"adventure television series, historical television series",Turkey,Turkish,9.0,tt4320258,73,16.0,1,RESURRECTION: ERTUGRUL
225,Versailles,2015,18+,73/100,1,0,0,0,tv_show,reality television,United States,English,7.9/10,tt0092400,73,18.0,1,VERSAILLES
226,Sex/Life,2021,18+,73/100,1,0,0,0,tv_show,"comedy drama, television series based on a novel",United States,English,7.0,tt10839422,73,18.0,1,SEX/LIFE
227,Fullmetal Alchemist,2003,16+,73/100,1,0,0,0,tv_show,reality television,United States,English,8.5/10,tt0092400,73,16.0,1,FULLMETAL ALCHEMIST
228,Marianne,2019,18+,73/100,1,0,0,0,tv_show,horror television series,France,French,8.0,tt10875696,73,18.0,1,MARIANNE
229,Five Came Back,2017,16+,73/100,1,0,0,0,tv_show,documentary film,United States,English,9.0,tt6587094,73,16.0,1,FIVE CAME BACK
230,Miraculous: Tales of Ladybug & Cat Noir,2015,7+,73/100,1,0,0,0,tv_show,reality television,United States,English,7.7/10,tt0092400,73,7.0,1,MIRACULOUS: TALES OF LADYBUG & CAT NOIR
231,Abstract: The Art of Design,2017,16+,73/100,1,0,0,0,tv_show,"television documentary, documentary film",United States,English,10.0,tt6333098,73,16.0,1,ABSTRACT: THE ART OF DESIGN
232,Teenage Bounty Hunters,2020,18+,72/100,1,0,0,0,tv_show,drama film,United States,English,8.0,tt10584608,72,18.0,1,TEENAGE BOUNTY HUNTERS
233,Documentary Now!,2015,18+,72/100,1,0,0,0,tv_show,mockumentary,United States,English,10.0,tt4677934,72,18.0,1,DOCUMENTARY NOW!
234,Special,2019,18+,72/100,1,0,0,0,tv_show,reality television,United States,English,7.6/10,tt0092400,72,18.0,1,SPECIAL
235,JoJo's Bizarre Adventure,2012,18+,72/100,1,1,0,0,tv_show,reality television,United States,English,8.4/10,tt0092400,72,18.0,1,JOJO'S BIZARRE ADVENTURE
236,Manhunt,2017,16+,72/100,1,0,0,0,tv_show,detective fiction,United States,English,7.0,tt0052488,72,16.0,1,MANHUNT
237,Your Lie in April,2014,7+,72/100,1,1,0,0,tv_show,reality television,United States,English,8.6/10,tt0092400,72,7.0,1,YOUR LIE IN APRIL
238,Code Geass: Lelouch of the Rebellion,2006,18+,72/100,1,0,0,0,tv_show,reality television,United States,English,8.7/10,tt0092400,72,18.0,1,CODE GEASS: LELOUCH OF THE REBELLION
239,Middleditch & Schwartz,2020,18+,72/100,1,0,0,0,tv_show,reality television,United States,English,9.0,tt12027034,72,18.0,1,MIDDLEDITCH & SCHWARTZ
240,Zoo,2015,16+,72/100,1,0,0,0,tv_show,drama,Spain,Catalan,4.2,tt1149587,72,16.0,1,ZOO
241,Jupiters Legacy,2021,18+,72/100,1,0,0,0,tv_show,reality television,United States,English,6.7/10,tt0092400,72,18.0,1,JUPITERS LEGACY
242,Ratched,2020,18+,72/100,1,0,0,0,tv_show,horror television series,United States,English,6.0,tt7423538,72,18.0,1,RATCHED
243,Babylon Berlin,2017,18+,72/100,1,0,0,0,tv_show,"thriller television series, historical drama, television series based on a novel, period drama film",Germany,"German, Russian",8.4,tt4378376,72,18.0,1,BABYLON BERLIN
244,Better Than Us,2018,16+,72/100,1,0,0,0,tv_show,"science fiction television program, drama television series, dystopian television series",Russia,Russian,9.0,tt8285216,72,16.0,1,BETTER THAN US
245,Everything Sucks!,2018,16+,72/100,1,0,0,0,tv_show,"comedy drama, LGBT-related television series",United States,English,8.0,tt7078710,72,16.0,1,EVERYTHING SUCKS!
246,Evil Genius,2018,18+,72/100,1,0,0,0,tv_show,reality television,United States,English,7.5/10,tt0092400,72,18.0,1,EVIL GENIUS
247,Doctor Foster,2015,16+,72/100,1,0,0,0,tv_show,drama film,United Kingdom,English,8.0,tt4602768,72,16.0,1,DOCTOR FOSTER
248,Marcella,2016,18+,72/100,1,0,0,0,tv_show,reality television,United States,English,7.4/10,tt0092400,72,18.0,1,MARCELLA
249,Survivor,2000,7+,72/100,1,1,1,0,tv_show,reality television,United States,English,7.6,tt0239195,72,7.0,1,SURVIVOR
250,Derek,2013,7+,72/100,1,0,0,0,tv_show,reality television,United States,English,8.0/10,tt0092400,72,7.0,1,DEREK
251,Flowers,2016,16+,72/100,1,0,0,0,tv_show,reality television,United States,English,8.2/10,tt0092400,72,16.0,1,FLOWERS
252,3%,2016,18+,72/100,1,0,0,0,tv_show,"science fiction television program, dystopian television series",Brazil,Portuguese,9.0,tt4922804,72,18.0,1,3%
253,Tuca & Bertie,2019,18+,72/100,1,0,0,0,tv_show,reality television,United States,English,7.4/10,tt0092400,72,18.0,1,TUCA & BERTIE
254,Kuroko's Basketball,2012,16+,72/100,1,0,0,0,tv_show,reality television,United States,English,8.3/10,tt0092400,72,16.0,1,KUROKO'S BASKETBALL
255,Parasyte -the maxim-,2014,18+,72/100,1,1,0,0,tv_show,reality television,United States,English,8.3/10,tt0092400,72,18.0,1,PARASYTE -THE MAXIM-
256,Last Chance U,2016,16+,71/100,1,0,0,0,tv_show,"sport film, documentary film",United States,English,8.0,tt5863126,71,16.0,1,LAST CHANCE U
257,Trailer Park Boys,2001,18+,71/100,1,0,0,0,tv_show,"comedy television series, mockumentary, raunchy comedy television program",Canada,Canadian English,10.0,tt0290988,71,18.0,1,TRAILER PARK BOYS
258,Black Lightning,2018,16+,71/100,1,0,0,0,tv_show,"superhero film, LGBT-related television series",United States,English,7.0,tt6045840,71,16.0,1,BLACK LIGHTNING
259,Chicago Med,2015,16+,71/100,1,1,0,0,tv_show,medical drama,United States,English,7.0,tt4655480,71,16.0,1,CHICAGO MED
260,How to Sell Drugs Online (Fast),2019,18+,71/100,1,0,0,0,tv_show,drama film,Germany,German,8.0,tt9184994,71,18.0,1,HOW TO SELL DRUGS ONLINE (FAST)
261,Secret City,2016,18+,71/100,1,0,0,0,tv_show,"drama film, television series based on a novel, political thriller",Australia,English,7.0,tt4976512,71,18.0,1,SECRET CITY
262,Dynasty,2017,16+,71/100,1,0,0,0,tv_show,soap opera,United States,English,6.4,tt0081856,71,16.0,1,DYNASTY
263,Dracula,2020,18+,71/100,1,0,0,0,tv_show,reality television,United States,English,6.8/10,tt0092400,71,18.0,1,DRACULA
264,Delhi Crime,2019,16+,71/100,1,0,0,0,tv_show,reality television,India,English,9.0,tt9398466,71,16.0,1,DELHI CRIME
265,Space Force,2020,18+,71/100,1,0,0,0,tv_show,comedy television series,United States,English,8.0,tt9612516,71,18.0,1,SPACE FORCE
266,Pretend It's a City,2021,16+,71/100,1,0,0,0,tv_show,television documentary,United States,English,10.0,tt13660958,71,16.0,1,PRETEND IT'S A CITY
267,Masters of the Universe: Revelation,2021,7+,71/100,1,0,0,0,tv_show,reality television,United States,English,4.9/10,tt0092400,71,7.0,1,MASTERS OF THE UNIVERSE: REVELATION
268,iCarly,2007,all,71/100,1,0,0,0,tv_show,sitcom,United States,English,7.0,tt13657062,71,16.0,1,ICARLY
269,Who Killed Sara?,2021,18+,71/100,1,0,0,0,tv_show,reality television,Mexico,Spanish,7.0,tt11937816,71,18.0,1,WHO KILLED SARA?
270,Sword Art Online,2012,18+,71/100,1,1,0,0,tv_show,science fiction television program,United States,English,7.6/10,tt5936660,71,18.0,1,SWORD ART ONLINE
271,Paranormal,2020,7+,71/100,1,0,0,0,tv_show,"mystery television series, thriller television series, psychological horror, fiction",Egypt,Arabic,10.0,tt12411074,71,7.0,1,PARANORMAL
273,Frontier,2016,18+,71/100,1,0,0,0,tv_show,reality television,United States,English,7.2/10,tt0092400,71,18.0,1,FRONTIER
274,The Politician,2019,16+,71/100,1,0,0,0,tv_show,"comedy drama, musical comedy, LGBT-related television series",United States,American English,7.0,tt7971476,71,16.0,1,THE POLITICIAN
275,Raising Dion,2019,7+,71/100,1,0,0,0,tv_show,"science fiction television program, drama television series",United States,English,5.0,tt7826108,71,7.0,1,RAISING DION
276,Food Wars! Shokugeki no Soma,2015,18+,71/100,1,1,0,0,tv_show,reality television,United States,English,8.2/10,tt0092400,71,18.0,1,FOOD WARS! SHOKUGEKI NO SOMA
277,Crash Landing on You,2019,16+,71/100,1,0,0,0,tv_show,"romantic comedy, drama",South Korea,Korean,9.0,tt11178330,71,16.0,1,CRASH LANDING ON YOU
278,Seven Seconds,2018,18+,71/100,1,0,0,0,tv_show,crime,United States,English,10.0,tt6297682,71,18.0,1,SEVEN SECONDS
279,The Great British Bake Off,2010,7+,70/100,1,0,0,0,tv_show,cooking show,United Kingdom,English,9.0,tt1877368,70,7.0,1,THE GREAT BRITISH BAKE OFF
280,Wizards: Tales of Arcadia,2020,7+,70/100,1,0,0,0,tv_show,reality television,United States,English,8.2/10,tt0092400,70,7.0,1,WIZARDS: TALES OF ARCADIA
281,Conversations with a Killer: The Ted Bundy Tapes,2019,18+,70/100,1,0,0,0,tv_show,television documentary,United States,English,10.0,tt9425132,70,18.0,1,CONVERSATIONS WITH A KILLER: THE TED BUNDY TAPES
282,Lenox Hill,2020,16+,70/100,1,0,0,0,tv_show,television documentary,United States,English,10.0,tt12190580,70,16.0,1,LENOX HILL
283,Fate: The Winx Saga,2021,18+,70/100,1,0,0,0,tv_show,"teen drama television, fantasy television series","Italy, United Kingdom",English,9.0,tt8179402,70,18.0,1,FATE: THE WINX SAGA
284,The Circle,2020,18+,70/100,1,0,1,0,tv_show,reality television,United States,English,8.0,tt9581768,70,18.0,1,THE CIRCLE
285,Cheer,2020,16+,70/100,1,0,0,0,tv_show,television documentary,United States,English,8.0,tt11426660,70,16.0,1,CHEER
286,Hemlock Grove,2013,18+,70/100,1,0,0,0,tv_show,"science fiction television program, television series based on a novel, horror television series, thriller television series",United States,English,7.0,tt2309295,70,18.0,1,HEMLOCK GROVE
287,Transformers: War for Cybertron: Siege,2020,16+,70/100,1,0,0,0,tv_show,reality television,United States,English,7.4/10,tt0092400,70,16.0,1,TRANSFORMERS: WAR FOR CYBERTRON: SIEGE
288,Explained,2018,16+,70/100,1,0,0,0,tv_show,television documentary,United States,English,5.0,tt8005374,70,16.0,1,EXPLAINED
289,Messiah,2020,18+,70/100,1,0,0,0,tv_show,reality television,United States,English,7.6/10,tt0092400,70,18.0,1,MESSIAH
290,Sky Rojo,2021,18+,70/100,1,0,0,0,tv_show,"crime television series, action thriller",Spain,Spanish,8.0,tt8690776,70,18.0,1,SKY ROJO
291,Bonding,2019,18+,70/100,1,0,0,0,tv_show,"black comedy film, LGBT-related television series",United States,English,8.0,tt7718088,70,18.0,1,BONDING
292,I'm Sorry,2017,7+,70/100,1,0,0,0,tv_show,comedy television series,United States,English,7.0,tt5987254,70,7.0,1,I'M SORRY
293,Katla,2021,18+,70/100,1,0,0,0,tv_show,"Nordic noir, thriller television series",Iceland,"Icelandic, English, Swedish",8.0,tt11102190,70,18.0,1,KATLA
294,It's Okay to Not Be Okay,2020,16+,70/100,1,0,0,0,tv_show,"romance, drama film",South Korea,Korean,10.0,tt12451520,70,16.0,1,IT'S OKAY TO NOT BE OKAY
295,Forensic Files,1996,16+,70/100,1,1,1,0,tv_show,reality television,United States,English,8.0,tt11840612,70,16.0,1,FORENSIC FILES
296,Workin' Moms,2017,18+,70/100,1,0,0,0,tv_show,comedy drama,Canada,English,7.0,tt6143796,70,18.0,1,WORKIN' MOMS
297,The Toys That Made Us,2017,16+,70/100,1,0,0,0,tv_show,television documentary,United States,English,6.0,tt7053920,70,16.0,1,THE TOYS THAT MADE US
298,The Devil Next Door,2019,18+,70/100,1,0,0,0,tv_show,television documentary,United States,English,10.0,tt11165002,70,18.0,1,THE DEVIL NEXT DOOR
299,Kipo and the Age of Wonderbeasts,2020,7+,70/100,1,0,0,0,tv_show,reality television,United States,English,8.4/10,tt0092400,70,7.0,1,KIPO AND THE AGE OF WONDERBEASTS
300,"Roswell, New Mexico",2019,16+,70/100,1,0,0,0,tv_show,"drama television series, science fiction television program, television series based on a novel",United States,English,6.0,tt7588054,70,16.0,1,"ROSWELL, NEW MEXICO"
301,Night Stalker: The Hunt For a Serial Killer,2021,18+,70/100,1,0,0,0,tv_show,true crime,United States,English,9.0,tt13651632,70,18.0,1,NIGHT STALKER: THE HUNT FOR A SERIAL KILLER
302,Glitch,2015,16+,70/100,1,0,0,0,tv_show,"drama film, paranormal reality television",Australia,English,7.0,tt4192782,70,16.0,1,GLITCH
303,Great Pretender,2020,18+,69/100,1,0,0,0,tv_show,reality television,United States,English,8.0,tt0318891,69,18.0,1,GREAT PRETENDER
304,InuYasha,2000,16+,69/100,1,1,0,0,tv_show,reality television,United States,English,7.9/10,tt0092400,69,16.0,1,INUYASHA
305,In the Dark,2019,16+,69/100,1,0,0,0,tv_show,LGBT-related television series,United States,English,7.0,tt7772602,69,16.0,1,IN THE DARK
306,GHOUL,2018,18+,69/100,1,0,0,0,tv_show,reality television,United States,English,7.1/10,tt0092400,69,18.0,1,GHOUL
307,Nailed It!,2018,7+,69/100,1,0,0,0,tv_show,reality television,United States,English,8.0,tt6987788,69,7.0,1,NAILED IT!
308,Voltron: Legendary Defender,2016,7+,69/100,1,0,0,0,tv_show,reality television,United States,English,8.1/10,tt0092400,69,7.0,1,VOLTRON: LEGENDARY DEFENDER
309,Trollhunters: Tales of Arcadia,2016,7+,69/100,1,0,0,0,tv_show,reality television,United States,English,8.4/10,tt0092400,69,7.0,1,TROLLHUNTERS: TALES OF ARCADIA
310,Sweet Magnolias,2020,16+,69/100,1,0,0,0,tv_show,"drama television series, television series based on a novel",United States,English,7.0,tt9077540,69,16.0,1,SWEET MAGNOLIAS
311,Medici: Masters of Florence,2016,7+,69/100,1,0,0,0,tv_show,period drama film,"United Kingdom, Italy",English,8.0,tt5057130,69,7.0,1,MEDICI: MASTERS OF FLORENCE
312,The Innocent,2021,16+,69/100,1,0,0,0,tv_show,"television series based on a novel, thriller television series",Spain,Spanish,8.0,tt10147644,69,16.0,1,THE INNOCENT
313,Aggretsuko,2018,16+,69/100,1,0,0,0,tv_show,reality television,United States,English,8.1/10,tt0092400,69,16.0,1,AGGRETSUKO
314,Jurassic World: Camp Cretaceous,2020,7+,69/100,1,0,0,0,tv_show,reality television,United States,English,7.5/10,tt0092400,69,7.0,1,JURASSIC WORLD: CAMP CRETACEOUS
315,Rake,2010,16+,69/100,1,1,1,0,tv_show,reality television,United States,English,8.5/10,tt0092400,69,16.0,1,RAKE
316,The Serpent,2021,16+,69/100,1,0,0,0,tv_show,reality television,United States,English,7.6/10,tt0092400,69,16.0,1,THE SERPENT
317,The Gift,2019,18+,69/100,1,1,0,0,tv_show,reality television,United States,English,7.2/10,tt0092400,69,18.0,1,THE GIFT
318,Violet Evergarden,2018,16+,69/100,1,0,0,0,tv_show,reality television,United States,English,8.5/10,tt0092400,69,16.0,1,VIOLET EVERGARDEN
319,3Below: Tales of Arcadia,2018,7+,69/100,1,0,0,0,tv_show,reality television,United States,English,7.7/10,tt0092400,69,7.0,1,3BELOW: TALES OF ARCADIA
320,Jeffrey Epstein: Filthy Rich,2020,18+,69/100,1,0,0,0,tv_show,reality television,United States,English,7.1/10,tt0092400,69,18.0,1,JEFFREY EPSTEIN: FILTHY RICH
321,Dawson's Creek,1998,7+,69/100,1,1,0,0,tv_show,"youth series, drama television series, LGBT-related television series, romance television series",United States,English,6.0,tt0118300,69,7.0,1,DAWSON'S CREEK
322,Private Practice,2007,16+,69/100,1,1,0,0,tv_show,medical drama,United States,English,6.8,tt0972412,69,16.0,1,PRIVATE PRACTICE
323,Beauty and the Beast,2012,7+,69/100,1,0,0,1,tv_show,reality television,United States,English,7.0/10,tt0092400,69,7.0,1,BEAUTY AND THE BEAST
324,Daybreak,2019,18+,69/100,1,0,0,0,tv_show,reality television,United States,English,6.7/10,tt0092400,69,18.0,1,DAYBREAK
325,Easy,2016,18+,69/100,1,0,0,0,tv_show,reality television,United States,English,6.9/10,tt0092400,69,18.0,1,EASY
326,Behind Her Eyes,2021,18+,68/100,1,0,0,0,tv_show,reality television,United States,English,7.2/10,tt0092400,68,18.0,1,BEHIND HER EYES
327,Collateral,2018,18+,68/100,1,0,0,0,tv_show,reality television,United States,English,6.8/10,tt0092400,68,18.0,1,COLLATERAL
328,Knightfall,2017,16+,68/100,1,0,0,0,tv_show,"historical drama, action television series, adventure television series, drama television series","United States, Czech Republic",English,8.0,tt4555364,68,16.0,1,KNIGHTFALL
329,The Confession Killer,2019,16+,68/100,1,0,0,0,tv_show,reality television,United States,English,7.4/10,tt0092400,68,16.0,1,THE CONFESSION KILLER
330,Sophie: A Murder In West Cork,2021,18+,68/100,1,0,0,0,tv_show,reality television,Ireland,English,5.0,tt14681732,68,18.0,1,SOPHIE: A MURDER IN WEST CORK
331,Call My Agent!,2015,16+,68/100,1,0,0,0,tv_show,"comedy drama, LGBT-related television series",France,French,10.0,tt4277922,68,16.0,1,CALL MY AGENT!
332,My Little Pony: Friendship Is Magic,2010,7+,68/100,1,1,0,0,tv_show,reality television,United States,English,7.6/10,tt0092400,68,7.0,1,MY LITTLE PONY: FRIENDSHIP IS MAGIC
333,Leah Remini: Scientology and the Aftermath,2016,16+,68/100,1,1,0,0,tv_show,reality television,United States,English,8.9,tt6244192,68,16.0,1,LEAH REMINI: SCIENTOLOGY AND THE AFTERMATH
334,Containment,2016,16+,68/100,1,0,0,0,tv_show,drama television series,United States,English,9.0,tt4421578,68,16.0,1,CONTAINMENT
335,Z Nation,2014,16+,68/100,1,0,0,0,tv_show,"horror television series, drama television series, science fiction television program, action television series",United States,English,7.0,tt3843168,68,16.0,1,Z NATION
336,Emily in Paris,2020,18+,68/100,1,0,0,0,tv_show,"comedy drama, romance television series",United States,English,6.0,tt8962124,68,18.0,1,EMILY IN PARIS
337,Victorious,2010,7+,68/100,1,0,0,0,tv_show,"teen sitcom, music television",United States,English,8.0,tt1604099,68,7.0,1,VICTORIOUS
338,Scream: The TV Series,2015,16+,68/100,1,0,0,0,tv_show,"horror television series, drama television series, mystery television series, LGBT-related television series",United States,English,5.0,tt3921180,68,16.0,1,SCREAM: THE TV SERIES
339,Akame ga Kill!,2014,18+,68/100,1,1,0,0,tv_show,reality television,United States,English,7.8/10,tt0092400,68,18.0,1,AKAME GA KILL!
340,Warrior Nun,2020,18+,68/100,1,0,0,0,tv_show,"fantasy television series, teen drama television, action television series, adventure television series",United States,English,10.0,tt9059350,68,18.0,1,WARRIOR NUN
341,Bad Blood,2017,18+,68/100,1,0,0,0,tv_show,"drama film, film based on book","United States, Canada",English,10.0,tt6423364,68,18.0,1,BAD BLOOD
342,Young & Hungry,2014,16+,68/100,1,0,0,0,tv_show,"comedy film, American television sitcom, LGBT-related television series",United States,English,7.0,tt2084712,68,16.0,1,YOUNG & HUNGRY
343,Caliphate,2020,18+,68/100,1,0,0,0,tv_show,"drama television series, thriller television series",Sweden,"Swedish, Arabic",10.0,tt11398870,68,18.0,1,CALIPHATE
344,'Allo 'Allo!,1984,16+,68/100,1,0,0,0,tv_show,comedy television series,United Kingdom,English,8.4,tt0086659,68,16.0,1,'ALLO 'ALLO!
345,Good Witch,2015,7+,68/100,1,0,0,0,tv_show,"comedy drama, fantasy television series",United States,English,10.0,tt3906732,68,7.0,1,GOOD WITCH
346,Gilmore Girls: A Year in the Life,2016,16+,68/100,1,0,0,0,tv_show,comedy drama,United States,English,5.0,tt5435008,68,16.0,1,GILMORE GIRLS: A YEAR IN THE LIFE
347,Aquarius,2015,16+,68/100,1,0,0,0,tv_show,reality television,United States,English,7.1/10,tt0092400,68,16.0,1,AQUARIUS
348,Firefly Lane,2021,18+,67/100,1,0,0,0,tv_show,"television series based on a novel, drama film",United States,English,9.0,tt9012876,67,18.0,1,FIREFLY LANE
349,White Gold,2017,18+,67/100,1,0,0,0,tv_show,comedy,United Kingdom,English,8.0,tt6010920,67,18.0,1,WHITE GOLD
350,Hyperdrive,2019,7+,67/100,1,0,1,0,tv_show,reality television,United States,English,10.0,tt8911552,67,7.0,1,HYPERDRIVE
351,Reply 1988,2015,16+,67/100,1,0,0,0,tv_show,"comedy, melodrama, comedy film, drama film",South Korea,Korean,10.0,tt5182866,67,16.0,1,REPLY 1988
352,Ninjago: Masters of Spinjitzu,2012,all,67/100,1,0,1,0,tv_show,reality television,United States,English,7.2/10,tt0092400,67,16.0,1,NINJAGO: MASTERS OF SPINJITZU
353,Spotless,2015,16+,67/100,1,0,0,0,tv_show,drama,France,English,7.0,tt3834000,67,16.0,1,SPOTLESS
354,Devilman: Crybaby,2018,16+,67/100,1,0,0,0,tv_show,reality television,United States,English,7.6/10,tt0092400,67,16.0,1,DEVILMAN: CRYBABY
355,BEASTARS,2019,18+,67/100,1,0,0,0,tv_show,reality television,United States,English,7.8/10,tt0092400,67,18.0,1,BEASTARS
356,Kill la Kill,2013,18+,67/100,1,0,0,0,tv_show,reality television,United States,English,7.9/10,tt0092400,67,18.0,1,KILL LA KILL
357,Down to Earth with Zac Efron,2020,7+,67/100,1,0,0,0,tv_show,television documentary,United States,English,8.0,tt12585152,67,7.0,1,DOWN TO EARTH WITH ZAC EFRON
358,Ancient Aliens,2010,7+,67/100,1,1,1,0,tv_show,television documentary,United States,English,6.0,tt1643266,67,7.0,1,ANCIENT ALIENS
359,Slasher,2016,18+,67/100,1,0,0,0,tv_show,"thriller television series, LGBT-related television series",Canada,English,9.0,tt4667888,67,18.0,1,SLASHER
360,Ray,2021,16+,67/100,1,0,0,0,tv_show,reality television,United States,English,7.3/10,tt0092400,67,16.0,1,RAY
361,Time: The Kalief Browder Story,2017,16+,67/100,1,0,0,0,tv_show,reality television,United States,English,9.0,tt6133034,67,16.0,1,TIME: THE KALIEF BROWDER STORY
362,Away,2020,16+,67/100,1,0,0,0,tv_show,reality television,United States,English,6.6/10,tt0092400,67,16.0,1,AWAY
363,No Tomorrow,2016,7+,67/100,1,0,0,0,tv_show,science fiction film,United States,English,10.0,tt5595688,67,7.0,1,NO TOMORROW
364,Locked Up,2015,18+,67/100,1,0,0,0,tv_show,reality television,United States,English,8.2/10,tt0092400,67,18.0,1,LOCKED UP
365,The Frankenstein Chronicles,2015,16+,67/100,1,0,0,0,tv_show,science fiction television program,United Kingdom,English,6.0,tt4206804,67,16.0,1,THE FRANKENSTEIN CHRONICLES
366,The Ranch,2016,16+,67/100,1,0,0,0,tv_show,sitcom,United States,English,7.0,tt4998212,67,16.0,1,THE RANCH
367,Cursed,2020,18+,67/100,1,0,0,0,tv_show,"fantasy television series, teen drama television, television series based on a novel, adventure television series",United States,English,5.0,tt8210856,67,18.0,1,CURSED
368,Wu Assassins,2019,18+,67/100,1,0,0,0,tv_show,"action television series, fantasy television series",United States,English,8.0,tt8652642,67,18.0,1,WU ASSASSINS
369,Mr. Sunshine,2018,18+,67/100,1,0,0,0,tv_show,"action television series, drama television series, romance television series",South Korea,Korean,10.0,tt7094780,67,18.0,1,MR. SUNSHINE
370,The Unicorn,2019,7+,67/100,1,1,0,0,tv_show,sitcom,United States,English,8.0,tt10329028,67,7.0,1,THE UNICORN
371,Anohana: The Flower We Saw That Day,2011,16+,67/100,1,0,0,0,tv_show,reality television,United States,English,8.2/10,tt0092400,67,16.0,1,ANOHANA: THE FLOWER WE SAW THAT DAY
372,Alice in Borderland,2020,16+,67/100,1,0,0,0,tv_show,psychological thriller,Japan,Japanese,9.0,tt10795658,67,16.0,1,ALICE IN BORDERLAND
373,The Challenge,1998,16+,67/100,1,1,1,0,tv_show,reality television,United States,English,7.0,tt0176095,67,16.0,1,THE CHALLENGE
374,Gypsy,2017,18+,67/100,1,0,0,0,tv_show,reality television,United States,English,6.8/10,tt0092400,67,18.0,1,GYPSY
375,Fuller House,2016,7+,67/100,1,0,0,0,tv_show,American television sitcom,United States,English,6.0,tt3986586,67,7.0,1,FULLER HOUSE
376,How to Become a Tyrant,2021,16+,67/100,1,0,0,0,tv_show,"television documentary, documentary film",United States,English,7.0,tt14832996,67,16.0,1,HOW TO BECOME A TYRANT
377,Killer Inside: The Mind of Aaron Hernandez,2020,18+,67/100,1,0,0,0,tv_show,"documentary, true crime, sport film",United States,English,8.0,tt11475228,67,18.0,1,KILLER INSIDE: THE MIND OF AARON HERNANDEZ
378,RESIDENT EVIL: Infinite Darkness,2021,18+,67/100,1,0,0,0,tv_show,reality television,United States,English,5.8/10,tt0092400,67,18.0,1,RESIDENT EVIL: INFINITE DARKNESS
379,1983,2018,18+,67/100,1,0,0,0,tv_show,reality television,United States,English,6.8/10,tt0092400,67,18.0,1,1983
380,Wet Hot American Summer: First Day of Camp,2015,16+,67/100,1,0,0,0,tv_show,sitcom,United States,English,8.0,tt4341500,67,16.0,1,WET HOT AMERICAN SUMMER: FIRST DAY OF CAMP
381,The Baker and the Beauty,2020,16+,67/100,1,0,1,0,tv_show,comedy television series,United States,English,10.0,tt9164986,67,16.0,1,THE BAKER AND THE BEAUTY
382,Spinning Out,2020,18+,67/100,1,0,0,0,tv_show,teen drama television,United States,English,8.0,tt9117054,67,18.0,1,SPINNING OUT
383,Trinkets,2019,18+,67/100,1,0,0,0,tv_show,"teen drama television, LGBT-related television series, television series based on a novel",United States,English,7.0,tt9134194,67,18.0,1,TRINKETS
384,Insatiable,2018,18+,67/100,1,0,0,0,tv_show,"black comedy film, drama film",United States,English,8.0,tt6487482,67,18.0,1,INSATIABLE
385,The Chalet,2018,18+,67/100,1,0,0,0,tv_show,slasher film,France,French,7.0,tt8168678,67,18.0,1,THE CHALET
386,We Bare Bears,2015,7+,67/100,1,1,0,0,tv_show,reality television,United States,English,7.9/10,tt0092400,67,7.0,1,WE BARE BEARS
387,Gurren Lagann,2007,16+,66/100,1,0,0,0,tv_show,reality television,United States,English,8.3/10,tt0092400,66,16.0,1,GURREN LAGANN
388,Friends from College,2017,18+,66/100,1,0,0,0,tv_show,"comedy television series, LGBT-related television series",United States,English,9.0,tt5565334,66,18.0,1,FRIENDS FROM COLLEGE
389,Jericho,2006,16+,66/100,1,0,0,0,tv_show,"post-apocalyptic television series, drama television series, action television series",United States,English,9.0,tt0805663,66,16.0,1,JERICHO
390,Tidelands,2018,18+,66/100,1,0,0,0,tv_show,"romance television series, fantasy television series",Australia,English,6.8,tt6898970,66,18.0,1,TIDELANDS
391,Dear White People,2017,18+,66/100,1,1,0,0,tv_show,"satire, comedy drama, LGBT-related television series, college life television program",United States,English,8.0,tt5707802,66,18.0,1,DEAR WHITE PEOPLE
392,Dare Me,2019,18+,66/100,1,0,0,0,tv_show,television series based on a novel,United States,English,7.0,tt2983222,66,18.0,1,DARE ME
393,Ouran High School Host Club,2006,16+,66/100,1,1,0,0,tv_show,reality television,United States,English,8.2/10,tt0092400,66,16.0,1,OURAN HIGH SCHOOL HOST CLUB
394,Scooby-Doo! Mystery Incorporated,2010,7+,66/100,1,0,0,0,tv_show,reality television,United States,English,8.0/10,tt0092400,66,7.0,1,SCOOBY-DOO! MYSTERY INCORPORATED
395,The Untamed,2019,16+,66/100,1,0,0,0,tv_show,"Xianxia, fantasy television series, Chinese television drama, Danmei",People's Republic of China,Mandarin,10.0,tt10554898,66,16.0,1,THE UNTAMED
396,Stranger,2017,18+,66/100,1,0,0,0,tv_show,"science fiction television program, horror television series, drama television series, fantasy television series",United States,English,9.0,tt4574334,66,18.0,1,STRANGER
397,El Chapo,2017,18+,66/100,1,0,0,0,tv_show,"drama television series, telenarconovela",United States,Spanish,7.8,tt6692188,66,18.0,1,EL CHAPO
398,Great News,2017,7+,66/100,1,0,0,0,tv_show,sitcom,United States,English,8.0,tt4955480,66,7.0,1,GREAT NEWS
399,The Get Down,2016,16+,66/100,1,0,0,0,tv_show,"drama television series, musical",United States,English,9.0,tt4592410,66,16.0,1,THE GET DOWN
400,The Naked Director,2019,18+,66/100,1,0,0,0,tv_show,"comedy drama, television series based on a novel",Japan,Japanese,7.6,tt10477528,66,18.0,1,THE NAKED DIRECTOR
401,Rise of Empires: Ottoman,2020,18+,66/100,1,0,0,0,tv_show,drama television series,Turkey,English,8.0,tt9244578,66,18.0,1,RISE OF EMPIRES: OTTOMAN
402,Club de Cuervos,2015,18+,66/100,1,0,0,0,tv_show,comedy drama,Mexico,Spanish,10.0,tt4680240,66,18.0,1,CLUB DE CUERVOS
403,My Mister,2018,16+,66/100,1,0,0,0,tv_show,"psychological drama, tragedy",South Korea,Korean,10.0,tt7923710,66,16.0,1,MY MISTER
404,Toradora!,2008,16+,66/100,1,0,1,0,tv_show,reality television,United States,English,8.0/10,tt0092400,66,16.0,1,TORADORA!
405,The Baby-Sitters Club,2020,7+,66/100,1,0,1,0,tv_show,"teen television program, television series based on a novel, comedy drama, family television series",United States,English,8.0,tt8690518,66,7.0,1,THE BABY-SITTERS CLUB
406,Carole & Tuesday,2019,7+,66/100,1,0,0,0,tv_show,reality television,United States,English,7.9/10,tt0092400,66,7.0,1,CAROLE & TUESDAY
407,Van Helsing,2016,16+,66/100,1,0,0,0,tv_show,"drama television series, horror television series, post-apocalyptic television series, fantasy television series",United States,English,6.0,tt5197820,66,16.0,1,VAN HELSING
408,Vincenzo,2021,16+,66/100,1,0,0,0,tv_show,reality television,United States,English,8.5/10,tt0092400,66,16.0,1,VINCENZO
409,The Night Shift,2014,16+,66/100,1,0,0,0,tv_show,"LGBT-related television series, drama television series",United States,English,7.0,tt2477230,66,16.0,1,THE NIGHT SHIFT
410,"Pablo Escobar, The Drug Lord",2012,18+,66/100,1,0,0,0,tv_show,"drama television series, telenarconovela",Colombia,Spanish,8.0,tt2187850,66,18.0,1,"PABLO ESCOBAR, THE DRUG LORD"
411,No Game No Life,2014,16+,66/100,1,0,0,0,tv_show,reality television,United States,English,7.8/10,tt0092400,66,16.0,1,NO GAME NO LIFE
412,The King: Eternal Monarch,2020,16+,66/100,1,0,0,0,tv_show,"Korean drama, fantasy television series, alternate history television series, mystery television series",South Korea,Korean,8.0,tt11228748,66,16.0,1,THE KING: ETERNAL MONARCH
413,Eden,2021,7+,65/100,1,0,1,0,tv_show,reality television,United States,English,6.7/10,tt0092400,65,7.0,1,EDEN
414,Stateless,2020,16+,65/100,1,0,0,0,tv_show,"drama film, drama television series",Australia,English,8.0,tt4878488,65,16.0,1,STATELESS
415,High Score,2020,16+,65/100,1,0,0,0,tv_show,television documentary,United States,English,6.0,tt12759400,65,16.0,1,HIGH SCORE
416,Hospital Playlist,2020,16+,65/100,1,0,0,0,tv_show,"Korean drama, medical drama, comedy, comedy film",South Korea,Korean,10.0,tt11769304,65,16.0,1,HOSPITAL PLAYLIST
417,Dash & Lily,2020,7+,65/100,1,0,0,0,tv_show,"romantic comedy, television series based on a novel",United States,English,7.0,tt1758589,65,7.0,1,DASH & LILY
418,The Confession Tapes,2017,16+,65/100,1,0,0,0,tv_show,documentary film,United States,English,9.0,tt7349602,65,16.0,1,THE CONFESSION TAPES
419,Black Butler,2008,18+,65/100,1,1,0,0,tv_show,reality television,United States,English,7.8/10,tt0092400,65,18.0,1,BLACK BUTLER
420,The Rain,2018,18+,65/100,1,0,0,0,tv_show,"post-apocalyptic television series, drama television series, psychological thriller, science fiction television program","Denmark, United States","Danish, Swedish",6.0,tt6656238,65,18.0,1,THE RAIN
421,Love Is Blind,2020,18+,65/100,1,0,1,0,tv_show,"reality television, dating game show",United States,English,7.0,tt11704040,65,18.0,1,LOVE IS BLIND
422,Trial by Media,2020,16+,65/100,1,0,0,0,tv_show,true crime,United States,English,8.0,tt11963042,65,16.0,1,TRIAL BY MEDIA
423,Wormwood,2017,16+,65/100,1,0,0,0,tv_show,reality television,United States,English,7.0/10,tt0092400,65,16.0,1,WORMWOOD
424,Fear City: New York vs The Mafia,2020,18+,65/100,1,0,0,0,tv_show,reality television,United States,English,7.1/10,tt0092400,65,18.0,1,FEAR CITY: NEW YORK VS THE MAFIA
425,Sorjonen,2016,18+,65/100,1,0,0,0,tv_show,"crime television series, drama fiction, Nordic noir",Finland,Finnish,8.0,tt4937942,65,18.0,1,SORJONEN
426,Crashing,2016,16+,65/100,1,0,0,0,tv_show,LGBT-related television series,United Kingdom,English,8.0,tt5295524,65,16.0,1,CRASHING
427,Forged in Fire,2015,7+,65/100,1,1,1,0,tv_show,reality television,United States,English,9.0,tt4680444,65,7.0,1,FORGED IN FIRE
428,Baby,2018,18+,65/100,1,0,0,0,tv_show,reality television,United States,English,6.8/10,tt0092400,65,18.0,1,BABY
429,Sweet Home,2020,16+,65/100,1,0,0,0,tv_show,"survival film, thriller television series, fantasy television series",South Korea,Korean,5.0,tt11612120,65,16.0,1,SWEET HOME
430,The Disastrous Life of Saiki K.,2016,16+,65/100,1,0,0,0,tv_show,reality television,United States,English,8.3/10,tt0092400,65,16.0,1,THE DISASTROUS LIFE OF SAIKI K.
431,The Innocence Files,2020,18+,65/100,1,0,0,0,tv_show,television documentary,United States,English,10.0,tt11958922,65,18.0,1,THE INNOCENCE FILES
432,BNA,2020,16+,65/100,1,0,0,0,tv_show,reality television,United States,English,7.2/10,tt0092400,65,16.0,1,BNA
433,The Mist,2017,16+,65/100,1,0,0,0,tv_show,"science fiction television program, film based on literature, science fiction horror",United States,English,6.0,tt5639976,65,16.0,1,THE MIST
434,Halston,2021,18+,65/100,1,0,1,0,tv_show,reality television,United States,English,7.5/10,tt0092400,65,18.0,1,HALSTON
435,Shaun the Sheep,2007,all,65/100,1,0,1,0,tv_show,reality television,United States,English,8.2/10,tt0092400,65,16.0,1,SHAUN THE SHEEP
436,The Universe,2007,16+,65/100,1,0,1,0,tv_show,documentary film,United States,English,8.6,tt1051155,65,16.0,1,THE UNIVERSE
437,Self Made: Inspired by the Life of Madam C.J. Walker,2020,18+,65/100,1,0,0,0,tv_show,reality television,United States,English,7.3/10,tt0092400,65,18.0,1,SELF MADE: INSPIRED BY THE LIFE OF MADAM C.J. WALKER
438,Shtisel,2013,16+,65/100,1,0,0,0,tv_show,drama television series,Israel,Hebrew,9.0,tt3069894,65,16.0,1,SHTISEL
439,The Boss Baby: Back in Business,2018,7+,65/100,1,0,0,0,tv_show,reality television,United States,English,6.5/10,tt0092400,65,7.0,1,THE BOSS BABY: BACK IN BUSINESS
440,Puella Magi Madoka Magica,2011,16+,65/100,1,1,0,0,tv_show,reality television,United States,English,8.3/10,tt0092400,65,16.0,1,PUELLA MAGI MADOKA MAGICA
441,Masameer County,2021,16+,65/100,1,0,0,0,tv_show,reality television,United States,English,8.3/10,tt0092400,65,16.0,1,MASAMEER COUNTY
442,Sinatra: All or Nothing at All,2015,7+,65/100,1,0,0,0,tv_show,reality television,United States,English,8.0/10,tt0092400,65,7.0,1,SINATRA: ALL OR NOTHING AT ALL
443,Comedians in Cars Getting Coffee,2012,16+,65/100,1,0,0,0,tv_show,reality television,United States,English,8.1/10,tt0092400,65,16.0,1,COMEDIANS IN CARS GETTING COFFEE
444,Senora Acero,2014,16+,65/100,1,1,0,0,tv_show,LGBT-related television series,Mexico,Spanish,9.0,tt3904068,65,16.0,1,SENORA ACERO
445,Dark Tourist,2018,18+,65/100,1,0,0,0,tv_show,television documentary,United States,English,7.0,tt8725166,65,18.0,1,DARK TOURIST
446,Criminal: UK,2019,18+,65/100,1,0,0,0,tv_show,"anthology series, police procedural",United Kingdom,English,7.0,tt9348692,65,18.0,1,CRIMINAL: UK
447,Heist,2021,16+,65/100,1,0,0,0,tv_show,reality television,United States,English,6.8/10,tt0092400,65,16.0,1,HEIST
448,The Bureau of Magical Things,2018,7+,65/100,1,0,0,0,tv_show,"adventure television series, fantasy television series",Australia,English,8.0,tt7153034,65,7.0,1,THE BUREAU OF MAGICAL THINGS
449,Cleverman,2016,16+,65/100,1,0,0,0,tv_show,science fiction television program,"Australia, United States, New Zealand","English, Kumbainggar",9.0,tt4649420,65,16.0,1,CLEVERMAN
450,The Innocent Man,2018,18+,65/100,1,0,0,0,tv_show,"melodrama, romance television series",South Korea,Korean,8.0,tt2593336,65,18.0,1,THE INNOCENT MAN
451,Norsemen,2016,18+,65/100,1,0,0,0,tv_show,comedy television series,Norway,"Norwegian, English",9.0,tt5905354,65,18.0,1,NORSEMEN
452,Word of Honor,2021,16+,65/100,1,0,0,0,tv_show,reality television,People's Republic of China,Putonghua,10.0,tt12458172,65,16.0,1,WORD OF HONOR
453,Pawn Stars,2009,7+,65/100,1,1,1,0,tv_show,reality television,United States,English,8.0,tt1492088,65,7.0,1,PAWN STARS
454,Inside Bill's Brain: Decoding Bill Gates,2019,16+,65/100,1,0,0,0,tv_show,reality television,United States,English,7.9/10,tt0092400,65,16.0,1,INSIDE BILL'S BRAIN: DECODING BILL GATES
455,Damnation,2017,18+,65/100,1,0,0,0,tv_show,drama television series,United States,English,8.0,tt6106704,65,18.0,1,DAMNATION
456,From Dusk Till Dawn: The Series,2014,18+,64/100,1,0,0,0,tv_show,"anthology series, drama television series, horror television series, vampire television program",United States,English,7.0,tt3337194,64,18.0,1,FROM DUSK TILL DAWN: THE SERIES
457,Lovesick,2014,18+,64/100,1,0,0,0,tv_show,romantic comedy,United Kingdom,English,8.0,tt4051832,64,18.0,1,LOVESICK
458,Flint Town,2018,18+,64/100,1,0,0,0,tv_show,television documentary,United States,English,8.0,tt8004578,64,18.0,1,FLINT TOWN
459,Watership Down,2018,7+,64/100,1,0,0,0,tv_show,reality television,United States,English,7.2/10,tt0092400,64,7.0,1,WATERSHIP DOWN
460,Undercover,2019,18+,64/100,1,0,1,0,tv_show,drama film,Bulgaria,Bulgarian,10.0,tt1909015,64,18.0,1,UNDERCOVER
461,Rita,2012,16+,64/100,1,0,0,0,tv_show,reality television,United States,English,8.1/10,tt0092400,64,16.0,1,RITA
462,Dorohedoro,2020,18+,64/100,1,0,0,0,tv_show,reality television,United States,English,8.2/10,tt0092400,64,18.0,1,DOROHEDORO
463,Maid Sama!,2010,16+,64/100,1,1,0,0,tv_show,reality television,United States,English,8.0/10,tt0092400,64,16.0,1,MAID SAMA!
464,Mystery Science Theater 3000: The Return,2017,16+,64/100,1,0,0,0,tv_show,reality television,United States,English,8.0/10,tt0092400,64,16.0,1,MYSTERY SCIENCE THEATER 3000: THE RETURN
465,Is It Wrong to Try to Pick Up Girls in a Dungeon?,2015,16+,64/100,1,1,0,0,tv_show,reality television,United States,English,7.4/10,tt0092400,64,16.0,1,IS IT WRONG TO TRY TO PICK UP GIRLS IN A DUNGEON?
466,Surviving R. Kelly,2019,18+,64/100,1,0,0,0,tv_show,television documentary,United States,English,9.0,tt8385496,64,18.0,1,SURVIVING R. KELLY
467,Saint Seiya,1986,7+,64/100,1,0,1,0,tv_show,reality television,United States,English,8.5/10,tt0092400,64,7.0,1,SAINT SEIYA
468,Flaked,2016,18+,64/100,1,0,0,0,tv_show,comedy,United States,English,7.0,tt4973548,64,18.0,1,FLAKED
469,Fate/Zero,2011,18+,64/100,1,0,0,0,tv_show,reality television,United States,English,8.3/10,tt0092400,64,18.0,1,FATE/ZERO
470,Crazyhead,2016,16+,64/100,1,0,0,0,tv_show,comedy horror,United Kingdom,English,9.0,tt6038584,64,16.0,1,CRAZYHEAD
471,The Five,2016,7+,64/100,1,0,0,0,tv_show,"talk show, news program",United States,English,6.0,tt1981471,64,7.0,1,THE FIVE
472,Signal,2016,16+,64/100,1,0,0,0,tv_show,reality television,United States,English,8.6/10,tt0092400,64,16.0,1,SIGNAL
473,H2O: Just Add Water,2006,all,64/100,1,1,0,0,tv_show,"fantasy television series, youth series",Australia,English,8.0,tt0491603,64,16.0,1,H2O: JUST ADD WATER
474,Requiem,2018,18+,64/100,1,0,0,0,tv_show,reality television,United States,English,6.5/10,tt0092400,64,18.0,1,REQUIEM
475,The Valhalla Murders,2019,18+,64/100,1,0,0,0,tv_show,reality television,Iceland,"Icelandic, English, German",8.0,tt9100822,64,18.0,1,THE VALHALLA MURDERS
476,Cardcaptor Sakura,1998,7+,64/100,1,0,0,0,tv_show,reality television,United States,English,8.0/10,tt0092400,64,7.0,1,CARDCAPTOR SAKURA
477,Black Earth Rising,2018,16+,64/100,1,0,0,0,tv_show,drama,United Kingdom,English,7.0,tt7660730,64,16.0,1,BLACK EARTH RISING
478,W/ Bob & David,2015,18+,64/100,1,0,0,0,tv_show,comedy,United States,English,7.3,tt4574708,64,18.0,1,W/ BOB & DAVID
479,The Trials of Gabriel Fernandez,2020,18+,64/100,1,0,0,0,tv_show,reality television,United States,English,8.1/10,tt0092400,64,18.0,1,THE TRIALS OF GABRIEL FERNANDEZ
480,She's Gotta Have It,2017,18+,64/100,1,0,0,0,tv_show,LGBT-related television series,United States,English,5.0,tt3713588,64,18.0,1,SHE'S GOTTA HAVE IT
481,Save Me,2018,16+,64/100,1,0,0,0,tv_show,"thriller television series, mystery film, thriller film",South Korea,Korean,10.0,tt7020532,64,16.0,1,SAVE ME
482,Giri/Haji,2019,16+,64/100,1,0,0,0,tv_show,detective fiction,United Kingdom,English,9.0,tt8001106,64,16.0,1,GIRI/HAJI
484,The Curse of Oak Island,2014,7+,64/100,1,1,0,0,tv_show,reality television,United States,English,7.0,tt3455408,64,7.0,1,THE CURSE OF OAK ISLAND
485,Black,2017,16+,63/100,1,0,0,0,tv_show,reality television,United States,English,8.0/10,tt0092400,63,16.0,1,BLACK
486,Losers,2019,16+,63/100,1,0,0,0,tv_show,television documentary,United States,English,8.0,tt9817218,63,16.0,1,LOSERS
487,Ajin,2016,18+,63/100,1,0,0,0,tv_show,reality television,United States,English,7.6/10,tt0092400,63,18.0,1,AJIN
488,Ink Master,2012,16+,63/100,1,0,0,0,tv_show,reality television,United States,English,7.0,tt1865740,63,16.0,1,INK MASTER
489,The Innocents,2018,16+,63/100,1,0,0,0,tv_show,reality television,United States,English,6.3/10,tt0092400,63,16.0,1,THE INNOCENTS
490,Goosebumps,1995,all,63/100,1,0,0,0,tv_show,"children's television series, horror television series, anthology series",Canada,English,7.6,tt0111987,63,16.0,1,GOOSEBUMPS
491,Vampire Knight,2008,16+,63/100,1,1,0,0,tv_show,reality television,United States,English,7.4/10,tt0092400,63,16.0,1,VAMPIRE KNIGHT
492,Angel Beats!,2010,16+,63/100,1,0,0,0,tv_show,reality television,United States,English,7.7/10,tt0092400,63,16.0,1,ANGEL BEATS!
493,Green Eggs and Ham,2019,7+,63/100,1,0,0,0,tv_show,reality television,United States,English,8.2/10,tt0092400,63,7.0,1,GREEN EGGS AND HAM
494,The Hollow,2018,7+,63/100,1,0,0,0,tv_show,reality television,United States,English,7.2/10,tt0092400,63,7.0,1,THE HOLLOW
495,Dogs,2018,all,63/100,1,0,0,0,tv_show,reality television,United States,English,8.1/10,tt0092400,63,16.0,1,DOGS
496,November 13: Attack on Paris,2018,18+,63/100,1,0,0,0,tv_show,reality television,United States,English,8.3/10,tt0092400,63,18.0,1,NOVEMBER 13: ATTACK ON PARIS
497,It's Bruno!,2019,7+,63/100,1,0,0,0,tv_show,comedy drama,United States,English,7.0,tt10186846,63,7.0,1,IT'S BRUNO!
498,Wanted,2016,16+,63/100,1,0,0,0,tv_show,reality television,Australia,English,10.0,tt5193358,63,16.0,1,WANTED
499,Masum,2017,16+,63/100,1,0,0,0,tv_show,"crime television series, mystery television series",Turkey,Turkish,7.0,tt6478318,63,16.0,1,MASUM
500,Cable Girls,2017,18+,63/100,1,0,0,0,tv_show,"drama fiction, LGBT-related television series",Spain,Spanish,7.0,tt5674718,63,18.0,1,CABLE GIRLS
501,Lady Dynamite,2016,16+,63/100,1,0,0,0,tv_show,sitcom,United States,English,8.0,tt4789300,63,16.0,1,LADY DYNAMITE
502,Power Rangers,1993,7+,63/100,1,0,1,0,tv_show,tokusatsu,United States,English,10.0,tt3521854,63,7.0,1,POWER RANGERS
503,The Mire,2018,18+,63/100,1,0,0,0,tv_show,reality television,Poland,English,8.0,tt8855592,63,18.0,1,THE MIRE
504,Tabula Rasa,2017,18+,63/100,1,0,0,0,tv_show,reality television,United States,English,8.0/10,tt0092400,63,18.0,1,TABULA RASA
505,Ethos,2020,16+,63/100,1,0,0,0,tv_show,drama film,Turkey,Turkish,10.0,tt11301642,63,16.0,1,ETHOS
506,Clannad,2007,7+,63/100,1,1,0,0,tv_show,reality television,United States,English,7.9/10,tt0092400,63,7.0,1,CLANNAD
507,Ugly Delicious,2018,18+,63/100,1,0,0,0,tv_show,"documentary, cooking show",United States,English,9.0,tt7907916,63,18.0,1,UGLY DELICIOUS
508,Generation 56k,2021,16+,63/100,1,0,0,0,tv_show,romance television series,Italy,Italian,8.0,tt13524842,63,16.0,1,GENERATION 56K
509,Fate/stay night [Unlimited Blade Works],2014,18+,63/100,1,1,0,0,tv_show,reality television,United States,English,8.0/10,tt0092400,63,18.0,1,FATE/STAY NIGHT [UNLIMITED BLADE WORKS]
510,Man with a Plan,2016,7+,63/100,1,0,0,0,tv_show,sitcom,United States,English,7.0,tt5734308,63,7.0,1,MAN WITH A PLAN
511,Rilakkuma and Kaoru,2019,7+,63/100,1,0,0,0,tv_show,reality television,United States,English,8.3/10,tt0092400,63,7.0,1,RILAKKUMA AND KAORU
512,World War II In HD Colour,2009,7+,63/100,1,0,0,0,tv_show,documentary film,United Kingdom,English,10.0,tt2069688,63,7.0,1,WORLD WAR II IN HD COLOUR
513,Boys Over Flowers,2009,16+,63/100,1,1,0,0,tv_show,romantic comedy,South Korea,Korean,8.0,tt1370334,63,16.0,1,BOYS OVER FLOWERS
514,Meteor Garden,2018,16+,63/100,1,0,0,0,tv_show,"romantic comedy, Chinese television drama",People's Republic of China,Putonghua,10.0,tt8690890,63,16.0,1,METEOR GARDEN
515,"What's New, Scooby-Doo?",2002,7+,63/100,1,0,0,0,tv_show,reality television,United States,English,7.3/10,tt0092400,63,7.0,1,"WHAT'S NEW, SCOOBY-DOO?"
516,The Letdown,2017,16+,63/100,1,0,0,0,tv_show,comedy television series,Australia,English,7.0,tt7320300,63,16.0,1,THE LETDOWN
517,Sick Note,2017,18+,63/100,1,0,0,0,tv_show,comedy television series,United Kingdom,English,9.0,tt5770788,63,18.0,1,SICK NOTE
518,Big Time Rush,2009,all,63/100,1,1,1,0,tv_show,"teen sitcom, comedy television series, sitcom, musical film",United States,English,10.0,tt1131746,63,16.0,1,BIG TIME RUSH
519,Girlboss,2017,18+,63/100,1,0,0,0,tv_show,"comedy television series, film based on book",United States,English,8.0,tt5706996,63,18.0,1,GIRLBOSS
520,Quicksand,2019,18+,63/100,1,0,0,0,tv_show,"crime television series, television series based on a novel",Sweden,Swedish,9.0,tt8686106,63,18.0,1,QUICKSAND
521,Rotten,2018,18+,63/100,1,0,0,0,tv_show,reality television,United States,English,7.2/10,tt0092400,63,18.0,1,ROTTEN
522,The Irregulars,2021,18+,63/100,1,0,0,0,tv_show,"crime television series, drama television series",United Kingdom,English,7.0,tt10893694,63,18.0,1,THE IRREGULARS
523,The Mantis,2017,16+,63/100,1,0,0,0,tv_show,"crime television series, mystery television series, thriller",South Korea,Korean,10.0,tt35934396,63,16.0,1,THE MANTIS
524,College Romance,2018,18+,63/100,1,0,0,0,tv_show,reality television,India,English,8.8/10,nm8809646,63,18.0,1,COLLEGE ROMANCE
525,Elite Short Stories: Carla Samuel,2021,18+,63/100,1,0,0,0,tv_show,reality television,United States,English,7.0/10,tt0092400,63,18.0,1,ELITE SHORT STORIES: CARLA SAMUEL
526,Bard of Blood,2019,18+,63/100,1,0,0,0,tv_show,"thriller television series, television series based on a novel",India,Hindi,7.0,tt8069036,63,18.0,1,BARD OF BLOOD
527,Charmed,2018,16+,62/100,1,0,0,0,tv_show,"paranormal television program, comedy drama, fantasy television series",United States,English,6.0,tt0158552,62,16.0,1,CHARMED
528,The New Legends of Monkey,2018,7+,62/100,1,0,0,0,tv_show,"adventure television series, children's television series, comedy television series, fantasy television series",Australia,English,7.0,tt6807662,62,7.0,1,THE NEW LEGENDS OF MONKEY
529,Nevertheless,2021,16+,62/100,1,0,0,0,tv_show,"drama film, romance film",South Korea,Korean,10.0,tt14518284,62,16.0,1,NEVERTHELESS
530,"The Mind, Explained",2019,16+,62/100,1,0,0,0,tv_show,"docu-soap, television documentary",United States,English,10.0,tt10810430,62,16.0,1,"THE MIND, EXPLAINED"
531,Fast & Furious Spy Racers,2019,7+,62/100,1,0,0,0,tv_show,reality television,United States,English,5.5/10,tt0092400,62,7.0,1,FAST & FURIOUS SPY RACERS
532,Itaewon Class,2020,16+,62/100,1,0,0,0,tv_show,"drama film, romance film",South Korea,Korean,8.0,tt11239552,62,16.0,1,ITAEWON CLASS
533,Occupied,2015,16+,62/100,1,0,0,0,tv_show,political thriller,Norway,"Norwegian, English, Russian",7.0,tt4192998,62,16.0,1,OCCUPIED
534,The Magic School Bus,1994,all,62/100,1,0,0,0,tv_show,reality television,United States,English,7.8/10,tt0092400,62,16.0,1,THE MAGIC SCHOOL BUS
535,Toast of London,2013,16+,62/100,1,0,0,0,tv_show,sitcom,United Kingdom,English,10.0,tt2432604,62,16.0,1,TOAST OF LONDON
536,Patriot Act with Hasan Minhaj,2018,18+,62/100,1,0,0,0,tv_show,"variety show, comedy television series",United States,English,10.0,tt8080054,62,18.0,1,PATRIOT ACT WITH HASAN MINHAJ
537,Greatest Events of World War II in Colour,2019,16+,62/100,1,0,0,0,tv_show,reality television,United States,English,8.7/10,tt0092400,62,16.0,1,GREATEST EVENTS OF WORLD WAR II IN COLOUR
538,Offspring,2010,16+,62/100,1,0,0,0,tv_show,drama television series,Australia,English,8.0,tt1530541,62,16.0,1,OFFSPRING
539,Blown Away,2019,7+,62/100,1,0,0,0,tv_show,reality television,United States,English,7.1/10,tt0092400,62,7.0,1,BLOWN AWAY
540,60 Days In,2016,16+,62/100,1,1,1,0,tv_show,reality television,United States,English,8.0,tt5564124,62,16.0,1,60 DAYS IN
541,Trese,2021,18+,62/100,1,0,0,0,tv_show,reality television,United States,English,7.1/10,tt0092400,62,18.0,1,TRESE
542,Move to Heaven,2021,16+,62/100,1,0,0,0,tv_show,reality television,South Korea,Korean,10.0,tt11052470,62,16.0,1,MOVE TO HEAVEN
543,Hot Girls Wanted: Turned On,2017,18+,62/100,1,0,0,0,tv_show,documentary film,United States,English,6.6,tt6333104,62,18.0,1,HOT GIRLS WANTED: TURNED ON
544,The Heirs,2013,16+,62/100,1,0,0,0,tv_show,"romance television series, comedy television series, drama television series, youth series","South Korea, United States","Korean, English",8.0,tt3243098,62,16.0,1,THE HEIRS
545,The Curious Creations of Christine McConnell,2018,7+,62/100,1,0,0,0,tv_show,"cooking show, comedy television series",United States,English,9.0,tt8773080,62,7.0,1,THE CURIOUS CREATIONS OF CHRISTINE MCCONNELL
546,Alexa & Katie,2018,all,62/100,1,0,0,0,tv_show,sitcom,United States,English,8.0,tt6916746,62,16.0,1,ALEXA & KATIE
547,Sailor Moon Crystal,2014,16+,62/100,1,1,0,0,tv_show,reality television,United States,English,8.0/10,tt0092400,62,16.0,1,SAILOR MOON CRYSTAL
548,Blood of Zeus,2020,16+,62/100,1,0,0,0,tv_show,reality television,United States,English,7.5/10,tt0092400,62,16.0,1,BLOOD OF ZEUS
549,La Reina del Sur,2011,18+,62/100,1,0,0,0,tv_show,telenovela,United States,Spanish,10.0,tt1704637,62,18.0,1,LA REINA DEL SUR
550,Barbarians,2020,16+,62/100,1,0,0,0,tv_show,"historical television series, historical drama",Germany,"German, Latin",8.0,tt9184986,62,16.0,1,BARBARIANS
551,Pine Gap,2018,16+,62/100,1,0,0,0,tv_show,political thriller,Australia,English,8.0,tt7371868,62,16.0,1,PINE GAP
552,To the Lake,2019,16+,62/100,1,0,0,0,tv_show,"television series based on a novel, drama television series, horror television series, science fiction television program",Russia,Russian,8.0,tt9151230,62,16.0,1,TO THE LAKE
553,Suburra: Blood on Rome,2017,18+,62/100,1,0,0,0,tv_show,television series based on a novel,Italy,English,8.0,tt7197684,62,18.0,1,SUBURRA: BLOOD ON ROME
554,Taco Chronicles,2019,18+,62/100,1,0,0,0,tv_show,reality television,United States,English,9.0,tt10242848,62,18.0,1,TACO CHRONICLES
555,She,2020,18+,62/100,1,0,0,0,tv_show,reality television,United States,English,6.5/10,tt0092400,62,18.0,1,SHE
556,Between,2015,16+,62/100,1,0,0,0,tv_show,science fiction television program,Canada,English,4.0,tt4132692,62,16.0,1,BETWEEN
557,Velvet,2014,16+,62/100,1,0,0,0,tv_show,reality television,United States,English,8.1/10,tt0092400,62,16.0,1,VELVET
558,Bobby Kennedy for President,2018,16+,62/100,1,0,0,0,tv_show,television documentary,United States,English,6.0,tt8200004,62,16.0,1,BOBBY KENNEDY FOR PRESIDENT
559,Durarara!!,2010,16+,62/100,1,1,0,0,tv_show,reality television,United States,English,7.9/10,tt0092400,62,16.0,1,DURARARA!!
560,Yu-Gi-Oh!,1998,16+,62/100,1,1,1,0,tv_show,reality television,United States,English,7.9/10,tt0092400,62,16.0,1,YU-GI-OH!
561,Hostages,2013,16+,62/100,1,0,0,0,tv_show,drama television series,United States,English,7.0,tt2647258,62,16.0,1,HOSTAGES
562,Rhythm + Flow,2019,18+,62/100,1,0,0,0,tv_show,reality television,United States,English,7.0,tt9278032,62,18.0,1,RHYTHM + FLOW
563,Blue Exorcist,2011,16+,62/100,1,1,0,0,tv_show,reality television,United States,English,7.4/10,tt0092400,62,16.0,1,BLUE EXORCIST
564,L.A.'s Finest,2019,16+,62/100,1,0,0,0,tv_show,"police procedural, LGBT-related television series",United States,English,7.0,tt7555294,62,16.0,1,L.A.'S FINEST
565,Vagabond,2019,16+,62/100,1,0,0,0,tv_show,reality television,United States,English,8.3/10,tt0092400,62,16.0,1,VAGABOND
566,Thomas & Friends,1984,all,62/100,1,0,1,0,tv_show,reality television,United States,English,6.6/10,tt0092400,62,16.0,1,THOMAS & FRIENDS
567,The Protector,2018,18+,61/100,1,0,0,0,tv_show,"science fiction television program, fantasy television series, action thriller, television series based on a novel",Turkey,Turkish,6.4,tt7668518,61,18.0,1,THE PROTECTOR
568,Unsolved Mysteries,1987,7+,61/100,1,1,1,0,tv_show,crime television series,United States,English,8.3,tt0094574,61,7.0,1,UNSOLVED MYSTERIES
569,Too Hot to Handle,2020,18+,61/100,1,0,0,0,tv_show,"reality television, dating game show",United Kingdom,English,4.0,tt12004280,61,18.0,1,TOO HOT TO HANDLE
570,AJ and the Queen,2020,16+,61/100,1,0,0,0,tv_show,"comedy drama, LGBT-related television series",United States,English,9.0,tt8404094,61,16.0,1,AJ AND THE QUEEN
571,Are You The One?,2014,16+,61/100,1,1,0,0,tv_show,reality television,United States,English,5.0,tt3484274,61,16.0,1,ARE YOU THE ONE?
572,Little Things,2016,18+,61/100,1,0,0,0,tv_show,reality television,United States,English,8.3/10,tt0092400,61,18.0,1,LITTLE THINGS
573,Still Game,2002,16+,61/100,1,0,0,0,tv_show,sitcom,United Kingdom,English,8.9,tt0281491,61,16.0,1,STILL GAME
574,Transformers: Prime,2010,7+,61/100,1,0,0,0,tv_show,reality television,United States,English,7.9/10,tt0092400,61,7.0,1,TRANSFORMERS: PRIME
575,Henry Danger,2014,all,61/100,1,0,0,0,tv_show,"teen sitcom, American television sitcom, comedy television series, science fiction television program",United States,English,10.0,tt3596174,61,16.0,1,HENRY DANGER
576,Tidying Up with Marie Kondo,2019,7+,61/100,1,0,0,0,tv_show,reality television,United States,"English, Japanese",9.0,tt8115560,61,7.0,1,TIDYING UP WITH MARIE KONDO
577,Nightflyers,2018,18+,61/100,1,0,0,0,tv_show,"science fiction television program, space opera, horror television series, film based on literature",United States,English,4.0,tt6903284,61,18.0,1,NIGHTFLYERS
578,Love 101,2020,18+,61/100,1,0,0,0,tv_show,"comedy television series, romance television series",Turkey,Turkish,10.0,tt10516352,61,18.0,1,LOVE 101
579,Car Masters: Rust to Riches,2018,7+,61/100,1,0,0,0,tv_show,reality television,United States,English,8.0,tt8893550,61,7.0,1,CAR MASTERS: RUST TO RICHES
580,WHAT / IF,2019,18+,61/100,1,0,0,0,tv_show,thriller television series,United States,English,6.3,tt8860450,61,18.0,1,WHAT / IF
581,Total Drama Island,2007,7+,61/100,1,0,0,0,tv_show,reality television,United States,English,7.2/10,tt0092400,61,7.0,1,TOTAL DRAMA ISLAND
582,Roman Empire,2016,16+,61/100,1,0,0,0,tv_show,"drama television series, television documentary, sword-and-sandal film, biographical film",United States,English,5.0,tt6233538,61,16.0,1,ROMAN EMPIRE
583,Beyond Evil,2021,16+,61/100,1,0,0,0,tv_show,"psychological thriller, procedural",South Korea,Korean,8.0,tt13634872,61,16.0,1,BEYOND EVIL
584,Deadwind,2018,18+,61/100,1,0,0,0,tv_show,"crime television series, drama television series, Nordic noir",Finland,Finnish,7.0,tt6616260,61,18.0,1,DEADWIND
585,People Just Do Nothing,2014,18+,61/100,1,0,0,0,tv_show,"sitcom, mockumentary",United Kingdom,English,9.0,tt3762198,61,18.0,1,PEOPLE JUST DO NOTHING
586,B: The Beginning,2018,18+,61/100,1,0,0,0,tv_show,reality television,United States,English,7.2/10,tt0092400,61,18.0,1,B: THE BEGINNING
587,Somebody Feed Phil,2018,16+,61/100,1,0,0,0,tv_show,travel documentary,United States,English,10.0,tt7752034,61,16.0,1,SOMEBODY FEED PHIL
588,Girl from Nowhere,2018,18+,61/100,1,0,0,0,tv_show,"fantasy television series, thriller television series, teen drama television, paranormal television program",Thailand,"Thai, English",10.0,tt8824648,61,18.0,1,GIRL FROM NOWHERE
589,Cocaine Coast,2018,18+,61/100,1,0,0,0,tv_show,reality television,United States,English,7.9/10,tt0092400,61,18.0,1,COCAINE COAST
590,The Liberator,2020,7+,61/100,1,0,0,0,tv_show,reality television,United States,English,7.6/10,tt0092400,61,7.0,1,THE LIBERATOR
591,The Irregular at Magic High School,2014,16+,61/100,1,0,0,0,tv_show,reality television,United States,English,7.2/10,tt0092400,61,16.0,1,THE IRREGULAR AT MAGIC HIGH SCHOOL
592,Norm Macdonald Has a Show,2018,16+,61/100,1,0,0,0,tv_show,reality television,United States,English,10.0,tt8139862,61,16.0,1,NORM MACDONALD HAS A SHOW
593,Hap and Leonard,2016,18+,61/100,1,0,0,0,tv_show,"drama television series, LGBT-related television series",United States,English,9.0,tt3729898,61,18.0,1,HAP AND LEONARD
594,Dark Desire,2020,18+,61/100,1,0,0,0,tv_show,"thriller, drama film, erotic thriller",Mexico,Spanish,7.0,tt12540080,61,18.0,1,DARK DESIRE
595,Seis Manos,2019,18+,61/100,1,0,0,0,tv_show,"martial arts film, adult animation",United States,English,7.0,tt10106108,61,18.0,1,SEIS MANOS
596,Control Z,2020,18+,61/100,1,0,0,0,tv_show,fiction television program,Mexico,Spanish,7.0,tt11937662,61,18.0,1,CONTROL Z
597,Kengan Ashura,2019,16+,61/100,1,0,0,0,tv_show,reality television,United States,English,8.0/10,tt0092400,61,16.0,1,KENGAN ASHURA
598,Black Money Love,2014,16+,61/100,1,0,0,0,tv_show,"drama television series, crime television series, action television series",Turkey,Turkish,7.6,tt3565486,61,16.0,1,BLACK MONEY LOVE
599,Dave Chappelle,2017,16+,61/100,1,0,0,0,tv_show,reality television,United States,English,8.7/10,tt0092400,61,16.0,1,DAVE CHAPPELLE
600,The House of Flowers,2018,18+,61/100,1,0,0,0,tv_show,"thriller, black comedy, comedy drama, telenovela",Mexico,Spanish,8.0,tt8387348,61,18.0,1,THE HOUSE OF FLOWERS
601,Fatma,2021,16+,61/100,1,0,0,0,tv_show,psychological drama film,Turkey,Turkish,9.0,tt11961378,61,16.0,1,FATMA
602,America's Next Top Model,2003,7+,61/100,1,1,1,0,tv_show,talent show,United States,English,8.0,tt0363307,61,7.0,1,AMERICA'S NEXT TOP MODEL
603,Tribes of Europa,2021,18+,61/100,1,0,0,0,tv_show,"science fiction television program, dystopian television series, post-apocalyptic television series",Germany,"German, English",8.0,tt9184982,61,18.0,1,TRIBES OF EUROPA
604,Grand Army,2020,16+,61/100,1,0,0,0,tv_show,drama film,United States,English,9.0,tt10473150,61,16.0,1,GRAND ARMY
605,Somos.,2021,18+,61/100,1,0,0,0,tv_show,reality television,Mexico,Spanish,10.0,tt14719590,61,18.0,1,SOMOS.
606,The Great Heist,2020,18+,61/100,1,0,0,0,tv_show,reality television,United States,English,7.3/10,tt0092400,61,18.0,1,THE GREAT HEIST
607,The One,2021,18+,61/100,1,0,0,0,tv_show,reality television,United States,English,6.6/10,tt0092400,61,18.0,1,THE ONE
608,Carmen Sandiego,2019,7+,61/100,1,0,0,0,tv_show,reality television,United States,English,7.9/10,tt0092400,61,7.0,1,CARMEN SANDIEGO
609,The Chef Show,2019,18+,61/100,1,0,0,0,tv_show,reality television,United States,English,9.0,tt10359446,61,18.0,1,THE CHEF SHOW
610,Traitors,2019,18+,61/100,1,0,0,0,tv_show,"drama television series, thriller television series",United Kingdom,English,6.6,tt7371896,61,18.0,1,TRAITORS
611,Wet Hot American Summer: Ten Years Later,2017,16+,61/100,1,0,0,0,tv_show,comedy,United States,English,10.0,tt5669272,61,16.0,1,WET HOT AMERICAN SUMMER: TEN YEARS LATER
612,The Neighbor,2019,18+,60/100,1,0,0,0,tv_show,reality television,United States,English,6.6/10,tt0092400,60,18.0,1,THE NEIGHBOR
613,Salt Fat Acid Heat,2018,16+,60/100,1,0,0,0,tv_show,"film based on book, cooking show",United States,English,7.7,tt8772088,60,16.0,1,SALT FAT ACID HEAT
614,Billy on the Street,2011,16+,60/100,1,1,0,0,tv_show,"reality television series, game show, comedy television series",United States,English,10.0,tt2191991,60,16.0,1,BILLY ON THE STREET
615,October Faction,2020,18+,60/100,1,0,0,0,tv_show,"science fiction television program, fantasy television series",United States,English,5.0,tt8826128,60,18.0,1,OCTOBER FACTION
616,Start-Up,2020,16+,60/100,1,0,0,0,tv_show,"romantic comedy, comedy television series, drama television series, romance television series",South Korea,Korean,6.0,tt12867810,60,16.0,1,START-UP
617,Night on Earth,2020,7+,60/100,1,0,0,0,tv_show,documentary film,United Kingdom,English,10.0,tt11497922,60,7.0,1,NIGHT ON EARTH
618,DOTA: Dragon's Blood,2021,18+,60/100,1,0,0,0,tv_show,reality television,United States,English,8.0/10,tt0092400,60,18.0,1,DOTA: DRAGON'S BLOOD
619,The Break,2016,18+,60/100,1,0,0,0,tv_show,police procedural,Belgium,French,8.0,tt4792480,60,18.0,1,THE BREAK
620,The Letter for the King,2020,7+,60/100,1,0,0,0,tv_show,"fantasy television series, drama television series, adventure television series, family television series",United Kingdom,English,6.0,tt8741648,60,7.0,1,THE LETTER FOR THE KING
621,Osmosis,2019,16+,60/100,1,0,0,0,tv_show,"science fiction television program, LGBT-related television series",France,French,2.0,tt7043380,60,16.0,1,OSMOSIS
622,Another Life,2019,18+,60/100,1,0,0,0,tv_show,"science fiction television program, drama television series, adventure television series",United States,English,7.0,tt8369840,60,18.0,1,ANOTHER LIFE
623,Ju-On: Origins,2020,18+,60/100,1,0,0,0,tv_show,horror television series,Japan,Japanese,7.0,tt12313914,60,18.0,1,JU-ON: ORIGINS
624,Diagnosis,2019,18+,60/100,1,0,0,0,tv_show,reality television,United States,English,7.7/10,tt0092400,60,18.0,1,DIAGNOSIS
625,Zone Blanche,2017,16+,60/100,1,0,0,0,tv_show,thriller television series,France,English,7.0,tt6519410,60,16.0,1,ZONE BLANCHE
626,The Eddy,2020,18+,60/100,1,0,0,0,tv_show,musical film,"United States, United Kingdom, Germany",English,8.0,tt7322210,60,18.0,1,THE EDDY
627,Magi,2012,16+,60/100,1,1,0,0,tv_show,reality television,United States,English,7.8/10,tt0092400,60,16.0,1,MAGI
628,Elite Short Stories: Guzmán Caye Rebe,2021,18+,60/100,1,0,0,0,tv_show,reality television,United States,English,7.5/10,tt0092400,60,18.0,1,ELITE SHORT STORIES: GUZMÁN CAYE REBE
629,Memories of the Alhambra,2018,16+,60/100,1,0,0,0,tv_show,"drama, romantic drama, science fiction film",South Korea,Korean,8.0,tt8236556,60,16.0,1,MEMORIES OF THE ALHAMBRA
630,Pacific Rim: The Black,2021,16+,60/100,1,0,0,0,tv_show,reality television,United States,English,7.1/10,tt0092400,60,16.0,1,PACIFIC RIM: THE BLACK
631,V Wars,2019,18+,60/100,1,0,0,0,tv_show,"science fiction television program, horror television series, fantasy television series, vampire television program",Canada,English,8.0,tt7403736,60,18.0,1,V WARS
632,The Windsors,2016,18+,60/100,1,0,0,0,tv_show,sitcom,United Kingdom,English,7.0,tt5692740,60,18.0,1,THE WINDSORS
633,The Sons of Sam: A Descent Into Darkness,2021,18+,60/100,1,0,0,0,tv_show,"television documentary, crime television series",United States,English,8.0,tt13156316,60,18.0,1,THE SONS OF SAM: A DESCENT INTO DARKNESS
634,Sunderland 'Til I Die,2018,18+,60/100,1,0,0,0,tv_show,television documentary,United Kingdom,English,10.0,tt8914684,60,18.0,1,SUNDERLAND 'TIL I DIE
635,Rebellion,2016,16+,60/100,1,0,0,0,tv_show,reality television,United States,English,7.2/10,tt0092400,60,16.0,1,REBELLION
636,The Pharmacist,2020,16+,60/100,1,0,0,0,tv_show,true crime,United States,English,9.0,tt11600174,60,16.0,1,THE PHARMACIST
637,The A List,2018,7+,60/100,1,0,0,0,tv_show,thriller television series,United Kingdom,English,6.0,tt9185110,60,7.0,1,THE A LIST
638,Tales of the City,2019,16+,60/100,1,0,0,0,tv_show,reality television,United States,English,7.4/10,tt0092400,60,16.0,1,TALES OF THE CITY
639,Disjointed,2017,18+,60/100,1,0,0,0,tv_show,sitcom,United States,English,8.0,tt5884792,60,18.0,1,DISJOINTED
640,Medical Police,2020,16+,60/100,1,0,0,0,tv_show,thriller television series,United States,English,7.0,tt9850952,60,16.0,1,MEDICAL POLICE
641,Gentefied,2020,16+,60/100,1,0,0,0,tv_show,reality television,United States,English,9.0,tt10037034,60,16.0,1,GENTEFIED
642,Wanderlust,2018,16+,60/100,1,0,0,0,tv_show,reality television,United States,English,7.1/10,tt0092400,60,16.0,1,WANDERLUST
643,Murder Among the Mormons,2021,16+,60/100,1,0,0,0,tv_show,documentary film,United States,English,6.0,tt13987620,60,16.0,1,MURDER AMONG THE MORMONS
644,Home for Christmas,2019,18+,60/100,1,0,0,0,tv_show,reality television,United States,English,7.7/10,tt0092400,60,18.0,1,HOME FOR CHRISTMAS
645,Paradise PD,2018,18+,60/100,1,0,0,0,tv_show,reality television,United States,English,6.9/10,tt0092400,60,18.0,1,PARADISE PD
646,The Bachelorette,2003,16+,60/100,1,1,0,0,tv_show,"dating game show, reality television",United States,English,1.0,tt0348894,60,16.0,1,THE BACHELORETTE
647,Cold Case Files,1999,18+,60/100,1,1,1,0,tv_show,television documentary,United States,English,10.0,tt0426666,60,18.0,1,COLD CASE FILES
648,Little Witch Academia,2017,7+,60/100,1,0,0,0,tv_show,reality television,United States,English,7.9/10,tt0092400,60,7.0,1,LITTLE WITCH ACADEMIA
649,El marginal,2016,18+,60/100,1,0,0,0,tv_show,reality television,Argentina,English,7.0,tt5820976,60,18.0,1,EL MARGINAL
650,Teasing Master Takagi-san,2018,7+,60/100,1,0,0,0,tv_show,reality television,Japan,Japanese,9.0,tt29307607,60,7.0,1,TEASING MASTER TAKAGI-SAN
651,Kakegurui,2017,16+,60/100,1,0,0,0,tv_show,reality television,Japan,Japanese,6.0,tt7691766,60,16.0,1,KAKEGURUI
652,Attenborough's Life in Colour,2021,7+,60/100,1,0,0,0,tv_show,reality television,United States,English,8.3/10,tt0092400,60,7.0,1,ATTENBOROUGH'S LIFE IN COLOUR
653,Mortel,2019,18+,60/100,1,0,0,0,tv_show,"science fiction television program, fantasy television series",France,French,9.0,tt8403570,60,18.0,1,MORTEL
654,Kath & Kim,2002,7+,60/100,1,0,0,0,tv_show,sitcom,Australia,English,9.0,tt0272397,60,7.0,1,KATH & KIM
655,Charité,2017,7+,59/100,1,0,0,0,tv_show,"drama television series, medical drama",Germany,German,10.0,tt5337806,59,7.0,1,CHARITÉ
656,Hoarders,2009,7+,59/100,1,1,0,0,tv_show,"reality television, television documentary",United States,English,10.0,tt1497563,59,7.0,1,HOARDERS
657,Unsolved: The Murders of Tupac and The Notorious B.I.G.,2018,18+,59/100,1,0,0,0,tv_show,reality television,United States,English,7.9/10,tt0092400,59,18.0,1,UNSOLVED: THE MURDERS OF TUPAC AND THE NOTORIOUS B.I.G.
658,My Next Guest Needs No Introduction With David Letterman,2018,18+,59/100,1,0,0,0,tv_show,talk show,United States,English,7.8,tt7829834,59,18.0,1,MY NEXT GUEST NEEDS NO INTRODUCTION WITH DAVID LETTERMAN
659,The Repair Shop,2017,16+,59/100,1,0,0,0,tv_show,"television documentary, reality television",United Kingdom,English,9.0,tt6685272,59,16.0,1,THE REPAIR SHOP
660,Record of Ragnarok,2021,18+,59/100,1,0,0,0,tv_show,reality television,United States,English,6.2/10,tt0092400,59,18.0,1,RECORD OF RAGNAROK
661,White Lines,2020,18+,59/100,1,0,0,0,tv_show,thriller television series,Spain,Spanish,7.0,tt9073958,59,18.0,1,WHITE LINES
662,A Korean Odyssey,2017,16+,59/100,1,0,0,0,tv_show,"drama television series, television series based on a novel",South Korea,Korean,9.0,tt7099334,59,16.0,1,A KOREAN ODYSSEY
663,Snabba Cash,2021,16+,59/100,1,0,0,0,tv_show,"drama television series, action television series, crime television series",Sweden,Swedish,8.0,tt10540276,59,16.0,1,SNABBA CASH
664,Luis Miguel: The Series,2018,16+,59/100,1,0,0,0,tv_show,"biography, drama television series, music television",United States,Spanish,8.0,tt8045690,59,16.0,1,LUIS MIGUEL: THE SERIES
665,Black Space,2020,16+,59/100,1,0,0,0,tv_show,"crime television series, drama television series, fiction",Israel,Hebrew,6.7,tt13660638,59,16.0,1,BLACK SPACE
666,"Love, Chunibyo & Other Delusions",2012,16+,59/100,1,0,0,0,tv_show,reality television,United States,English,7.4/10,tt0092400,59,16.0,1,"LOVE, CHUNIBYO & OTHER DELUSIONS"
667,Kabaneri of the Iron Fortress,2016,18+,59/100,1,0,0,0,tv_show,reality television,United States,English,7.2/10,tt0092400,59,18.0,1,KABANERI OF THE IRON FORTRESS
668,"Sister, Sister",1994,7+,59/100,1,1,0,0,tv_show,teen sitcom,United States,English,6.3,tt0108927,59,7.0,1,"SISTER, SISTER"
669,Greenhouse Academy,2017,7+,59/100,1,0,0,0,tv_show,science fiction television program,"United States, Israel",English,7.0,tt6076336,59,7.0,1,GREENHOUSE ACADEMY
670,Mr. Iglesias,2019,16+,59/100,1,0,0,0,tv_show,sitcom,United States,English,6.0,tt8403536,59,16.0,1,MR. IGLESIAS
671,Paranoid,2016,16+,59/100,1,0,0,0,tv_show,reality television,United States,English,6.7/10,tt0092400,59,16.0,1,PARANOID
672,Hip Hop Evolution,2016,16+,59/100,1,0,0,0,tv_show,television documentary,Canada,English,10.0,tt4130418,59,16.0,1,HIP HOP EVOLUTION
673,The Game,2006,16+,59/100,1,1,1,0,tv_show,comedy drama,United States,English,7.0,tt0772137,59,16.0,1,THE GAME
674,Love on the Spectrum,2019,all,59/100,1,0,0,0,tv_show,reality television,Australia,English,9.0,tt11904786,59,16.0,1,LOVE ON THE SPECTRUM
675,Greenleaf,2016,18+,59/100,1,0,0,0,tv_show,reality television,United States,English,7.4/10,tt0092400,59,18.0,1,GREENLEAF
676,Naomi Osaka,2021,16+,59/100,1,0,0,0,tv_show,television documentary,United States,English,10.0,tt11898920,59,16.0,1,NAOMI OSAKA
677,Oh My Ghost,2015,16+,59/100,1,0,0,0,tv_show,"comedy television series, drama television series",Thailand,Thai,1.0,tt9048794,59,16.0,1,OH MY GHOST
678,The Final Table,2018,all,59/100,1,0,0,0,tv_show,cooking show,United States,English,7.0,tt7619858,59,16.0,1,THE FINAL TABLE
679,Life Sentence,2018,16+,59/100,1,0,0,0,tv_show,comedy drama,United States,English,6.0,tt6088922,59,16.0,1,LIFE SENTENCE
680,Penguin Town,2021,16+,59/100,1,0,0,0,tv_show,"documentary film, reality television",South Africa,English,9.0,tt14677850,59,16.0,1,PENGUIN TOWN
681,Dogs of Berlin,2018,16+,59/100,1,0,0,0,tv_show,"drama television series, crime television series",Germany,German,9.0,tt6839788,59,16.0,1,DOGS OF BERLIN
682,Yasuke,2021,18+,59/100,1,0,0,0,tv_show,reality television,United States,English,6.2/10,tt0092400,59,18.0,1,YASUKE
683,Alma Matters: Inside the IIT Dream,2021,16+,59/100,1,0,0,0,tv_show,television documentary,India,Hindi,8.0,tt14512938,59,16.0,1,ALMA MATTERS: INSIDE THE IIT DREAM
684,Playing with Fire,2019,18+,59/100,1,1,0,0,tv_show,reality television,United States,English,5.9/10,tt0092400,59,18.0,1,PLAYING WITH FIRE
685,"Hello, My Twenties!",2016,16+,59/100,1,0,0,0,tv_show,drama,South Korea,English,10.0,tt5858892,59,16.0,1,"HELLO, MY TWENTIES!"
686,Sam & Cat,2013,7+,59/100,1,0,0,0,tv_show,teen sitcom,United States,English,5.7,tt2487090,59,7.0,1,SAM & CAT
687,Girls from Ipanema,2019,16+,59/100,1,0,0,0,tv_show,"romance television series, LGBT-related television series",Brazil,Brazilian Portuguese,9.0,tt8001788,59,16.0,1,GIRLS FROM IPANEMA
688,Elite Short Stories: Omar Ander Alexis,2021,18+,59/100,1,0,0,0,tv_show,reality television,United States,English,7.4/10,tt0092400,59,18.0,1,ELITE SHORT STORIES: OMAR ANDER ALEXIS
689,MEGALOBOX,2018,16+,59/100,1,1,0,0,tv_show,reality television,United States,English,7.8/10,tt0092400,59,16.0,1,MEGALOBOX
690,High on the Hog: How African American Cuisine Transformed America,2021,16+,59/100,1,0,0,0,tv_show,documentary film,United States,English,10.0,tt14540468,59,16.0,1,HIGH ON THE HOG: HOW AFRICAN AMERICAN CUISINE TRANSFORMED AMERICA
691,So Not Worth It,2021,16+,59/100,1,0,0,0,tv_show,sitcom,South Korea,Korean,10.0,tt13186480,59,16.0,1,SO NOT WORTH IT
692,K-ON!,2009,16+,59/100,1,1,0,0,tv_show,reality television,United States,English,7.7/10,tt0092400,59,16.0,1,K-ON!
693,The Family,2019,16+,59/100,1,0,0,0,tv_show,reality television,United States,English,6.4/10,tt0092400,59,16.0,1,THE FAMILY
694,Challenger: The Final Flight,2020,16+,59/100,1,0,0,0,tv_show,television documentary,United States,English,9.0,tt12930534,59,16.0,1,CHALLENGER: THE FINAL FLIGHT
695,Sexify,2021,16+,58/100,1,0,0,0,tv_show,reality television,Poland,Polish,8.0,tt14315542,58,16.0,1,SEXIFY
696,The Good Cop,2018,16+,58/100,1,0,0,0,tv_show,"police procedural, comedy television series",United States,English,7.0,tt7183074,58,16.0,1,THE GOOD COP
697,The Uncanny Counter,2020,16+,58/100,1,0,0,0,tv_show,"fantasy television series, thriller television series, action television series",South Korea,Korean,9.0,tt13273826,58,16.0,1,THE UNCANNY COUNTER
698,Law School,2021,16+,58/100,1,0,0,0,tv_show,reality television,South Korea,English,8.0,tt13885336,58,16.0,1,LAW SCHOOL
699,This is a Robbery: The World's Biggest Art Heist,2021,18+,58/100,1,0,0,0,tv_show,reality television,United States,English,6.4/10,tt0092400,58,18.0,1,THIS IS A ROBBERY: THE WORLD'S BIGGEST ART HEIST
700,The English Game,2020,16+,58/100,1,0,0,0,tv_show,"historical television series, sport film, drama television series",United Kingdom,English,10.0,tt8403664,58,16.0,1,THE ENGLISH GAME
701,Chambers,2019,16+,58/100,1,0,0,0,tv_show,reality television,United States,English,6.5/10,tt0092400,58,16.0,1,CHAMBERS
702,Selena: The Series,2020,7+,58/100,1,0,0,0,tv_show,biographical film,United States,English,5.0,tt9421868,58,7.0,1,SELENA: THE SERIES
703,BAKI,2018,18+,58/100,1,0,0,0,tv_show,reality television,United States,English,6.7/10,tt0092400,58,18.0,1,BAKI
704,Cells at Work!,2018,16+,58/100,1,0,0,0,tv_show,reality television,United States,English,7.6/10,tt0092400,58,16.0,1,CELLS AT WORK!
705,Reckoning,2019,18+,58/100,1,0,0,0,tv_show,reality television,United States,English,6.6/10,tt0092400,58,18.0,1,RECKONING
706,The Mole,2001,16+,58/100,1,0,0,0,tv_show,"reality television, game show",Belgium,English,10.0,tt0236911,58,16.0,1,THE MOLE
707,The Ripper,2020,16+,58/100,1,0,0,0,tv_show,true crime,United Kingdom,English,8.0,tt13492374,58,16.0,1,THE RIPPER
708,Queen Sono,2020,18+,58/100,1,0,0,0,tv_show,reality television,United States,English,5.9/10,tt0092400,58,18.0,1,QUEEN SONO
709,WWII in HD,2009,18+,58/100,1,0,0,0,tv_show,documentary film,United States,English,9.0,tt1489097,58,18.0,1,WWII IN HD
710,The Parisian Agency: Exclusive Properties,2021,16+,58/100,1,0,0,0,tv_show,reality television,France,French,9.0,tt14746934,58,16.0,1,THE PARISIAN AGENCY: EXCLUSIVE PROPERTIES
711,La cocinera de Castamar,2021,16+,58/100,1,0,0,0,tv_show,reality television,Spain,Spanish,6.0,tt12626014,58,16.0,1,LA COCINERA DE CASTAMAR
712,I Am a Killer,2018,18+,58/100,1,0,0,0,tv_show,television documentary,United Kingdom,English,10.0,tt8300324,58,18.0,1,I AM A KILLER
713,W1A,2014,16+,58/100,1,0,0,0,tv_show,comedy television series,United Kingdom,English,6.0,tt3610926,58,16.0,1,W1A
714,One of Us,2016,18+,58/100,1,0,0,0,tv_show,reality television,United States,English,7.0/10,tt0092400,58,18.0,1,ONE OF US
715,Cuckoo,2012,16+,58/100,1,0,0,0,tv_show,reality television,United States,English,7.2/10,tt0092400,58,16.0,1,CUCKOO
716,March Comes in Like a Lion,2016,7+,58/100,1,0,0,0,tv_show,reality television,United States,English,8.4/10,tt0092400,58,7.0,1,MARCH COMES IN LIKE A LION
717,Börü,2018,18+,58/100,1,0,0,0,tv_show,reality television,Turkey,Turkish,8.0,tt7146600,58,18.0,1,BÖRÜ
718,The Mess You Leave Behind,2020,16+,58/100,1,0,0,0,tv_show,"thriller television series, television series based on a novel",Spain,Spanish,7.0,tt9731242,58,16.0,1,THE MESS YOU LEAVE BEHIND
719,Elize Matsunaga: Once Upon a Crime,2021,18+,58/100,1,0,0,0,tv_show,reality television,United States,English,5.8/10,tt0092400,58,18.0,1,ELIZE MATSUNAGA: ONCE UPON A CRIME
720,Invisible City,2021,all,58/100,1,0,0,0,tv_show,fantasy television series,Brazil,Portuguese,8.0,tt8878862,58,16.0,1,INVISIBLE CITY
721,High Seas,2019,16+,58/100,1,0,0,0,tv_show,detective fiction,Spain,Spanish,9.0,tt8961508,58,16.0,1,HIGH SEAS
722,Man Down,2013,18+,58/100,1,0,0,0,tv_show,reality television,United States,English,7.6/10,tt0092400,58,18.0,1,MAN DOWN
723,Hitler's Circle of Evil,2017,16+,58/100,1,0,0,0,tv_show,television documentary,Germany,English,9.0,tt6600720,58,16.0,1,HITLER'S CIRCLE OF EVIL
724,Degrassi: Next Class,2016,7+,58/100,1,0,0,0,tv_show,LGBT-related television series,Canada,English,9.0,tt5320160,58,7.0,1,DEGRASSI: NEXT CLASS
725,The Forest,2017,16+,58/100,1,0,0,0,tv_show,reality television,United States,English,7.2/10,tt0092400,58,16.0,1,THE FOREST
726,The Woods,2020,18+,58/100,1,0,0,0,tv_show,reality television,United States,English,6.5/10,tt0092400,58,18.0,1,THE WOODS
727,This Is Pop,2021,16+,58/100,1,0,0,0,tv_show,reality television,United States,English,8.0,tt14155414,58,16.0,1,THIS IS POP
728,Godzilla Singular Point,2021,16+,58/100,1,0,0,0,tv_show,reality television,United States,English,6.6/10,tt0092400,58,16.0,1,GODZILLA SINGULAR POINT
729,My Babysitter's a Vampire,2011,7+,58/100,1,0,0,0,tv_show,"youth series, vampire television program, comedy horror television program",Canada,English,8.0,tt1727434,58,7.0,1,MY BABYSITTER'S A VAMPIRE
730,Mad for Each Other,2021,16+,58/100,1,0,0,0,tv_show,"comedy film, drama film, romance film",South Korea,English,9.0,tt14596414,58,16.0,1,MAD FOR EACH OTHER
731,Typewriter,2019,18+,57/100,1,0,0,0,tv_show,reality television,India,Hindi,6.0,tt9310372,57,18.0,1,TYPEWRITER
732,Sonic X,2003,16+,57/100,1,1,1,0,tv_show,reality television,United States,English,6.2/10,tt0092400,57,16.0,1,SONIC X
733,Monthly Girls' Nozaki-kun,2014,7+,57/100,1,0,0,0,tv_show,reality television,United States,English,7.6/10,tt0092400,57,7.0,1,MONTHLY GIRLS' NOZAKI-KUN
734,History of Swear Words,2021,18+,57/100,1,0,0,0,tv_show,television documentary,United States,English,4.0,tt13617060,57,18.0,1,HISTORY OF SWEAR WORDS
735,Dolly Parton's Heartstrings,2019,16+,57/100,1,0,0,0,tv_show,"anthology series, drama television series",United States,English,7.6,tt8509922,57,16.0,1,DOLLY PARTON'S HEARTSTRINGS
736,Arthdal Chronicles,2019,16+,57/100,1,0,0,0,tv_show,"sageuk, fantasy television series, alternate history television series, action television series",South Korea,Korean,10.0,tt8750956,57,16.0,1,ARTHDAL CHRONICLES
737,Last Chance U: Basketball,2021,18+,57/100,1,0,0,0,tv_show,reality television,United States,English,8.0,tt13087512,57,18.0,1,LAST CHANCE U: BASKETBALL
738,The Next Step,2013,all,57/100,1,0,0,0,tv_show,comedy drama,Canada,English,6.0,tt2374744,57,16.0,1,THE NEXT STEP
739,The Bride of the Water God,2017,16+,57/100,1,0,0,0,tv_show,reality television,United States,English,6.9/10,tt0092400,57,16.0,1,THE BRIDE OF THE WATER GOD
740,Midnight Diner: Tokyo Stories,2016,16+,57/100,1,0,0,0,tv_show,drama television series,Japan,Japanese,8.0,tt1882928,57,16.0,1,MIDNIGHT DINER: TOKYO STORIES
741,Immigration Nation,2020,16+,57/100,1,0,0,0,tv_show,television documentary,United States,English,10.0,tt12754910,57,16.0,1,IMMIGRATION NATION
742,My Unorthodox Life,2021,16+,57/100,1,0,0,0,tv_show,reality television,United States,English,4.0,tt14398500,57,16.0,1,MY UNORTHODOX LIFE
743,The Barrier,2020,16+,57/100,1,0,0,0,tv_show,"science fiction television program, drama television series",Spain,Spanish,6.0,tt9460858,57,16.0,1,THE BARRIER
744,Cannon Busters,2019,18+,57/100,1,0,0,0,tv_show,reality television,United States,English,6.8/10,tt0092400,57,18.0,1,CANNON BUSTERS
745,Something in the Rain,2018,7+,57/100,1,0,0,0,tv_show,romance television series,South Korea,Korean,7.0,tt8078816,57,7.0,1,SOMETHING IN THE RAIN
746,Haters Back Off,2016,7+,57/100,1,0,0,0,tv_show,comedy television series,United States,English,7.0,tt5467814,57,7.0,1,HATERS BACK OFF
747,Young Wallander,2020,18+,57/100,1,0,0,0,tv_show,drama,"Sweden, United Kingdom",English,8.0,tt9359220,57,18.0,1,YOUNG WALLANDER
748,Toy Boy,2019,18+,57/100,1,0,0,0,tv_show,reality television,Spain,Spanish,5.0,tt8693266,57,18.0,1,TOY BOY
749,Aunty Donna's Big Ol' House of Fun,2020,16+,57/100,1,0,0,0,tv_show,comedy television program,Australia,English,10.0,tt13316746,57,16.0,1,AUNTY DONNA'S BIG OL' HOUSE OF FUN
750,Jack Whitehall: Travels with My Father,2017,18+,57/100,1,0,0,0,tv_show,"travel documentary, comedy television series",United Kingdom,English,8.0,tt7453996,57,18.0,1,JACK WHITEHALL: TRAVELS WITH MY FATHER
751,Sofia the First,2013,all,57/100,1,0,0,0,tv_show,reality television,United States,English,6.9/10,tt0092400,57,16.0,1,SOFIA THE FIRST
752,"Money, Explained",2021,16+,57/100,1,0,0,0,tv_show,"television documentary, popular science film",United States,English,2.0,tt14492910,57,16.0,1,"MONEY, EXPLAINED"
753,The Joel McHale Show with Joel McHale,2018,18+,57/100,1,0,0,0,tv_show,talk show,United States,English,6.0,tt7895706,57,18.0,1,THE JOEL MCHALE SHOW WITH JOEL MCHALE
754,America's Book of Secrets,2012,7+,57/100,1,1,0,0,tv_show,reality television,United States,English,6.8/10,tt0092400,57,7.0,1,AMERICA'S BOOK OF SECRETS
755,The World's Most Amazing Vacation Rentals,2021,16+,57/100,1,0,0,0,tv_show,reality television,United States,English,5.0,tt14691382,57,16.0,1,THE WORLD'S MOST AMAZING VACATION RENTALS
756,Kiss Me First,2018,18+,57/100,1,0,0,0,tv_show,"drama television series, LGBT-related television series",United Kingdom,English,5.0,tt5730690,57,18.0,1,KISS ME FIRST
757,A Very Secret Service,2015,18+,57/100,1,0,0,0,tv_show,comedy television series,France,French,7.7,tt4367560,57,18.0,1,A VERY SECRET SERVICE
758,Sexy Beasts,2021,16+,57/100,1,0,0,0,tv_show,dating game show,United Kingdom,English,4.7/10,tt0092400,57,16.0,1,SEXY BEASTS
759,Scissor Seven,2018,7+,57/100,1,0,0,0,tv_show,reality television,United States,English,8.3/10,tt0092400,57,7.0,1,SCISSOR SEVEN
760,Summertime,2020,18+,57/100,1,1,0,0,tv_show,reality television,United States,English,5.5/10,tt0092400,57,18.0,1,SUMMERTIME
761,Turn Up Charlie,2019,16+,57/100,1,0,0,0,tv_show,comedy,United States,English,9.0,tt8304498,57,16.0,1,TURN UP CHARLIE
762,The K2,2016,16+,57/100,1,0,0,0,tv_show,action television series,South Korea,Korean,9.0,tt5966882,57,16.0,1,THE K2
763,The King's Avatar,2017,7+,57/100,1,0,0,0,tv_show,"Chinese television drama, drama television series, adaptation",People's Republic of China,English,6.0,tt10732794,57,7.0,1,THE KING'S AVATAR
764,Prison Playbook,2017,16+,57/100,1,0,0,0,tv_show,"black comedy, comedy television series, drama television series",South Korea,Korean,9.0,tt7622902,57,16.0,1,PRISON PLAYBOOK
765,The Twelve,2019,16+,57/100,1,0,0,0,tv_show,drama,Belgium,Dutch,7.0,tt7605396,57,16.0,1,THE TWELVE
766,Vanished 46,2016,16+,57/100,1,0,0,0,tv_show,reality television,United States,English,8.4/10,tt0092400,57,16.0,1,VANISHED 46
767,Valor,2017,16+,57/100,1,0,0,0,tv_show,reality television,United States,English,6.0/10,tt0092400,57,16.0,1,VALOR
768,Northern Rescue,2019,16+,57/100,1,0,0,0,tv_show,"drama television series, family television series",Canada,English,6.0,tt8462412,57,16.0,1,NORTHERN RESCUE
769,Equinox,2020,18+,57/100,1,0,0,0,tv_show,reality television,United States,English,6.1/10,tt0092400,57,18.0,1,EQUINOX
770,Oggy and the Cockroaches,1999,all,57/100,1,0,0,0,tv_show,reality television,United States,English,7.3/10,tt0092400,57,16.0,1,OGGY AND THE COCKROACHES
771,Code Lyoko,2003,7+,57/100,1,0,0,0,tv_show,"comedy television series, superhero television program, science fiction television program, adventure television series",France,French,1.0,tt2393384,57,7.0,1,CODE LYOKO
772,Champions,2018,16+,57/100,1,1,0,0,tv_show,reality television,United States,English,6.1/10,tt0092400,57,16.0,1,CHAMPIONS
773,Winx Club,2004,all,57/100,1,0,0,0,tv_show,reality television,United States,English,6.2/10,tt0092400,57,16.0,1,WINX CLUB
774,Dragons: Race to the Edge,2015,7+,57/100,1,0,0,0,tv_show,reality television,United States,English,8.3/10,tt0092400,57,7.0,1,DRAGONS: RACE TO THE EDGE
775,Age of Samurai: Battle for Japan,2021,16+,56/100,1,0,0,0,tv_show,television documentary,Canada,English,8.0,tt10551256,56,16.0,1,AGE OF SAMURAI: BATTLE FOR JAPAN
776,Vexed,2010,7+,56/100,1,0,0,0,tv_show,comedy drama,United Kingdom,English,7.2,tt1497609,56,7.0,1,VEXED
777,Family Business,2019,16+,56/100,1,0,0,0,tv_show,comedy television series,France,French,10.0,tt10423460,56,16.0,1,FAMILY BUSINESS
778,Strangers From Hell,2019,16+,56/100,1,0,0,0,tv_show,"thriller television series, crime film, horror film, mystery film",South Korea,Korean,8.0,tt10613844,56,16.0,1,STRANGERS FROM HELL
779,BUNK'D,2015,all,56/100,1,0,0,0,tv_show,"sitcom, children's television series",United States,English,5.0,tt4591680,56,16.0,1,BUNK'D
780,Cathedral of the Sea,2018,16+,56/100,1,0,0,0,tv_show,television series based on a novel,Spain,Spanish,9.0,tt4944694,56,16.0,1,CATHEDRAL OF THE SEA
781,Iris,2009,16+,56/100,1,0,0,0,tv_show,reality television,United States,English,7.9/10,tt0092400,56,16.0,1,IRIS
782,Man to Man,2017,16+,56/100,1,0,0,0,tv_show,"melodrama, action television series, drama television series, thriller television series",South Korea,Korean,7.3,tt6032762,56,16.0,1,MAN TO MAN
783,History 101,2020,7+,56/100,1,0,0,0,tv_show,documentary,United Kingdom,English,6.0,tt11958648,56,7.0,1,HISTORY 101
784,Cat People,2021,16+,56/100,1,0,0,0,tv_show,reality television,United States,English,6.6,tt14818454,56,16.0,1,CAT PEOPLE
785,Cinderella and Four Knights,2016,16+,56/100,1,0,0,0,tv_show,"romance television series, television series based on a novel, comedy film, romance film",South Korea,Korean,10.0,tt5764414,56,16.0,1,CINDERELLA AND FOUR KNIGHTS
786,The Big Flower Fight,2020,16+,56/100,1,0,0,0,tv_show,reality television,United Kingdom,English,7.0,tt12200714,56,16.0,1,THE BIG FLOWER FIGHT
787,Cooked,2016,7+,56/100,1,0,0,0,tv_show,television documentary,United States,English,5.0,tt5347906,56,7.0,1,COOKED
788,Monarca,2019,18+,56/100,1,0,0,0,tv_show,reality television,Mexico,Spanish,9.0,tt8655736,56,18.0,1,MONARCA
789,Indian Matchmaking,2020,16+,56/100,1,0,0,0,tv_show,documentary,"India, United Kingdom, United States",English,7.0,tt12580168,56,16.0,1,INDIAN MATCHMAKING
790,Perfume,2018,18+,56/100,1,0,0,0,tv_show,"comedy film, romance film",South Korea,Korean,8.0,tt10307796,56,18.0,1,PERFUME
791,Avlu,2018,18+,56/100,1,0,0,0,tv_show,drama film,Turkey,Turkish,8.0,tt7923832,56,18.0,1,AVLU
792,Wild District,2018,18+,56/100,1,0,0,0,tv_show,reality television,United States,English,8.3/10,tt0092400,56,18.0,1,WILD DISTRICT
793,Magic for Humans,2018,16+,56/100,1,0,0,0,tv_show,reality television,United States,English,10.0,tt8425308,56,16.0,1,MAGIC FOR HUMANS
794,50M2,2021,18+,56/100,1,0,0,0,tv_show,drama film,Turkey,Turkish,8.0,tt11617848,56,18.0,1,50M2
795,Mako Mermaids: An H2O Adventure,2013,all,56/100,1,0,0,0,tv_show,"comedy television series, romance television series, fantasy television series, adventure television series",Australia,English,7.0,tt2548214,56,16.0,1,MAKO MERMAIDS: AN H2O ADVENTURE
796,Extracurricular,2020,18+,56/100,1,0,0,0,tv_show,"crime television series, youth series, drama television series",South Korea,Korean,9.0,tt10262630,56,18.0,1,EXTRACURRICULAR
797,Tunnel,2017,16+,56/100,1,0,0,0,tv_show,reality television,United States,English,8.3/10,tt0092400,56,16.0,1,TUNNEL
798,Marseille,2016,18+,56/100,1,0,0,0,tv_show,reality television,United States,English,6.9/10,tt0092400,56,18.0,1,MARSEILLE
799,Elite Short Stories: Nadia Guzmán,2021,18+,56/100,1,0,0,0,tv_show,reality television,United States,English,6.4/10,tt0092400,56,18.0,1,ELITE SHORT STORIES: NADIA GUZMÁN
800,The World's Most Extraordinary Homes,2017,16+,56/100,1,0,0,0,tv_show,reality television,United States,English,7.6/10,tt0092400,56,16.0,1,THE WORLD'S MOST EXTRAORDINARY HOMES
801,The Rise of Phoenixes,2018,7+,56/100,1,0,0,0,tv_show,drama television series,People's Republic of China,English,10.0,tt7052634,56,7.0,1,THE RISE OF PHOENIXES
802,Wakfu,2008,7+,56/100,1,0,0,0,tv_show,reality television,United States,English,8.2/10,tt0092400,56,7.0,1,WAKFU
803,H,1998,16+,56/100,1,0,0,0,tv_show,reality television,United States,English,7.4/10,tt0092400,56,16.0,1,H
804,The War Next-door,2021,16+,56/100,1,0,0,0,tv_show,reality television,Mexico,English,1.0,tt14821886,56,16.0,1,THE WAR NEXT-DOOR
805,How to Fix a Drug Scandal,2020,18+,56/100,1,0,0,0,tv_show,reality television,United States,English,7.0/10,tt0092400,56,18.0,1,HOW TO FIX A DRUG SCANDAL
806,Betaal,2020,18+,56/100,1,0,0,0,tv_show,reality television,India,English,7.0,tt10651790,56,18.0,1,BETAAL
807,Sin Senos Sí Hay Paraíso,2016,16+,56/100,1,0,0,0,tv_show,"telenovela, police television drama",United States,Spanish,3.0,tt5676412,56,16.0,1,SIN SENOS SÍ HAY PARAÍSO
808,Japan Sinks: 2020,2020,18+,56/100,1,0,0,0,tv_show,reality television,United States,English,6.4/10,tt0092400,56,18.0,1,JAPAN SINKS: 2020
809,Run On,2020,16+,56/100,1,0,0,0,tv_show,romance film,South Korea,Korean,9.0,tt13271834,56,16.0,1,RUN ON
810,Girlfriends,2000,7+,56/100,1,0,0,0,tv_show,comedy television series,United States,English,7.4,tt0247102,56,7.0,1,GIRLFRIENDS
811,Mobile Suit Gundam: Iron-Blooded Orphans,2015,18+,56/100,1,0,0,0,tv_show,reality television,United States,English,7.9/10,tt0092400,56,18.0,1,MOBILE SUIT GUNDAM: IRON-BLOODED ORPHANS
812,Curon,2020,18+,56/100,1,0,0,0,tv_show,"speculative fiction, fantasy television series",Italy,Italian,7.0,tt10101518,56,18.0,1,CURON
813,The Method,2015,18+,56/100,1,0,0,0,tv_show,"detective television series, thriller television series, drama television series",Russia,Russian,9.0,tt5135336,56,18.0,1,THE METHOD
814,Amend: The Fight for America,2021,18+,56/100,1,0,0,0,tv_show,television documentary,United States,English,10.0,tt13973320,56,18.0,1,AMEND: THE FIGHT FOR AMERICA
815,Reply 1997,2012,16+,56/100,1,0,0,0,tv_show,"romance film, comedy film, drama film",South Korea,Korean,9.0,tt2782216,56,16.0,1,REPLY 1997
816,The Crew,2021,16+,56/100,1,0,0,0,tv_show,comedy television program,United States,English,6.0,tt10971022,56,16.0,1,THE CREW
817,Sex Explained,2020,18+,56/100,1,0,0,0,tv_show,reality television,United States,English,6.9/10,tt0092400,56,18.0,1,SEX EXPLAINED
818,Unauthorized Living,2018,18+,56/100,1,0,0,0,tv_show,"drama television series, thriller television series, telenarconovela",Spain,Spanish,7.0,tt6970700,56,18.0,1,UNAUTHORIZED LIVING
819,James Acaster: Repertoire,2018,18+,56/100,1,0,0,0,tv_show,reality television,United States,English,8.5/10,tt0092400,56,18.0,1,JAMES ACASTER: REPERTOIRE
820,Blood & Water,2020,18+,56/100,1,0,0,0,tv_show,fiction television program,South Africa,English,7.0,tt9839146,56,18.0,1,BLOOD & WATER
821,Adventures of Sonic the Hedgehog,1993,7+,55/100,1,0,0,0,tv_show,reality television,United States,English,6.2/10,tt0092400,55,7.0,1,ADVENTURES OF SONIC THE HEDGEHOG
822,Tales by Light,2015,16+,55/100,1,0,0,0,tv_show,reality television,Australia,English,10.0,tt5350276,55,16.0,1,TALES BY LIGHT
823,Tiny Pretty Things,2020,16+,55/100,1,0,0,0,tv_show,"television series based on a novel, drama film",United States,American English,7.0,tt10767748,55,16.0,1,TINY PRETTY THINGS
824,Rust Valley Restorers,2018,16+,55/100,1,0,0,0,tv_show,"television documentary, reality television",Canada,English,5.0,tt9498102,55,16.0,1,RUST VALLEY RESTORERS
825,Immortals,2018,7+,55/100,1,0,0,0,tv_show,reality television,United States,English,5.3/10,tt0092400,55,7.0,1,IMMORTALS
826,Cheese in the Trap,2016,16+,55/100,1,0,0,0,tv_show,"romance film, LGBT-related television series, college life television program",South Korea,Korean,10.0,tt4741110,55,16.0,1,CHEESE IN THE TRAP
827,Terrace House: Boys & Girls in the City,2015,7+,55/100,1,0,0,0,tv_show,reality television,Japan,Japanese,9.0,tt4790546,55,7.0,1,TERRACE HOUSE: BOYS & GIRLS IN THE CITY
828,When the Camellia Blooms,2019,16+,55/100,1,0,0,0,tv_show,romantic comedy,South Korea,Korean,7.0,tt10826064,55,16.0,1,WHEN THE CAMELLIA BLOOMS
829,My Secret Romance,2017,16+,55/100,1,0,0,0,tv_show,"romance film, comedy film, drama television series",South Korea,English,7.0,tt6300100,55,16.0,1,MY SECRET ROMANCE
830,Marlon,2017,7+,55/100,1,1,0,0,tv_show,comedy television series,United States,English,9.0,tt5720168,55,7.0,1,MARLON
831,The Bonfire of Destiny,2019,16+,55/100,1,0,0,0,tv_show,reality television,United States,English,7.7/10,tt0092400,55,16.0,1,THE BONFIRE OF DESTINY
832,100 Days My Prince,2018,16+,55/100,1,0,0,0,tv_show,"drama television series, action television series, comedy television series, cultural history",South Korea,Korean,7.0,tt8199972,55,16.0,1,100 DAYS MY PRINCE
833,Let's Eat,2013,16+,55/100,1,0,0,0,tv_show,"romance television series, comedy television series",South Korea,Korean,7.0,tt3385484,55,16.0,1,LET'S EAT
834,Kung Fu Panda: Legends of Awesomeness,2011,7+,55/100,1,0,0,0,tv_show,reality television,United States,English,6.8/10,tt0092400,55,7.0,1,KUNG FU PANDA: LEGENDS OF AWESOMENESS
835,Crime Scene: The Vanishing at the Cecil Hotel,2021,16+,55/100,1,0,0,0,tv_show,reality television,United States,English,5.9/10,tt0092400,55,16.0,1,CRIME SCENE: THE VANISHING AT THE CECIL HOTEL
836,PJ Masks,2015,all,55/100,1,0,0,1,tv_show,reality television,United States,English,5.5/10,tt0092400,55,16.0,1,PJ MASKS
837,Incomplete Life,2014,16+,55/100,1,0,0,0,tv_show,drama television series,South Korea,Korean,10.0,tt4240730,55,16.0,1,INCOMPLETE LIFE
838,Fabulous Lives of Bollywood Wives,2020,16+,55/100,1,0,0,0,tv_show,reality television,India,English,1.0,tt13452100,55,16.0,1,FABULOUS LIVES OF BOLLYWOOD WIVES
839,When Heroes Fly,2018,7+,55/100,1,0,0,0,tv_show,"drama television series, television series based on a novel",Israel,"Hebrew, Spanish",7.0,tt8220344,55,7.0,1,WHEN HEROES FLY
840,The Last O.G.,2018,7+,55/100,1,0,0,0,tv_show,sitcom,United States,English,10.0,tt5363912,55,7.0,1,THE LAST O.G.
841,Romance is a Bonus Book,2019,16+,55/100,1,0,0,0,tv_show,"romantic comedy, romance film",South Korea,Korean,10.0,tt9130542,55,16.0,1,ROMANCE IS A BONUS BOOK
842,DC Super Hero Girls,2019,7+,55/100,1,0,0,0,tv_show,reality television,United States,English,7.1/10,tt0092400,55,7.0,1,DC SUPER HERO GIRLS
843,Wheel of Fortune,1983,all,55/100,1,0,0,0,tv_show,game show,United States,English,6.7,tt0072584,55,16.0,1,WHEEL OF FORTUNE
844,Chelsea Does,2016,18+,55/100,1,0,0,0,tv_show,television documentary,United States,English,1.0,tt5275894,55,18.0,1,CHELSEA DOES
845,Girlfriends' Guide to Divorce,2014,16+,55/100,1,0,0,0,tv_show,comedy drama,United States,English,8.0,tt2817246,55,16.0,1,GIRLFRIENDS' GUIDE TO DIVORCE
846,Daniel Sloss: Live Shows,2018,18+,55/100,1,0,0,0,tv_show,reality television,United States,English,8.6/10,tt0092400,55,18.0,1,DANIEL SLOSS: LIVE SHOWS
847,Case,2015,16+,55/100,1,0,0,0,tv_show,reality television,United States,English,7.1/10,tt0092400,55,16.0,1,CASE
848,Always a Witch,2019,16+,55/100,1,0,0,0,tv_show,"fantasy television series, romantic comedy, speculative fiction, comedy television series",Colombia,Spanish,7.0,tt8001250,55,16.0,1,ALWAYS A WITCH
849,You vs. Wild,2019,16+,55/100,1,0,0,0,tv_show,"full motion video, reality television",United States,English,8.0,tt10044952,55,16.0,1,YOU VS. WILD
850,The Boulet Brothers' Dragula,2016,18+,55/100,1,0,0,0,tv_show,"LGBT-related television series, reality television series",United States,English,8.0,tt6289132,55,18.0,1,THE BOULET BROTHERS' DRAGULA
851,Lovestruck in the City,2020,16+,55/100,1,0,0,0,tv_show,"drama film, romance film",South Korea,Korean,10.0,tt13394544,55,16.0,1,LOVESTRUCK IN THE CITY
852,Navillera,2021,16+,55/100,1,0,0,0,tv_show,drama film,South Korea,Korean,10.0,tt13885302,55,16.0,1,NAVILLERA
853,Bitter Daisies,2018,18+,55/100,1,0,0,0,tv_show,thriller,Spain,Galician,8.0,tt9412454,55,18.0,1,BITTER DAISIES
854,Selection Day,2018,16+,55/100,1,0,0,0,tv_show,television series based on a novel,India,English,9.0,tt8004628,55,16.0,1,SELECTION DAY
855,"Bring It On, Ghost",2016,16+,55/100,1,0,0,0,tv_show,"horror television series, romantic comedy",South Korea,Korean,10.0,tt5768840,55,16.0,1,"BRING IT ON, GHOST"
856,The Standups,2017,16+,55/100,1,0,0,0,tv_show,comedy television series,United States,English,10.0,tt7107518,55,16.0,1,THE STANDUPS
857,(The Hook Up Plan),2018,16+,55/100,1,0,0,0,tv_show,reality television,United States,English,7.2/10,tt0092400,55,16.0,1,(THE HOOK UP PLAN)
858,Because This Is My First Life,2017,16+,55/100,1,0,0,0,tv_show,romantic comedy,South Korea,Korean,10.0,tt7278588,55,16.0,1,BECAUSE THIS IS MY FIRST LIFE
859,The Indian Detective,2017,16+,55/100,1,0,0,0,tv_show,comedy drama,Canada,English,7.0,tt5797220,55,16.0,1,THE INDIAN DETECTIVE
860,Medal of Honor,2018,16+,55/100,1,0,1,0,tv_show,reality television,United States,English,8.4/10,tt0092400,55,16.0,1,MEDAL OF HONOR
861,Heaven Official's Blessing,2020,16+,55/100,1,0,0,0,tv_show,reality television,United States,English,8.4/10,tt0092400,55,16.0,1,HEAVEN OFFICIAL'S BLESSING
862,Who Killed Little Gregory?,2019,16+,55/100,1,0,0,0,tv_show,reality television,United States,English,7.4/10,tt0092400,55,16.0,1,WHO KILLED LITTLE GREGORY?
863,"Coronavirus, Explained",2020,7+,55/100,1,0,0,0,tv_show,television documentary,United States,English,7.0,tt12189310,55,7.0,1,"CORONAVIRUS, EXPLAINED"
864,Teen Mom 2,2011,7+,55/100,1,0,1,0,tv_show,reality television,United States,English,7.0,tt1821220,55,7.0,1,TEEN MOM 2
865,Vientos de agua,2006,16+,55/100,1,0,0,0,tv_show,drama television series,"Argentina, Spain",Spanish,10.0,tt0459724,55,16.0,1,VIENTOS DE AGUA
866,Kantaro: The Sweet Tooth Salaryman,2017,7+,55/100,1,0,0,0,tv_show,reality television,Japan,Japanese,10.0,tt6983520,55,7.0,1,KANTARO: THE SWEET TOOTH SALARYMAN
867,Al Hayba,2017,7+,55/100,1,0,0,0,tv_show,reality television,"Lebanon, Syria",English,10.0,tt7035576,55,7.0,1,AL HAYBA
868,Somewhere Between,2017,16+,55/100,1,0,0,0,tv_show,thriller television series,United States,English,5.0,tt6467294,55,16.0,1,SOMEWHERE BETWEEN
869,Selling Sunset,2019,18+,55/100,1,0,0,0,tv_show,reality television series,United States,English,5.0,tt9817298,55,18.0,1,SELLING SUNSET
870,Trailer Park Boys: The Animated Series,2019,18+,55/100,1,0,0,0,tv_show,reality television,United States,English,7.5/10,tt0092400,55,18.0,1,TRAILER PARK BOYS: THE ANIMATED SERIES
871,Ultraviolet,2017,18+,55/100,1,1,0,0,tv_show,crime television series,Poland,Polish,9.0,tt7514746,55,18.0,1,ULTRAVIOLET
872,Ultraman,2019,16+,54/100,1,0,0,0,tv_show,"tokusatsu, Japanese television drama",Japan,Japanese,10.0,tt0060038,54,16.0,1,ULTRAMAN
873,No Good Nick,2019,7+,54/100,1,0,0,0,tv_show,comedy television series,United States,English,9.0,tt9039142,54,7.0,1,NO GOOD NICK
874,Intersection,2016,16+,54/100,1,0,1,0,tv_show,"drama television series, thriller television series, psychological thriller, romance television series","United Arab Emirates, United States","Arabic, English, Spanish",10.0,tt11703922,54,16.0,1,INTERSECTION
875,Daughter From Another Mother,2021,18+,54/100,1,0,0,0,tv_show,"drama film, comedy",Mexico,Mexican Spanish,10.0,tt11937732,54,18.0,1,DAUGHTER FROM ANOTHER MOTHER
876,Tiny House Nation,2014,7+,54/100,1,0,0,0,tv_show,reality television,United States,English,10.0,tt3869500,54,7.0,1,TINY HOUSE NATION
877,High-Rise Invasion,2021,18+,54/100,1,0,0,0,tv_show,reality television,United States,English,6.7/10,tt0092400,54,18.0,1,HIGH-RISE INVASION
878,Mystic Pop-up Bar,2020,16+,54/100,1,0,0,0,tv_show,fantasy television series,South Korea,Korean,7.0,tt12246190,54,16.0,1,MYSTIC POP-UP BAR
879,The Inmate,2018,16+,54/100,1,0,0,0,tv_show,reality television,United States,English,7.0/10,tt0092400,54,16.0,1,THE INMATE
880,Glow Up: Britain's Next Make-Up Star,2019,16+,54/100,1,0,0,0,tv_show,reality television,United Kingdom,English,6.0,tt9680524,54,16.0,1,GLOW UP: BRITAIN'S NEXT MAKE-UP STAR
881,Falsa Identidad,2018,16+,54/100,1,0,0,0,tv_show,telenovela,United States,Spanish,10.0,tt8598690,54,16.0,1,FALSA IDENTIDAD
882,A Perfect Crime,2020,16+,54/100,1,0,0,0,tv_show,reality television,United States,English,7.3/10,tt0092400,54,16.0,1,A PERFECT CRIME
883,Alien Worlds,2020,7+,54/100,1,0,0,0,tv_show,"nature documentary, science fiction television program, television documentary, docufiction",United Kingdom,English,6.0,tt13464340,54,7.0,1,ALIEN WORLDS
884,Barbie: Life in the Dreamhouse,2012,all,54/100,1,0,0,0,tv_show,reality television,United States,English,7.4/10,tt0092400,54,16.0,1,BARBIE: LIFE IN THE DREAMHOUSE
885,Freud,2020,18+,54/100,1,0,0,0,tv_show,reality television,United States,English,6.5/10,tt0092400,54,18.0,1,FREUD
886,Carmel: Who Killed Maria Marta?,2020,16+,54/100,1,0,0,0,tv_show,reality television,United States,English,7.1/10,tt0092400,54,16.0,1,CARMEL: WHO KILLED MARIA MARTA?
887,Get Even,2020,16+,54/100,1,0,0,0,tv_show,"thriller television series, teen drama television, television series based on a novel",United Kingdom,English,8.0,tt9724628,54,16.0,1,GET EVEN
888,God Eater,2015,16+,54/100,1,0,0,0,tv_show,reality television,United States,English,7.0/10,tt0092400,54,16.0,1,GOD EATER
889,El Dragón: Return of a Warrior,2019,18+,54/100,1,0,0,0,tv_show,"telenovela, police television drama",Mexico,Spanish,10.0,tt9281190,54,18.0,1,EL DRAGÓN: RETURN OF A WARRIOR
890,Netflix Presents: The Characters,2016,18+,54/100,1,0,0,0,tv_show,reality television,United States,English,4.0,tt5228026,54,18.0,1,NETFLIX PRESENTS: THE CHARACTERS
891,Jamtara - Sabka Number Ayega,2020,16+,54/100,1,0,0,0,tv_show,reality television,United States,English,7.3/10,tt0092400,54,16.0,1,JAMTARA - SABKA NUMBER AYEGA
892,Vampires,2020,18+,54/100,1,0,0,0,tv_show,"fantasy television series, vampire television program",France,French,10.0,tt11829316,54,18.0,1,VAMPIRES
893,Zindagi inShort,2021,16+,54/100,1,0,0,0,tv_show,reality television,United States,English,7.2/10,tt0092400,54,16.0,1,ZINDAGI INSHORT
894,#blackAF,2020,18+,54/100,1,0,0,0,tv_show,sitcom,United States,English,5.0,tt10311562,54,18.0,1,#BLACKAF
895,Ever After High,2013,all,54/100,1,0,0,0,tv_show,reality television,United States,English,8.0/10,tt0092400,54,16.0,1,EVER AFTER HIGH
896,Sirius the Jaeger,2018,16+,54/100,1,0,0,0,tv_show,reality television,United States,English,6.8/10,tt0092400,54,16.0,1,SIRIUS THE JAEGER
897,Eternal Love,2017,7+,54/100,1,0,0,0,tv_show,reality television,People's Republic of China,Putonghua,10.0,tt6772360,54,7.0,1,ETERNAL LOVE
898,Murder Mountain,2018,16+,54/100,1,0,0,0,tv_show,television documentary,United States,English,8.0,tt9078908,54,16.0,1,MURDER MOUNTAIN
899,EastSiders,2012,16+,54/100,1,0,0,0,tv_show,LGBT-related television series,United States,English,4.0,tt2558816,54,16.0,1,EASTSIDERS
900,Dope,2017,16+,54/100,1,0,0,0,tv_show,reality television,United States,English,7.3/10,tt0092400,54,16.0,1,DOPE
901,Troy: Fall of a City,2018,18+,54/100,1,0,0,0,tv_show,historical television series,United Kingdom,English,2.0,tt5103758,54,18.0,1,TROY: FALL OF A CITY
902,Surviving Escobar - Alias JJ,2017,18+,54/100,1,0,0,0,tv_show,reality television,United States,English,7.9/10,tt0092400,54,18.0,1,SURVIVING ESCOBAR - ALIAS JJ
903,Transfers,2017,16+,54/100,1,0,0,0,tv_show,reality television,France,English,7.0,tt6531888,54,16.0,1,TRANSFERS
904,Unnatural Selection,2019,16+,54/100,1,0,0,0,tv_show,reality television,United States,English,8.0/10,tt0092400,54,16.0,1,UNNATURAL SELECTION
905,Skylines,2019,16+,54/100,1,0,0,0,tv_show,drama film,Germany,German,8.0,tt9184970,54,16.0,1,SKYLINES
906,The Last Czars,2019,16+,54/100,1,0,0,0,tv_show,docudrama,United States,English,7.3,tt7949606,54,16.0,1,THE LAST CZARS
907,High Score Girl,2018,7+,54/100,1,0,0,0,tv_show,reality television,United States,English,8.0/10,tt0092400,54,7.0,1,HIGH SCORE GIRL
908,Human: The World Within,2021,16+,54/100,1,0,0,0,tv_show,television documentary,United States,English,10.0,tt14574154,54,16.0,1,HUMAN: THE WORLD WITHIN
909,Unit 42,2017,7+,54/100,1,0,0,0,tv_show,police procedural,Belgium,French,10.0,tt6136644,54,7.0,1,UNIT 42
910,The Velvet Collection,2017,16+,54/100,1,0,0,0,tv_show,romance film,Spain,Spanish,7.0,tt6762348,54,16.0,1,THE VELVET COLLECTION
911,One on One,2001,16+,54/100,1,0,1,0,tv_show,teen sitcom,United States,English,7.2,tt0284770,54,16.0,1,ONE ON ONE
912,Monty Python: Almost the Truth (The Lawyer's Cut),2009,7+,54/100,1,0,0,0,tv_show,reality television,United States,English,8.1/10,tt0092400,54,7.0,1,MONTY PYTHON: ALMOST THE TRUTH (THE LAWYER'S CUT)
913,Nicky Jam: El Ganador,2018,16+,54/100,1,0,0,0,tv_show,reality television,United States,Spanish,9.0,tt7949200,54,16.0,1,NICKY JAM: EL GANADOR
914,Someone Has to Die,2020,16+,54/100,1,0,0,0,tv_show,reality television,Spain,Spanish,5.0,tt10311932,54,16.0,1,SOMEONE HAS TO DIE
915,Voice,2017,16+,54/100,1,0,0,0,tv_show,reality television,United States,English,7.7/10,tt0092400,54,16.0,1,VOICE
916,La Révolution,2020,16+,54/100,1,0,0,0,tv_show,"alternate history television series, political drama, horror television series, adventure television series",France,French,6.0,tt13044528,54,16.0,1,LA RÉVOLUTION
917,Queer Eye: We're in Japan!,2019,16+,54/100,1,0,0,0,tv_show,reality television series,United States,"English, Japanese",10.0,tt10971532,54,16.0,1,QUEER EYE: WE'RE IN JAPAN!
918,Danger Mouse,1981,7+,54/100,1,0,0,0,tv_show,reality television,United States,English,7.4/10,tt0092400,54,7.0,1,DANGER MOUSE
919,Paava Kadhaigal,2020,16+,54/100,1,0,0,0,tv_show,reality television,United States,English,8.1/10,tt0092400,54,16.0,1,PAAVA KADHAIGAL
920,Man Like Mobeen,2017,18+,53/100,1,0,0,0,tv_show,sitcom,United Kingdom,English,10.0,tt7639280,53,18.0,1,MAN LIKE MOBEEN
921,Sisyphus,2021,16+,53/100,1,0,0,0,tv_show,reality television,United States,English,7.1/10,tt0092400,53,16.0,1,SISYPHUS
922,MINE,2021,16+,53/100,1,0,0,0,tv_show,reality television,United States,English,7.8/10,tt0092400,53,16.0,1,MINE
923,X-Men,2011,16+,53/100,1,0,0,1,tv_show,reality television,United States,English,6.9/10,tt0092400,53,16.0,1,X-MEN
924,The Minions of Midas,2020,16+,53/100,1,0,0,0,tv_show,reality television,United States,English,6.6/10,tt0092400,53,16.0,1,THE MINIONS OF MIDAS
925,7SEEDS,2019,18+,53/100,1,0,0,0,tv_show,reality television,United States,English,6.4/10,tt0092400,53,18.0,1,7SEEDS
926,Ultimate Beastmaster,2017,all,53/100,1,0,0,0,tv_show,reality television,United States,English,7.0,tt5607970,53,16.0,1,ULTIMATE BEASTMASTER
927,Trigger Warning with Killer Mike,2019,16+,53/100,1,0,0,0,tv_show,"comedy television program, television documentary",United States,English,9.0,tt9426194,53,16.0,1,TRIGGER WARNING WITH KILLER MIKE
928,The Queen of Flow,2018,18+,53/100,1,0,0,0,tv_show,telenovela,Colombia,Spanish,8.0,tt8560918,53,18.0,1,THE QUEEN OF FLOW
929,The Upshaws,2021,16+,53/100,1,0,0,0,tv_show,sitcom,United States,English,7.0,tt10945036,53,16.0,1,THE UPSHAWS
930,Huge in France,2019,16+,53/100,1,0,0,0,tv_show,sitcom,United States,English,7.0,tt8009602,53,16.0,1,HUGE IN FRANCE
931,Good Morning Call,2016,all,53/100,1,0,0,0,tv_show,"comedy television program, romance television series",Japan,Japanese,10.0,tt5520732,53,16.0,1,GOOD MORNING CALL
932,Reality Z,2020,18+,53/100,1,0,0,0,tv_show,comedy horror,Brazil,English,7.0,tt10241238,53,18.0,1,REALITY Z
933,Bella and the Bulldogs,2015,all,53/100,1,0,0,0,tv_show,American television sitcom,United States,English,6.0,tt3596178,53,16.0,1,BELLA AND THE BULLDOGS
934,Johnny Test,2005,all,53/100,1,0,0,0,tv_show,reality television,Canada,English,6.0,tt15061770,53,16.0,1,JOHNNY TEST
935,The Lost Pirate Kingdom,2021,18+,53/100,1,0,0,0,tv_show,television documentary,United States,English,8.0,tt14057360,53,18.0,1,THE LOST PIRATE KINGDOM
936,The I-Land,2019,18+,53/100,1,0,0,0,tv_show,"science fiction television program, drama television series, adventure television series, action television series",United States,English,3.0,tt9067020,53,18.0,1,THE I-LAND
937,Find Yourself,2020,16+,53/100,1,0,0,0,tv_show,romantic comedy,People's Republic of China,English,8.0,tt11569628,53,16.0,1,FIND YOURSELF
938,A Love So Beautiful,2017,16+,53/100,1,0,0,0,tv_show,"romantic comedy, coming-of-age fiction",People's Republic of China,Mandarin,8.0,tt8434720,53,16.0,1,A LOVE SO BEAUTIFUL
939,Free Rein,2017,all,53/100,1,0,0,0,tv_show,drama,United Kingdom,English,7.0,tt6928052,53,16.0,1,FREE REIN
940,Ashes of Love,2018,7+,53/100,1,0,0,0,tv_show,romance television series,People's Republic of China,English,10.0,tt8976346,53,7.0,1,ASHES OF LOVE
941,Masha and the Bear,2009,all,53/100,1,0,0,0,tv_show,reality television,United States,English,7.5/10,tt0092400,53,16.0,1,MASHA AND THE BEAR
942,Million Pound Menu,2018,16+,53/100,1,0,0,0,tv_show,reality show,United Kingdom,English,9.0,tt8488494,53,16.0,1,MILLION POUND MENU
943,All Hail King Julien,2014,7+,53/100,1,0,0,0,tv_show,reality television,United States,English,7.1/10,tt0092400,53,7.0,1,ALL HAIL KING JULIEN
944,The Day I Met El Chapo: The Kate del Castillo Story,2017,18+,53/100,1,0,0,0,tv_show,"biographical work, television documentary",United States,English,7.0,tt7334894,53,18.0,1,THE DAY I MET EL CHAPO: THE KATE DEL CASTILLO STORY
945,Argos Comunicación,2017,18+,53/100,1,0,0,0,tv_show,reality television,United States,English,7.2/10,tt0092400,53,18.0,1,ARGOS COMUNICACIÓN
946,The Rational Life,2021,16+,53/100,1,0,0,0,tv_show,"drama film, romance film",People's Republic of China,English,8.0,tt14376958,53,16.0,1,THE RATIONAL LIFE
947,Busted!,2018,16+,53/100,1,0,0,0,tv_show,"reality television, variety show",South Korea,Korean,10.0,tt8328460,53,16.0,1,BUSTED!
948,Street Food,2019,all,53/100,1,0,0,0,tv_show,television documentary,United States,English,9.0,tt10050778,53,16.0,1,STREET FOOD
949,A Little Thing Called First Love,2019,all,53/100,1,0,1,0,tv_show,romance film,People's Republic of China,Standard Chinese,6.0,tt11152058,53,16.0,1,A LITTLE THING CALLED FIRST LOVE
950,The Surgeon's Cut,2020,16+,53/100,1,0,0,0,tv_show,television documentary,United States,English,10.0,tt13487106,53,16.0,1,THE SURGEON'S CUT
951,Song Exploder,2020,18+,53/100,1,0,0,0,tv_show,television documentary,United States,English,10.0,tt13110256,53,18.0,1,SONG EXPLODER
952,Unabomber: In His Own Words,2020,16+,53/100,1,0,0,0,tv_show,television documentary,United States,English,8.0,tt11833494,53,16.0,1,UNABOMBER: IN HIS OWN WORDS
953,Spycraft,2021,18+,53/100,1,0,0,0,tv_show,reality television,United States,English,9.0,tt13789092,53,18.0,1,SPYCRAFT
954,Thieves of the Wood,2020,18+,53/100,1,0,0,0,tv_show,television series based on a novel,Belgium,Dutch,10.0,tt5766086,53,18.0,1,THIEVES OF THE WOOD
955,Headspace Guide to Meditation,2021,7+,53/100,1,0,0,0,tv_show,reality television,United States,English,10.0,tt13617024,53,7.0,1,HEADSPACE GUIDE TO MEDITATION
956,Record of Grancrest War,2018,18+,53/100,1,0,0,0,tv_show,reality television,United States,English,7.2/10,tt0092400,53,18.0,1,RECORD OF GRANCREST WAR
957,Abyss,2019,16+,53/100,1,0,0,0,tv_show,reality television,United States,English,7.1/10,tt0092400,53,16.0,1,ABYSS
958,Silver Spoon,2014,16+,53/100,1,0,0,0,tv_show,"detective television series, thriller television series, drama television series",Russia,Russian,8.0,tt4426042,53,16.0,1,SILVER SPOON
959,Omniscient,2020,18+,53/100,1,0,0,0,tv_show,"science fiction television program, drama television series",Brazil,Brazilian Portuguese,8.0,tt11542920,53,18.0,1,OMNISCIENT
960,Creeped Out,2017,7+,53/100,1,0,0,0,tv_show,"children's television series, horror television series","Canada, United Kingdom",English,8.0,tt7573024,53,7.0,1,CREEPED OUT
961,The Worst Witch,2017,7+,53/100,1,0,0,0,tv_show,"children's television series, fantasy television series","United Kingdom, Canada",English,7.2,tt0179061,53,7.0,1,THE WORST WITCH
962,Diablero,2018,16+,53/100,1,0,0,0,tv_show,"horror television series, film based on book, fantasy television series",Mexico,English,8.0,tt7414954,53,16.0,1,DIABLERO
963,Samurai Gourmet,2017,16+,53/100,1,0,0,0,tv_show,comedy,Japan,Japanese,7.0,tt6304676,53,16.0,1,SAMURAI GOURMET
964,The Daily Life of the Immortal King,2020,16+,53/100,1,0,0,0,tv_show,reality television,United States,English,7.4/10,tt0092400,53,16.0,1,THE DAILY LIFE OF THE IMMORTAL KING
965,The Guest,2018,16+,53/100,1,0,0,0,tv_show,reality television,United States,English,8.2/10,tt0092400,53,16.0,1,THE GUEST
966,You Are My Spring,2021,16+,53/100,1,0,0,0,tv_show,reality television,South Korea,Korean,5.0,tt14169816,53,16.0,1,YOU ARE MY SPRING
967,My First First Love,2019,7+,53/100,1,0,0,0,tv_show,"chivalric romance, drama film",South Korea,Korean,8.0,tt8995604,53,7.0,1,MY FIRST FIRST LOVE
968,The Mr. Peabody & Sherman Show,2015,7+,53/100,1,0,0,0,tv_show,comedy television series,United States,English,2.0,tt5021206,53,7.0,1,THE MR. PEABODY & SHERMAN SHOW
969,My Shy Boss,2017,16+,53/100,1,0,0,0,tv_show,"romance film, comedy television series, comedy film, drama film",South Korea,Korean,6.0,tt6257622,53,16.0,1,MY SHY BOSS
970,Trial 4,2020,16+,53/100,1,0,0,0,tv_show,true crime,United States,English,9.0,tt13363298,53,16.0,1,TRIAL 4
971,The Business of Drugs,2020,18+,53/100,1,0,0,0,tv_show,reality television,United States,English,8.0,tt12588416,53,18.0,1,THE BUSINESS OF DRUGS
972,"Fresh, Fried & Crispy",2021,7+,53/100,1,0,0,0,tv_show,reality television,United States,English,3.0,tt14644428,53,7.0,1,"FRESH, FRIED & CRISPY"
973,The Legend of Bruce Lee,2008,16+,53/100,1,0,1,0,tv_show,"biographical film, martial arts film",People's Republic of China,"Mandarin, English",6.8,tt1059455,53,16.0,1,THE LEGEND OF BRUCE LEE
974,Jiva!,2021,18+,53/100,1,0,0,0,tv_show,drama film,South Africa,English,9.0,tt12564616,53,18.0,1,JIVA!
975,Killer Ratings,2019,18+,53/100,1,0,0,0,tv_show,true crime,United Kingdom,English,8.0,tt10243692,53,18.0,1,KILLER RATINGS
976,Switched,2018,16+,53/100,1,0,0,0,tv_show,drama fiction,Japan,Japanese,8.0,tt8747882,53,16.0,1,SWITCHED
977,Go! Live Your Way,2019,16+,52/100,1,0,0,0,tv_show,romance film,Argentina,Spanish,10.0,tt9654086,52,16.0,1,GO! LIVE YOUR WAY
978,Criminal: France,2019,7+,52/100,1,0,0,0,tv_show,"anthology series, police procedural",France,French,5.0,tt10986052,52,7.0,1,CRIMINAL: FRANCE
979,Bloodride,2020,18+,52/100,1,0,0,0,tv_show,horror television series,Norway,English,8.0,tt9815502,52,18.0,1,BLOODRIDE
980,Glitch Techs,2020,all,52/100,1,0,0,0,tv_show,reality television,United States,English,7.9/10,tt0092400,52,16.0,1,GLITCH TECHS
981,Country Comfort,2021,7+,52/100,1,0,0,0,tv_show,comedy television program,United States,English,9.0,tt11717394,52,7.0,1,COUNTRY COMFORT
982,The Disappearance of Madeleine McCann,2019,16+,52/100,1,0,0,0,tv_show,television documentary,United States,English,8.0,tt9879074,52,16.0,1,THE DISAPPEARANCE OF MADELEINE MCCANN
983,Nobody's Looking,2019,18+,52/100,1,0,0,0,tv_show,"fantasy television series, comedy television series",Brazil,Portuguese,10.0,tt11131980,52,18.0,1,NOBODY'S LOOKING
984,Inside the World's Toughest Prisons,2016,18+,52/100,1,0,0,0,tv_show,television documentary,United Kingdom,English,9.0,tt6322264,52,18.0,1,INSIDE THE WORLD'S TOUGHEST PRISONS
985,Love & Anarchy,2020,16+,52/100,1,0,0,0,tv_show,comedy drama,Sweden,Swedish,9.0,tt10888876,52,16.0,1,LOVE & ANARCHY
986,Family Reunion,2019,7+,52/100,1,0,0,0,tv_show,comedy,United States,English,7.0,tt9153270,52,7.0,1,FAMILY REUNION
987,Borderliner,2017,18+,52/100,1,0,0,0,tv_show,reality television,United States,English,6.8/10,tt0092400,52,18.0,1,BORDERLINER
988,Sisters,2017,16+,52/100,1,0,0,0,tv_show,soap opera,United States,English,7.5,tt0101199,52,16.0,1,SISTERS
989,Kissing Game,2020,18+,52/100,1,0,0,0,tv_show,reality television,Brazil,Brazilian Portuguese,9.0,tt11131962,52,18.0,1,KISSING GAME
990,Who Killed Malcolm X?,2019,16+,52/100,1,0,0,0,tv_show,reality television,United States,English,7.6/10,tt0092400,52,16.0,1,WHO KILLED MALCOLM X?
991,"Good Morning, Verônica",2020,16+,52/100,1,0,0,0,tv_show,"drama television series, television series based on a novel",Brazil,English,8.0,tt12987918,52,16.0,1,"GOOD MORNING, VERÔNICA"
992,Bad Boy Billionaires: India,2020,16+,52/100,1,0,0,0,tv_show,television documentary,India,English,8.0,tt12923630,52,16.0,1,BAD BOY BILLIONAIRES: INDIA
993,Neo Yokio,2017,18+,52/100,1,0,0,0,tv_show,reality television,United States,English,5.9/10,tt0092400,52,18.0,1,NEO YOKIO
994,Grand Hotel,2016,16+,52/100,1,0,0,0,tv_show,reality television,United States,English,8.2/10,tt0092400,52,16.0,1,GRAND HOTEL
995,Crazy Delicious,2020,7+,52/100,1,0,0,0,tv_show,reality television,United Kingdom,English,5.0,tt11301834,52,7.0,1,CRAZY DELICIOUS
996,The Frozen Dead,2017,16+,52/100,1,0,0,0,tv_show,reality television,France,French,5.0,tt5736758,52,16.0,1,THE FROZEN DEAD
997,Zumbo's Just Desserts,2016,7+,52/100,1,0,0,0,tv_show,reality television,Australia,English,6.0,tt7239256,52,7.0,1,ZUMBO'S JUST DESSERTS
998,Another Miss Oh,2016,16+,52/100,1,0,0,0,tv_show,"romantic comedy, comedy television series, fantasy television series, romance television series",South Korea,English,6.0,tt5679572,52,16.0,1,ANOTHER MISS OH
999,Soundtrack,2019,16+,52/100,1,0,0,0,tv_show,reality television,United States,English,6.8/10,tt0092400,52,16.0,1,SOUNDTRACK
1000,Bad Guys,2014,18+,52/100,1,0,0,0,tv_show,police procedural,South Korea,Korean,8.0,tt3914520,52,18.0,1,BAD GUYS
1001,Fireman Sam,1989,all,52/100,1,0,1,0,tv_show,reality television,United States,English,6.2/10,tt0092400,52,16.0,1,FIREMAN SAM
1002,We Are the Wave,2019,18+,52/100,1,0,0,0,tv_show,reality television,United States,English,6.1/10,tt0092400,52,18.0,1,WE ARE THE WAVE
1003,Morocco: Love in Times of War,2017,16+,52/100,1,0,0,0,tv_show,romance film,Spain,English,10.0,tt6740146,52,16.0,1,MOROCCO: LOVE IN TIMES OF WAR
1004,Okupas,2000,18+,52/100,1,0,0,0,tv_show,drama television series,Argentina,Spanish,9.0,tt0289649,52,18.0,1,OKUPAS
1005,Sword Art Online Alternative: Gun Gale Online,2018,16+,52/100,1,1,0,0,tv_show,reality television,United States,English,6.9/10,tt0092400,52,16.0,1,SWORD ART ONLINE ALTERNATIVE: GUN GALE ONLINE
1006,The Haunted Hathaways,2013,all,52/100,1,0,0,0,tv_show,"comedy television series, fantasy television program, youth series",United States,English,4.0,tt2535732,52,16.0,1,THE HAUNTED HATHAWAYS
1007,TIGER & BUNNY,2011,16+,52/100,1,1,0,0,tv_show,reality television,United States,English,7.4/10,tt0092400,52,16.0,1,TIGER & BUNNY
1008,The Queen and the Conqueror,2020,16+,52/100,1,0,0,0,tv_show,historical drama,Colombia,English,8.0,tt10348700,52,16.0,1,THE QUEEN AND THE CONQUEROR
1009,Mossad 101,2015,16+,52/100,1,0,0,0,tv_show,thriller television series,Israel,English,7.0,tt4354042,52,16.0,1,MOSSAD 101
1010,Hoops,2020,18+,52/100,1,0,0,0,tv_show,reality television,United States,English,6.0/10,tt0092400,52,18.0,1,HOOPS
1011,Crime Diaries: The Candidate,2019,18+,52/100,1,0,0,0,tv_show,reality television,United States,English,7.6/10,tt0092400,52,18.0,1,CRIME DIARIES: THE CANDIDATE
1012,Zac & Mia,2017,16+,52/100,1,1,0,0,tv_show,reality television,United States,English,10.0,tt7487358,52,16.0,1,ZAC & MIA
1013,Men on a Mission,2015,16+,52/100,1,0,0,0,tv_show,"reality television, variety show",South Korea,English,7.0,tt5247622,52,16.0,1,MEN ON A MISSION
1014,Girls Hostel,2018,7+,52/100,1,0,0,0,tv_show,reality television,United States,English,10.0,tt9401936,52,7.0,1,GIRLS HOSTEL
1015,Power Rangers Dino Fury,2021,7+,52/100,1,0,0,0,tv_show,reality television,United States,English,10.0,tt12360292,52,7.0,1,POWER RANGERS DINO FURY
1016,Broken,2019,16+,52/100,1,0,0,0,tv_show,reality television,United States,English,6.9/10,tt0092400,52,16.0,1,BROKEN
1017,Barney & Friends,1992,all,52/100,1,0,1,0,tv_show,"children's television series, music program, children's music, educational television",United States,English,4.1,tt0144701,52,16.0,1,BARNEY & FRIENDS
1018,Yunus Emre: Aşkın Yolculuğu,2015,16+,52/100,1,0,0,0,tv_show,reality television,Turkey,English,8.0/10,tt0092400,52,16.0,1,YUNUS EMRE: AŞKIN YOLCULUĞU
1019,We the People,2021,7+,52/100,1,0,0,0,tv_show,reality television,United States,English,4.5/10,tt0092400,52,7.0,1,WE THE PEOPLE
1020,SanPa: Sins of the Savior,2020,16+,52/100,1,0,0,0,tv_show,reality television,United States,English,7.8/10,tt0092400,52,16.0,1,SANPA: SINS OF THE SAVIOR
1021,The Big Show Show,2020,all,52/100,1,0,0,0,tv_show,sitcom,United States,English,6.0,tt10726356,52,16.0,1,THE BIG SHOW SHOW
1022,Ares,2020,18+,52/100,1,0,0,0,tv_show,reality television,United States,English,5.6/10,tt0092400,52,18.0,1,ARES
1023,The Duchess,2020,18+,52/100,1,0,1,0,tv_show,"comedy television program, drama film",United Kingdom,English,5.0,tt9310390,52,18.0,1,THE DUCHESS
1024,Green Frontier,2019,18+,52/100,1,0,0,0,tv_show,reality television,United States,English,7.3/10,tt0092400,52,18.0,1,GREEN FRONTIER
1025,Love Alarm,2019,16+,52/100,1,0,0,0,tv_show,"romantic comedy, comedy film, drama film, romance film",South Korea,Korean,6.5,tt9145880,52,16.0,1,LOVE ALARM
1026,Loaded,2017,16+,52/100,1,0,0,0,tv_show,reality television,United States,English,6.6/10,tt0092400,52,16.0,1,LOADED
1027,Nagi no Asukara,2013,7+,52/100,1,0,0,0,tv_show,reality television,United States,English,7.4/10,tt0092400,52,7.0,1,NAGI NO ASUKARA
1028,Luna Nera,2020,18+,52/100,1,0,0,0,tv_show,"drama television series, fantasy television series",Italy,Italian,7.0,tt8403622,52,18.0,1,LUNA NERA
1029,Secrets of Great British Castles,2015,7+,52/100,1,0,0,0,tv_show,reality television,United Kingdom,English,5.0,tt5181284,52,7.0,1,SECRETS OF GREAT BRITISH CASTLES
1030,Ridley Jones,2021,all,52/100,1,0,0,0,tv_show,reality television,United States,English,5.6/10,tt0092400,52,16.0,1,RIDLEY JONES
1031,Next in Fashion,2020,16+,52/100,1,0,0,0,tv_show,reality television series,United States,English,6.0,tt10394770,52,16.0,1,NEXT IN FASHION
1032,Children of the Whales,2017,16+,52/100,1,0,0,0,tv_show,reality television,United States,English,7.1/10,tt0092400,52,16.0,1,CHILDREN OF THE WHALES
1033,Live,2018,16+,52/100,1,0,0,0,tv_show,reality television,United States,English,8.4/10,tt0092400,52,16.0,1,LIVE
1034,Hangar 1: The UFO Files,2015,7+,52/100,1,0,1,0,tv_show,television documentary,United States,English,2.0,tt3552688,52,7.0,1,HANGAR 1: THE UFO FILES
1035,The Paper,2016,16+,52/100,1,0,0,0,tv_show,"comedy television series, mockumentary",United States,English,7.0,tt32159809,52,16.0,1,THE PAPER
1036,Valeria,2020,18+,52/100,1,0,0,0,tv_show,reality television,United States,English,6.2/10,tt0092400,52,18.0,1,VALERIA
1037,Girls und Panzer,2012,16+,52/100,1,1,0,0,tv_show,reality television,United States,English,7.4/10,tt0092400,52,16.0,1,GIRLS UND PANZER
1038,World's Most Wanted,2020,16+,52/100,1,0,0,0,tv_show,documentary film,France,English,8.0,tt12753698,52,16.0,1,WORLD'S MOST WANTED
1039,The Adventures of Puss in Boots,2015,7+,51/100,1,0,0,0,tv_show,reality television,United States,English,6.7/10,tt0092400,51,7.0,1,THE ADVENTURES OF PUSS IN BOOTS
1040,Merry Happy Whatever,2019,16+,51/100,1,0,0,0,tv_show,sitcom,United States,English,8.0,tt9770286,51,16.0,1,MERRY HAPPY WHATEVER
1041,The Holiday Movies That Made Us,2020,16+,51/100,1,0,0,0,tv_show,television documentary,United States,English,5.0,tt10681222,51,16.0,1,THE HOLIDAY MOVIES THAT MADE US
1042,MeatEater,2012,16+,51/100,1,0,0,0,tv_show,reality television,United States,English,10.0,tt2169245,51,16.0,1,MEATEATER
1043,Old Money,2015,7+,51/100,1,0,0,0,tv_show,reality television,United States,English,7.6/10,tt0092400,51,7.0,1,OLD MONEY
1044,Trump: An American Dream,2017,16+,51/100,1,0,0,0,tv_show,"miniseries, television documentary",United Kingdom,English,6.0,tt7596008,51,16.0,1,TRUMP: AN AMERICAN DREAM
1045,Paquita Salas,2016,16+,51/100,1,0,0,0,tv_show,"comedy television series, pseudo-documentary",Spain,Spanish,10.0,tt5866074,51,16.0,1,PAQUITA SALAS
1046,The Disastrous Life of Saiki K.: Reawakened,2019,16+,51/100,1,0,0,0,tv_show,reality television,United States,English,7.9/10,tt0092400,51,16.0,1,THE DISASTROUS LIFE OF SAIKI K.: REAWAKENED
1047,Heartbreak High,1994,7+,51/100,1,0,0,0,tv_show,"drama television series, youth series",Australia,English,7.8,tt0108800,51,7.0,1,HEARTBREAK HIGH
1048,Reply 1994,2013,16+,51/100,1,0,0,0,tv_show,"romance film, comedy film, drama film",South Korea,Korean,10.0,tt3357586,51,16.0,1,REPLY 1994
1049,El Final del Paraíso,2019,16+,51/100,1,0,0,0,tv_show,telenovela,United States,English,1.0,tt10367818,51,16.0,1,EL FINAL DEL PARAÍSO
1050,"Breakfast, Lunch & Dinner",2019,18+,51/100,1,0,0,0,tv_show,reality television,United States,English,3.0,tt10681670,51,18.0,1,"BREAKFAST, LUNCH & DINNER"
1051,Trailer Park Boys: Out of the Park: Europe,2016,18+,51/100,1,0,0,0,tv_show,comedy television series,Canada,English,8.0,tt5937754,51,18.0,1,TRAILER PARK BOYS: OUT OF THE PARK: EUROPE
1052,If I Hadn't Met You,2018,16+,51/100,1,0,0,0,tv_show,"romantic drama, science fiction television program",Spain,Catalan,10.0,tt8517780,51,16.0,1,IF I HADN'T MET YOU
1053,Einsatzgruppen: The Nazi Death Squads,2009,16+,51/100,1,0,0,0,tv_show,television documentary,France,"French, German, English",7.0,tt6953928,51,16.0,1,EINSATZGRUPPEN: THE NAZI DEATH SQUADS
1054,Rookie Historian Goo Hae-Ryung,2019,16+,51/100,1,0,0,0,tv_show,"comedy television series, drama television series",South Korea,Korean,9.0,tt10406128,51,16.0,1,ROOKIE HISTORIAN GOO HAE-RYUNG
1055,Put Your Head on My Shoulder,2019,7+,51/100,1,0,0,0,tv_show,romantic comedy,People's Republic of China,English,9.0,tt10265158,51,7.0,1,PUT YOUR HEAD ON MY SHOULDER
1056,Monzón: A Knockout Blow,2019,18+,51/100,1,0,0,0,tv_show,biographical film,Argentina,Spanish,7.0,tt9852660,51,18.0,1,MONZÓN: A KNOCKOUT BLOW
1057,The Expanding Universe of Ashley Garcia,2020,all,51/100,1,0,0,0,tv_show,reality television,United States,English,4.0,tt10380934,51,16.0,1,THE EXPANDING UNIVERSE OF ASHLEY GARCIA
1058,The Snitch Cartel: Origins,2021,16+,51/100,1,0,0,0,tv_show,telenovela,Colombia,English,5.0,tt14417802,51,16.0,1,THE SNITCH CARTEL: ORIGINS
1059,Two Sentence Horror Stories,2019,16+,51/100,1,0,0,0,tv_show,"horror television series, anthology series",United States,English,4.0,tt6873926,51,16.0,1,TWO SENTENCE HORROR STORIES
1060,Shot in the Dark,2017,18+,51/100,1,0,0,0,tv_show,reality television,United States,English,8.3/10,tt0092400,51,18.0,1,SHOT IN THE DARK
1061,Too Hot to Handle: Brazil,2021,16+,51/100,1,0,0,0,tv_show,reality television,United States,English,5.5/10,tt0092400,51,16.0,1,TOO HOT TO HANDLE: BRAZIL
1062,Criminal: Spain,2019,7+,51/100,1,0,0,0,tv_show,detective fiction,Spain,Spanish,8.0,tt10986050,51,7.0,1,CRIMINAL: SPAIN
1063,Half & Half,2002,7+,51/100,1,0,0,0,tv_show,American television sitcom,United States,English,7.2,tt0320024,51,7.0,1,HALF & HALF
1064,One Spring Night,2019,16+,51/100,1,0,0,0,tv_show,romance television series,South Korea,Korean,9.0,tt10192576,51,16.0,1,ONE SPRING NIGHT
1065,Chicago Typewriter,2017,16+,51/100,1,0,0,0,tv_show,"fantasy film, drama television series, fantasy television series, romance television series",South Korea,Korean,10.0,tt6516076,51,16.0,1,CHICAGO TYPEWRITER
1066,The Least Expected Day: Inside the Movistar Team 2019,2020,7+,51/100,1,0,0,0,tv_show,television documentary,Spain,Spanish,4.0,tt12048124,51,7.0,1,THE LEAST EXPECTED DAY: INSIDE THE MOVISTAR TEAM 2019
1067,Suits,2018,16+,51/100,1,0,1,0,tv_show,"legal drama, comedy drama",United States,English,8.0,tt1632701,51,16.0,1,SUITS
1068,"Nicky, Ricky, Dicky & Dawn",2014,all,51/100,1,0,0,0,tv_show,"sitcom, teen sitcom",United States,English,8.0,tt3596176,51,16.0,1,"NICKY, RICKY, DICKY & DAWN"
1069,Room 2806: The Accusation,2020,16+,51/100,1,0,0,0,tv_show,documentary film,France,French,8.0,tt13540900,51,16.0,1,ROOM 2806: THE ACCUSATION
1070,20 Minutes,2013,16+,51/100,1,0,0,0,tv_show,LGBT-related television series,Turkey,Turkish,9.0,tt2544148,51,16.0,1,20 MINUTES
1071,The Honeymoon Stand Up Special,2018,16+,51/100,1,0,0,0,tv_show,reality television,United States,English,6.9/10,tt0092400,51,16.0,1,THE HONEYMOON STAND UP SPECIAL
1072,Secret Agent Selection: WW2,2018,16+,51/100,1,0,0,0,tv_show,reality television,United States,English,7.7/10,tt0092400,51,16.0,1,SECRET AGENT SELECTION: WW2
1073,BREAK IT ALL: The History of Rock in Latin America,2020,18+,51/100,1,0,0,0,tv_show,documentary,United States,"Spanish, English",3.0,tt13570366,51,18.0,1,BREAK IT ALL: THE HISTORY OF ROCK IN LATIN AMERICA
1074,Rapture,2018,18+,51/100,1,0,0,0,tv_show,reality television,United States,English,7.2/10,tt0092400,51,18.0,1,RAPTURE
1075,My Country: The New Age,2019,16+,51/100,1,0,0,0,tv_show,"romance television series, action television series, drama television series, cultural history",South Korea,Korean,10.0,tt10850888,51,16.0,1,MY COUNTRY: THE NEW AGE
1076,100 Humans. Life's Questions. Answered.,2020,16+,51/100,1,0,0,0,tv_show,reality television,United States,English,5.7/10,tt0092400,51,16.0,1,100 HUMANS. LIFE'S QUESTIONS. ANSWERED.
1077,Chef's Table: France,2016,16+,51/100,1,0,0,0,tv_show,television documentary,United States,English,8.2,tt6088326,51,16.0,1,CHEF'S TABLE: FRANCE
1078,Connected,2020,16+,51/100,1,0,0,0,tv_show,reality television,United States,English,7.5/10,tt0092400,51,16.0,1,CONNECTED
1079,Wolverine,2011,16+,51/100,1,0,0,0,tv_show,reality television,United States,English,6.3/10,tt0092400,51,16.0,1,WOLVERINE
1080,La Doña,2016,16+,51/100,1,0,0,0,tv_show,telenovela,Mexico,Spanish,9.0,tt5663590,51,16.0,1,LA DOÑA
1081,Accidentally In Love,2018,7+,51/100,1,0,0,0,tv_show,reality television,People's Republic of China,English,10.0,tt9077184,51,7.0,1,ACCIDENTALLY IN LOVE
1082,Capitani,2019,16+,51/100,1,0,0,0,tv_show,reality television,Luxembourg,Luxembourgish,7.0,tt10483610,51,16.0,1,CAPITANI
1083,Final Fantasy XIV: Dad of Light,2017,7+,51/100,1,0,0,0,tv_show,reality television,United States,English,7.0/10,tt0092400,51,7.0,1,FINAL FANTASY XIV: DAD OF LIGHT
1084,Shadow,2019,7+,51/100,1,0,0,0,tv_show,"fantasy television series, LGBT-related television series, adventure television series, horror television series",United States,English,5.0,tt4145054,51,7.0,1,SHADOW
1085,Sugar Rush,2018,7+,51/100,1,0,0,0,tv_show,"comedy drama, LGBT-related television series",United Kingdom,English,7.7,tt0452568,51,7.0,1,SUGAR RUSH
1086,Trash Truck,2020,all,51/100,1,0,0,0,tv_show,reality television,United States,English,8.4/10,tt0092400,51,16.0,1,TRASH TRUCK
1087,The Victims' Game,2020,18+,51/100,1,0,0,0,tv_show,reality television,Taiwan,Standard Taiwanese Mandarin,8.0,tt12079212,51,18.0,1,THE VICTIMS' GAME
1088,Floor is Lava,2020,all,51/100,1,0,0,0,tv_show,reality television,United States,English,8.0,tt12370124,51,16.0,1,FLOOR IS LAVA
1089,Leila,2019,16+,51/100,1,0,0,0,tv_show,reality television,United States,English,4.8/10,tt0092400,51,16.0,1,LEILA
1090,Designated Survivor: 60 Days,2019,16+,51/100,1,0,0,0,tv_show,"political drama, political thriller, crime television series",South Korea,Korean,10.0,tt10405394,51,16.0,1,DESIGNATED SURVIVOR: 60 DAYS
1091,Subat,2012,16+,51/100,1,0,0,0,tv_show,reality television,United States,English,8.1/10,tt0092400,51,16.0,1,SUBAT
1092,The Last Kids on Earth,2019,7+,51/100,1,0,0,0,tv_show,reality television,United States,English,7.4/10,tt0092400,51,7.0,1,THE LAST KIDS ON EARTH
1093,Behind Enemy Lines,2001,13+,50/100,1,0,0,0,tv_show,reality television,United States,English,6.4/10,tt0092400,50,13.0,1,BEHIND ENEMY LINES
1094,Dating Around,2019,16+,50/100,1,0,0,0,tv_show,"reality television, LGBT-related television series, dating game show",United States,English,6.0,tt9654080,50,16.0,1,DATING AROUND
1095,Haunted,2018,18+,50/100,1,0,0,0,tv_show,reality television,United States,English,4.6/10,tt0092400,50,18.0,1,HAUNTED
1096,Drug Lords,2018,18+,50/100,1,0,0,0,tv_show,television documentary,United Kingdom,English,1.0,tt7935522,50,18.0,1,DRUG LORDS
1097,Jinn,2019,16+,50/100,1,0,0,0,tv_show,reality television,United States,English,3.5/10,tt0092400,50,16.0,1,JINN
1098,The Wiggles,1998,all,50/100,1,0,0,0,tv_show,reality television,United States,English,5.9/10,tt0092400,50,16.0,1,THE WIGGLES
1099,Bling Empire,2021,18+,50/100,1,0,0,0,tv_show,reality television,United States,English,3.0,tt13660962,50,18.0,1,BLING EMPIRE
1100,The InBESTigators,2019,all,50/100,1,0,0,0,tv_show,comedy,Australia,English,9.0,tt9332962,50,16.0,1,THE INBESTIGATORS
1101,Ad Vitam,2018,7+,50/100,1,0,0,0,tv_show,reality television,France,French,5.0,tt8548830,50,7.0,1,AD VITAM
1102,Girls Incarcerated,2018,18+,50/100,1,0,0,0,tv_show,television documentary,United States,English,9.0,tt8092942,50,18.0,1,GIRLS INCARCERATED
1103,Inhuman Resources,2020,16+,50/100,1,0,0,0,tv_show,reality television,United States,English,7.2/10,tt0092400,50,16.0,1,INHUMAN RESOURCES
1104,Bonus Family,2017,7+,50/100,1,0,0,0,tv_show,comedy drama,Sweden,Swedish,8.0,tt5372890,50,7.0,1,BONUS FAMILY
1105,The Club,2019,18+,50/100,1,0,0,0,tv_show,reality television,United States,English,6.3/10,tt0092400,50,18.0,1,THE CLUB
1106,Rabbids Invasion,2013,7+,50/100,1,1,0,0,tv_show,reality television,United States,English,5.0/10,tt0092400,50,7.0,1,RABBIDS INVASION
1107,Why Are You Like This?,2021,18+,50/100,1,0,0,0,tv_show,reality television,Australia,English,6.4,tt8540808,50,18.0,1,WHY ARE YOU LIKE THIS?
1108,Moesha,1996,7+,50/100,1,1,0,0,tv_show,"sitcom, youth series",United States,English,6.0,tt0115275,50,7.0,1,MOESHA
1109,Ben and Holly's Little Kingdom,2009,all,50/100,1,0,0,0,tv_show,reality television,United States,English,7.4/10,tt0092400,50,16.0,1,BEN AND HOLLY'S LITTLE KINGDOM
1110,La Niña,2016,16+,50/100,1,0,0,0,tv_show,drama,Colombia,Spanish,10.0,tt5677942,50,16.0,1,LA NIÑA
1111,The Alcàsser Murders,2019,18+,50/100,1,0,0,0,tv_show,true crime,Spain,Spanish,7.0,tt8033244,50,18.0,1,THE ALCÀSSER MURDERS
1112,Scare Tactics,2003,16+,50/100,1,0,0,0,tv_show,reality television,United States,English,8.0,tt0339968,50,16.0,1,SCARE TACTICS
1113,Levius,2019,16+,50/100,1,0,0,0,tv_show,reality television,United States,English,7.0/10,tt0092400,50,16.0,1,LEVIUS
1114,(Un)Well,2020,18+,50/100,1,0,0,0,tv_show,television documentary,United States,English,6.4,tt12759384,50,18.0,1,(UN)WELL
1115,The Houseboat,2021,18+,50/100,1,0,0,0,tv_show,reality television,Germany,German,10.0,tt14019016,50,18.0,1,THE HOUSEBOAT
1116,"That Winter, the Wind Blows",2013,16+,50/100,1,0,0,0,tv_show,romance film,South Korea,Korean,10.0,tt2806646,50,16.0,1,"THAT WINTER, THE WIND BLOWS"
1117,We Are the Champions,2020,16+,50/100,1,0,0,0,tv_show,"television documentary, reality television",United States,English,7.1,tt12409154,50,16.0,1,WE ARE THE CHAMPIONS
1118,Oktoberfest: Beer & Blood,2020,16+,50/100,1,0,0,0,tv_show,"historical film, drama film","Germany, Czech Republic",German,7.0,tt10244612,50,16.0,1,OKTOBERFEST: BEER & BLOOD
1119,The Stranded,2019,18+,50/100,1,0,0,0,tv_show,"drama television series, thriller television series",Thailand,Thai,5.0,tt9310400,50,18.0,1,THE STRANDED
1120,Chelsea,2016,18+,50/100,1,0,0,0,tv_show,talk show,United States,English,10.0,tt5672036,50,18.0,1,CHELSEA
1121,Transformers: Rescue Bots,2012,7+,50/100,1,0,1,0,tv_show,"comedy television series, comedy",United States,"English, American English",10.0,tt2139371,50,7.0,1,TRANSFORMERS: RESCUE BOTS
1122,Taj Mahal 1989,2020,16+,50/100,1,0,0,0,tv_show,reality television,India,English,9.0,tt11725706,50,16.0,1,TAJ MAHAL 1989
1123,Gameboys,2020,16+,50/100,1,0,0,0,tv_show,reality television,United States,English,10.0,tt0092400,50,16.0,1,GAMEBOYS
1124,Stay Here,2018,7+,50/100,1,0,0,0,tv_show,reality television series,United States,English,7.5,tt8773338,50,7.0,1,STAY HERE
1125,Murder Maps,2015,16+,50/100,1,0,0,0,tv_show,docudrama,United Kingdom,English,2.0,tt5075360,50,16.0,1,MURDER MAPS
1126,Filinta: An Ottoman Policeman,2014,16+,50/100,1,0,0,0,tv_show,reality television,United States,English,6.8/10,tt0092400,50,16.0,1,FILINTA: AN OTTOMAN POLICEMAN
1127,White Rabbit Project,2016,7+,50/100,1,0,0,0,tv_show,reality television,United States,English,5.0,tt6048644,50,7.0,1,WHITE RABBIT PROJECT
1128,Mystery Lab,2020,7+,50/100,1,0,0,0,tv_show,reality television,Brazil,Brazilian Portuguese,7.0,tt12723962,50,7.0,1,MYSTERY LAB
1129,Ghost in the Shell: SAC_2045,2020,16+,50/100,1,0,0,0,tv_show,reality television,United States,English,6.3/10,tt0092400,50,16.0,1,GHOST IN THE SHELL: SAC_2045
1130,Tomorrow with You,2017,16+,50/100,1,0,0,0,tv_show,"soundtrack, drama television series, fantasy television series, romance television series",South Korea,English,8.0,tt5994346,50,16.0,1,TOMORROW WITH YOU
1131,Rosario Tijeras,2017,16+,50/100,1,0,0,0,tv_show,reality television,Mexico,Spanish,9.0,tt6340304,50,16.0,1,ROSARIO TIJERAS
1132,Supermarket Sweep,1990,all,50/100,1,1,1,0,tv_show,game show,United States,English,10.0,tt0180384,50,16.0,1,SUPERMARKET SWEEP
1133,Pandemic: How to Prevent an Outbreak,2020,16+,50/100,1,0,0,0,tv_show,television documentary,United States,English,6.0,tt11497904,50,16.0,1,PANDEMIC: HOW TO PREVENT AN OUTBREAK
1134,Autumn's Concerto,2009,16+,50/100,1,0,0,0,tv_show,drama television series,Taiwan,"Standard Chinese, Standard Taiwanese Mandarin",10.0,tt3530668,50,16.0,1,AUTUMN'S CONCERTO
1135,Captive,2016,16+,50/100,1,0,0,0,tv_show,reality television,United States,English,6.9/10,tt0092400,50,16.0,1,CAPTIVE
1136,Mobile Suit Gundam Unicorn,2010,16+,50/100,1,0,0,0,tv_show,reality television,United States,English,7.8/10,tt0092400,50,16.0,1,MOBILE SUIT GUNDAM UNICORN
1137,College Behind Bars,2019,16+,50/100,1,0,0,0,tv_show,documentary film,United States,English,9.0,tt9780458,50,16.0,1,COLLEGE BEHIND BARS
1138,Big Timber,2020,16+,50/100,1,0,0,0,tv_show,reality television,Canada,English,7.0,tt13322572,50,16.0,1,BIG TIMBER
1139,The Trial,2019,16+,50/100,1,0,0,0,tv_show,reality television,United States,English,7.0/10,tt0092400,50,16.0,1,THE TRIAL
1140,The Circle France,2020,16+,50/100,1,0,0,0,tv_show,reality television,France,English,10.0,tt9581778,50,16.0,1,THE CIRCLE FRANCE
1141,Moving Art,2007,7+,50/100,1,0,0,0,tv_show,reality television,United States,English,8.7/10,tt0092400,50,7.0,1,MOVING ART
1142,Bumping Mics with Jeff Ross & Dave Attell,2018,18+,50/100,1,0,0,0,tv_show,"stand-up comedy, reality television",United States,English,10.0,tt9203078,50,18.0,1,BUMPING MICS WITH JEFF ROSS & DAVE ATTELL
1143,The Chase,2013,all,50/100,1,1,0,0,tv_show,game show,United Kingdom,English,10.0,tt1502749,50,16.0,1,THE CHASE
1144,Hardy Bucks,2010,7+,50/100,1,0,0,0,tv_show,reality television,Ireland,English,8.0,tt1719837,50,7.0,1,HARDY BUCKS
1145,Hymn of Death,2018,18+,50/100,1,0,0,0,tv_show,"drama, drama film, cultural history",South Korea,Korean,10.0,tt8160064,50,18.0,1,HYMN OF DEATH
1146,Zero,2021,16+,50/100,1,0,0,0,tv_show,reality television,United States,English,5.7/10,tt0092400,50,16.0,1,ZERO
1147,Nevenka: Breaking the Silence,2021,16+,49/100,1,0,0,0,tv_show,"documentary, miniseries, television documentary",Spain,Spanish,10.0,tt14091172,49,16.0,1,NEVENKA: BREAKING THE SILENCE
1148,Dragon’s Dogma,2020,16+,49/100,1,0,0,0,tv_show,reality television,United States,English,6.3/10,tt0092400,49,16.0,1,DRAGON’S DOGMA
1149,The Playbook,2020,16+,49/100,1,0,0,0,tv_show,reality television,United States,English,10.0,tt12930602,49,16.0,1,THE PLAYBOOK
1150,Ellen DeGeneres: Relatable,2018,16+,49/100,1,0,0,0,tv_show,reality television,United States,English,6.5/10,tt0092400,49,16.0,1,ELLEN DEGENERES: RELATABLE
1151,Brews Brothers,2020,18+,49/100,1,0,0,0,tv_show,reality television,United States,English,7.0,tt10930958,49,18.0,1,BREWS BROTHERS
1152,Spirit: Riding Free,2017,7+,49/100,1,0,0,0,tv_show,reality television,United States,English,6.6/10,tt0092400,49,7.0,1,SPIRIT: RIDING FREE
1153,Mismatched,2020,18+,49/100,1,0,0,0,tv_show,romantic drama,India,Hindi,5.0,tt12719250,49,18.0,1,MISMATCHED
1154,The Cabin with Bert Kreischer,2020,18+,49/100,1,0,0,0,tv_show,"reality television, comedy television program",United States,English,7.0,tt11666848,49,18.0,1,THE CABIN WITH BERT KREISCHER
1155,The Sound of Your Heart,2016,16+,49/100,1,0,0,0,tv_show,drama television series,South Korea,Korean,4.0,tt7885558,49,16.0,1,THE SOUND OF YOUR HEART
1156,Booba,2014,all,49/100,1,0,1,0,tv_show,reality television,United States,English,7.0/10,tt0092400,49,16.0,1,BOOBA
1157,Instant Hotel,2018,7+,49/100,1,0,0,0,tv_show,reality television,Australia,English,8.0,tt9316032,49,7.0,1,INSTANT HOTEL
1158,Dancing Queen,2018,7+,49/100,1,0,0,0,tv_show,reality television,United States,English,7.0/10,tt0092400,49,7.0,1,DANCING QUEEN
1159,Zero Chill,2021,16+,49/100,1,0,0,0,tv_show,teen drama television,United Kingdom,English,6.0,tt12083014,49,16.0,1,ZERO CHILL
1160,Nailed It! Holiday!,2018,16+,49/100,1,0,0,0,tv_show,reality television,United States,English,1.0,tt8760264,49,16.0,1,NAILED IT! HOLIDAY!
1161,Chocolate,2019,16+,49/100,1,0,0,0,tv_show,reality television,United States,English,7.7/10,tt0092400,49,16.0,1,CHOCOLATE
1162,Terrace House: Aloha State,2016,16+,49/100,1,0,0,0,tv_show,reality television,Japan,Japanese,10.0,tt6588218,49,16.0,1,TERRACE HOUSE: ALOHA STATE
1163,QB1: Beyond the Lights,2017,16+,49/100,1,0,0,0,tv_show,television documentary,United States,English,9.0,tt5771332,49,16.0,1,QB1: BEYOND THE LIGHTS
1164,Rugal,2020,16+,49/100,1,0,0,0,tv_show,Korean drama,South Korea,Korean,5.0,tt11769798,49,16.0,1,RUGAL
1165,Moving On,2009,7+,49/100,1,0,0,0,tv_show,drama television series,United Kingdom,English,6.0,tt1340758,49,7.0,1,MOVING ON
1166,Hache,2019,18+,49/100,1,0,0,0,tv_show,reality television,United States,English,6.5/10,tt0092400,49,18.0,1,HACHE
1167,Interior Design Masters,2019,16+,49/100,1,0,0,0,tv_show,reality television,United Kingdom,English,3.0,tt8367694,49,16.0,1,INTERIOR DESIGN MASTERS
1168,Fallet,2017,16+,49/100,1,0,0,0,tv_show,comedy,Sweden,Swedish,8.0,tt6433844,49,16.0,1,FALLET
1169,Jailbirds,2019,18+,49/100,1,0,0,0,tv_show,reality television,United States,English,5.0,tt10243628,49,18.0,1,JAILBIRDS
1170,Killer Women with Piers Morgan,2016,16+,49/100,1,1,0,0,tv_show,reality television,United Kingdom,English,5.0,tt6172806,49,16.0,1,KILLER WOMEN WITH PIERS MORGAN
1171,FIGHTWORLD,2018,18+,49/100,1,0,0,0,tv_show,television documentary,United States,English,7.0,tt9047526,49,18.0,1,FIGHTWORLD
1172,The Hockey Girls,2019,16+,49/100,1,0,0,0,tv_show,"teen drama television, sport art, LGBT-related television series",Spain,Catalan,9.0,tt9486226,49,16.0,1,THE HOCKEY GIRLS
1173,SWORD GAI: The Animation,2018,18+,49/100,1,0,0,0,tv_show,reality television,United States,English,5.9/10,tt0092400,49,18.0,1,SWORD GAI: THE ANIMATION
1174,Ask the Storybots,2016,all,49/100,1,0,0,0,tv_show,reality television,United States,English,10.0,tt5846856,49,16.0,1,ASK THE STORYBOTS
1175,Black Ink Crew New York,2013,16+,49/100,1,1,0,0,tv_show,reality television,United States,English,6.0,tt2738096,49,16.0,1,BLACK INK CREW NEW YORK
1176,Lunatics,2019,18+,49/100,1,0,0,0,tv_show,"comedy television series, LGBT-related television series",Australia,English,7.0,tt8164794,49,18.0,1,LUNATICS
1177,Angry Birds Toons,2013,all,49/100,1,0,0,0,tv_show,reality television,United States,English,6.3/10,tt0092400,49,16.0,1,ANGRY BIRDS TOONS
1178,Puffin Rock,2015,all,49/100,1,0,0,0,tv_show,reality television,United States,English,8.7/10,tt0092400,49,16.0,1,PUFFIN ROCK
1179,Kid Cosmic,2021,7+,49/100,1,0,0,0,tv_show,reality television,United States,English,8.0/10,tt0092400,49,7.0,1,KID COSMIC
1180,Chef's Table: BBQ,2020,16+,49/100,1,0,0,0,tv_show,television documentary,United States,English,9.0,tt12917170,49,16.0,1,CHEF'S TABLE: BBQ
1181,City of Ghosts,2021,7+,49/100,1,0,1,0,tv_show,reality television,United States,English,8.0/10,tt0092400,49,7.0,1,CITY OF GHOSTS
1182,Unstoppable,2020,18+,49/100,1,1,0,0,tv_show,reality television,United States,English,7.3/10,tt0092400,49,18.0,1,UNSTOPPABLE
1183,Wild Catch / Chasing Monsters,2016,7+,49/100,1,0,0,0,tv_show,reality television,United States,English,7.4/10,tt0092400,49,7.0,1,WILD CATCH / CHASING MONSTERS
1184,Well-Intended Love,2019,16+,49/100,1,0,0,0,tv_show,romance film,People's Republic of China,Mandarin,8.0,tt9886950,49,16.0,1,WELL-INTENDED LOVE
1185,Thus Spoke Kishibe Rohan,2021,16+,49/100,1,0,0,0,tv_show,drama television series,Japan,Japanese,10.0,tt13280486,49,16.0,1,THUS SPOKE KISHIBE ROHAN
1186,Terrace House: Opening New Doors,2017,16+,49/100,1,0,0,0,tv_show,reality television series,Japan,Japanese,6.0,tt7776244,49,16.0,1,TERRACE HOUSE: OPENING NEW DOORS
1187,Handsome Siblings,2020,16+,49/100,1,0,0,0,tv_show,television series based on a novel,People's Republic of China,Putonghua,10.0,tt11541444,49,16.0,1,HANDSOME SIBLINGS
1188,This Evening,2017,16+,49/100,1,0,0,0,tv_show,reality television,Japan,Japanese,8.2/10,tt0092400,49,16.0,1,THIS EVENING
1189,Molang,2015,all,49/100,1,1,1,0,tv_show,reality television,United States,English,8.6/10,tt0092400,49,16.0,1,MOLANG
1190,Beyblade Burst,2016,7+,49/100,1,0,0,0,tv_show,reality television,United States,English,6.7/10,tt0092400,49,7.0,1,BEYBLADE BURST
1191,Live Up To Your Name,2017,16+,48/100,1,0,0,0,tv_show,reality television,South Korea,English,8.0,tt7094874,48,16.0,1,LIVE UP TO YOUR NAME
1192,Stolen Away,2020,16+,48/100,1,0,0,0,tv_show,reality television,United States,English,7.1/10,tt0092400,48,16.0,1,STOLEN AWAY
1193,Bombay Begums,2021,16+,48/100,1,0,0,0,tv_show,drama film,India,Hindi,4.0,tt10238792,48,16.0,1,BOMBAY BEGUMS
1194,Signs,2018,18+,48/100,1,0,1,0,tv_show,reality television,United States,English,6.2/10,tt0092400,48,18.0,1,SIGNS
1195,The American Barbecue Showdown,2020,16+,48/100,1,0,0,0,tv_show,reality television,United States,English,6.0,tt12938472,48,16.0,1,THE AMERICAN BARBECUE SHOWDOWN
1196,The Deep,2016,7+,48/100,1,0,0,0,tv_show,reality television,United Kingdom,English,2.0,tt1525182,48,7.0,1,THE DEEP
1197,Hot Date,2017,16+,48/100,1,0,1,0,tv_show,comedy,United States,English,8.0,tt7603386,48,16.0,1,HOT DATE
1198,Sparta,2018,18+,48/100,1,0,0,0,tv_show,reality television,United States,English,6.6/10,tt0092400,48,18.0,1,SPARTA
1199,Trolls: The Beat Goes On!,2018,all,48/100,1,0,0,0,tv_show,reality television,United States,English,5.9/10,tt0092400,48,16.0,1,TROLLS: THE BEAT GOES ON!
1200,Atelier,2015,16+,48/100,1,0,0,0,tv_show,reality television,United States,English,7.2/10,tt0092400,48,16.0,1,ATELIER
1201,The Healing Powers of Dude,2020,all,48/100,1,0,0,0,tv_show,reality television,United States,English,8.0,tt10540562,48,16.0,1,THE HEALING POWERS OF DUDE
1202,Under Suspicion: Uncovering the Wesphael Case,2021,16+,48/100,1,0,0,0,tv_show,reality television,United States,English,6.3/10,tt0092400,48,16.0,1,UNDER SUSPICION: UNCOVERING THE WESPHAEL CASE
1203,Pocoyo,2005,all,48/100,1,1,1,0,tv_show,reality television,United States,English,7.4/10,tt0092400,48,16.0,1,POCOYO
1204,Familiar Wife,2018,16+,48/100,1,0,0,0,tv_show,"romance television series, fantasy television series, comedy drama, drama television series",South Korea,Korean,9.0,tt8487786,48,16.0,1,FAMILIAR WIFE
1205,Fastest Car,2018,16+,48/100,1,0,0,0,tv_show,reality television,United States,English,7.1,tt8295694,48,16.0,1,FASTEST CAR
1206,The Cuba Libre Story,2016,16+,48/100,1,0,0,0,tv_show,television documentary,Germany,English,6.0,tt5319838,48,16.0,1,THE CUBA LIBRE STORY
1207,El Chema,2016,16+,48/100,1,0,0,0,tv_show,telenovela,Mexico,English,1.0,tt5730624,48,16.0,1,EL CHEMA
1208,My Little Pony: Equestria Girls,2017,all,48/100,1,0,0,0,tv_show,reality television,United States,English,7.7,tt8422806,48,16.0,1,MY LITTLE PONY: EQUESTRIA GIRLS
1209,Love (ft. Marriage and Divorce),2021,7+,48/100,1,0,0,0,tv_show,melodrama,South Korea,Korean,3.0,tt13814840,48,7.0,1,LOVE (FT. MARRIAGE AND DIVORCE)
1210,The Royal House of Windsor,2017,16+,48/100,1,0,0,0,tv_show,historical television series,United Kingdom,English,3.0,tt6596634,48,16.0,1,THE ROYAL HOUSE OF WINDSOR
1211,Dealer,2021,18+,48/100,1,0,0,0,tv_show,reality television,United States,English,6.2/10,tt0092400,48,18.0,1,DEALER
1212,"Whose Vote Counts, Explained",2020,16+,48/100,1,0,0,0,tv_show,popular science film,United States,English,9.0,tt13005714,48,16.0,1,"WHOSE VOTE COUNTS, EXPLAINED"
1213,Can You Hear Me?,2019,16+,48/100,1,0,0,0,tv_show,reality television,Canada,French,9.0,tt9747016,48,16.0,1,CAN YOU HEAR ME?
1214,Do Do Sol Sol La La Sol,2020,16+,48/100,1,0,0,0,tv_show,reality television,South Korea,Korean,5.0,tt12850262,48,16.0,1,DO DO SOL SOL LA LA SOL
1215,1994,2019,18+,48/100,1,0,0,0,tv_show,reality television,United States,English,7.6/10,tt0092400,48,18.0,1,1994
1216,Pac-Man and the Ghostly Adventures,2013,7+,48/100,1,0,1,0,tv_show,reality television,United States,English,4.9/10,tt0092400,48,7.0,1,PAC-MAN AND THE GHOSTLY ADVENTURES
1217,The Parkers,1999,7+,48/100,1,0,0,0,tv_show,"sitcom, college life television program",United States,English,6.9,tt0200353,48,7.0,1,THE PARKERS
1218,First Team: Juventus,2018,16+,48/100,1,0,0,0,tv_show,reality television,"United States, Italy",Italian,5.0,tt7924812,48,16.0,1,FIRST TEAM: JUVENTUS
1219,Warrior,2018,16+,48/100,1,0,0,0,tv_show,reality television,United States,English,6.7/10,tt0092400,48,16.0,1,WARRIOR
1220,Shine On with Reese,2018,16+,48/100,1,0,0,0,tv_show,reality television,United States,English,9.0,tt8689470,48,16.0,1,SHINE ON WITH REESE
1221,Cooked With Cannabis,2020,18+,48/100,1,0,0,0,tv_show,cooking show,United States,English,7.0,tt12176398,48,18.0,1,COOKED WITH CANNABIS
1222,Gigantosaurus,2019,all,48/100,1,0,0,1,tv_show,reality television,United States,English,7.2/10,tt0092400,48,16.0,1,GIGANTOSAURUS
1223,Re:Mind,2017,18+,48/100,1,0,0,0,tv_show,drama television series,Japan,Japanese,7.0,tt7332652,48,18.0,1,RE:MIND
1224,The Magic School Bus Rides Again,2017,all,48/100,1,0,0,0,tv_show,reality television,United States,English,6.2/10,tt0092400,48,16.0,1,THE MAGIC SCHOOL BUS RIDES AGAIN
1225,My Holo Love,2020,16+,48/100,1,0,0,0,tv_show,romance film,South Korea,Korean,7.0,tt11058644,48,16.0,1,MY HOLO LOVE
1226,Monty Python's Fliegender Zirkus,1972,16+,48/100,1,0,0,0,tv_show,German television comedy,West Germany,"German, English",10.0,tt0202477,48,16.0,1,MONTY PYTHON'S FLIEGENDER ZIRKUS
1227,The Kirlian Frequency,2019,7+,48/100,1,0,0,0,tv_show,reality television,United States,English,7.6/10,tt0092400,48,7.0,1,THE KIRLIAN FREQUENCY
1228,Outback Truckers,2012,16+,48/100,1,0,0,0,tv_show,reality television,Australia,English,8.0,tt4345548,48,16.0,1,OUTBACK TRUCKERS
1229,Dreamworks How to Train Your Dragon Legends,2010,16+,48/100,1,0,0,0,tv_show,reality television,United States,English,7.5/10,tt0092400,48,16.0,1,DREAMWORKS HOW TO TRAIN YOUR DRAGON LEGENDS
1230,My Love,2021,16+,48/100,1,0,0,0,tv_show,reality television,Philippines,Filipino,10.0,tt6932632,48,16.0,1,MY LOVE
1231,Regiment Diaries,2018,16+,48/100,1,0,0,0,tv_show,reality television,United States,English,8.8/10,tt0092400,48,16.0,1,REGIMENT DIARIES
1232,Granblue Fantasy: The Animation,2017,16+,48/100,1,0,0,0,tv_show,reality television,United States,English,6.4/10,tt0092400,48,16.0,1,GRANBLUE FANTASY: THE ANIMATION
1233,Fated to Love You,2008,7+,48/100,1,1,0,0,tv_show,"romantic comedy, comedy film, romance film",South Korea,Korean,10.0,tt3865722,48,7.0,1,FATED TO LOVE YOU
1234,Nightmare Teacher,2016,16+,48/100,1,0,0,0,tv_show,"paranormal television program, drama film, horror film, mystery film",South Korea,Korean,4.0,tt6209442,48,16.0,1,NIGHTMARE TEACHER
1235,Women of the Night,2019,18+,48/100,1,0,0,0,tv_show,reality television,Kingdom of the Netherlands,English,5.0,tt7785420,48,18.0,1,WOMEN OF THE NIGHT
1236,"Hi Bye, Mama!",2020,16+,48/100,1,0,0,0,tv_show,"comedy, drama",South Korea,Korean,7.9,tt11804034,48,16.0,1,"HI BYE, MAMA!"
1237,Magical Andes,2019,16+,48/100,1,0,0,0,tv_show,documentary film,Uruguay,Spanish,9.0,tt11229002,48,16.0,1,MAGICAL ANDES
1238,Dad Stop Embarrassing Me!,2021,7+,48/100,1,0,0,0,tv_show,sitcom,United States,English,4.0,tt13018090,48,7.0,1,DAD STOP EMBARRASSING ME!
1239,Kuromukuro,2016,16+,48/100,1,0,0,0,tv_show,reality television,United States,English,7.2/10,tt0092400,48,16.0,1,KUROMUKURO
1240,Real Rob,2015,18+,48/100,1,0,0,0,tv_show,sitcom,United States,English,1.0,tt3741346,48,18.0,1,REAL ROB
1241,The Lies Within,2019,16+,48/100,1,0,0,0,tv_show,thriller television series,South Korea,Korean,9.0,tt10919902,48,16.0,1,THE LIES WITHIN
1242,Prank Encounters,2019,16+,48/100,1,0,0,0,tv_show,horror fiction,United States,English,5.0,tt10487072,48,16.0,1,PRANK ENCOUNTERS
1243,The Mafia Dolls,2009,18+,48/100,1,0,0,0,tv_show,telenovela,Colombia,Spanish,8.0,tt1585368,48,18.0,1,THE MAFIA DOLLS
1244,Twogether,2020,16+,48/100,1,0,0,0,tv_show,travel documentary,South Korea,English,10.0,tt12486430,48,16.0,1,TWOGETHER
1245,Sintonia,2019,18+,47/100,1,0,0,0,tv_show,reality television,Brazil,English,10.0,tt8165086,47,18.0,1,SINTONIA
1246,Examination of Conscience,2019,18+,47/100,1,0,0,0,tv_show,television documentary,Spain,Spanish,10.0,tt9584024,47,18.0,1,EXAMINATION OF CONSCIENCE
1247,Twenty Again,2015,16+,47/100,1,0,0,0,tv_show,reality television,People's Republic of China,Putonghua,7.7/10,tt12758820,47,16.0,1,TWENTY AGAIN
1248,Tokyo Trial,2016,16+,47/100,1,0,0,0,tv_show,reality television,United States,English,7.4/10,tt0092400,47,16.0,1,TOKYO TRIAL
1249,Nadiya's Time to Eat,2019,16+,47/100,1,0,0,0,tv_show,cooking show,United Kingdom,English,9.0,tt9846284,47,16.0,1,NADIYA'S TIME TO EAT
1250,The Cat in the Hat Knows a Lot About That!,2010,all,47/100,1,0,1,0,tv_show,reality television,United States,English,6.5/10,tt0092400,47,16.0,1,THE CAT IN THE HAT KNOWS A LOT ABOUT THAT!
1251,Baewatch: Parental Guidance,2019,16+,47/100,1,1,0,0,tv_show,reality television,United States,English,10.0,tt0092400,47,16.0,1,BAEWATCH: PARENTAL GUIDANCE
1252,The Unsettling,2019,16+,47/100,1,0,0,0,tv_show,reality television,United States,English,5.3/10,tt0092400,47,16.0,1,THE UNSETTLING
1253,AMO,2018,18+,47/100,1,0,0,0,tv_show,reality television,United States,English,6.5/10,tt0092400,47,18.0,1,AMO
1254,Super Drags,2018,18+,47/100,1,0,0,0,tv_show,reality television,United States,English,5.6/10,tt0092400,47,18.0,1,SUPER DRAGS
1255,Terrace House: Tokyo 2019-2020,2019,16+,47/100,1,0,0,0,tv_show,reality television,Japan,Japanese,8.0,tt10686814,47,16.0,1,TERRACE HOUSE: TOKYO 2019-2020
1256,Pop Team Epic,2018,18+,47/100,1,0,1,0,tv_show,reality television,United States,English,6.9/10,tt0092400,47,18.0,1,POP TEAM EPIC
1257,Headspace Guide to Sleep,2021,16+,47/100,1,0,0,0,tv_show,documentary film,United States,English,10.0,tt14318406,47,16.0,1,HEADSPACE GUIDE TO SLEEP
1258,Feels Like Ishq,2021,16+,47/100,1,0,0,0,tv_show,reality television,India,English,7.0,tt14163838,47,16.0,1,FEELS LIKE ISHQ
1259,Haunted: Latin America,2021,16+,47/100,1,0,0,0,tv_show,"reality television, paranormal television program",Mexico,English,5.0,tt14164238,47,16.0,1,HAUNTED: LATIN AMERICA
1260,Sea of Plastic,2015,16+,47/100,1,0,0,0,tv_show,reality television,United States,English,7.2/10,tt0092400,47,16.0,1,SEA OF PLASTIC
1261,Brainchild,2018,7+,47/100,1,0,0,0,tv_show,educational television,United States,English,10.0,tt9203042,47,7.0,1,BRAINCHILD
1262,Flavorful Origins,2019,all,47/100,1,0,0,0,tv_show,television documentary,People's Republic of China,English,10.0,tt9708598,47,16.0,1,FLAVORFUL ORIGINS
1263,Record of Youth,2020,16+,47/100,1,0,0,0,tv_show,"drama film, romance film",South Korea,Korean,8.0,tt12850322,47,16.0,1,RECORD OF YOUTH
1264,StarBeam,2020,all,47/100,1,0,0,0,tv_show,reality television,United States,English,6.9/10,tt0092400,47,16.0,1,STARBEAM
1265,Quarantine Tales,2020,16+,47/100,1,0,0,0,tv_show,reality television,United States,English,10.0,tt0092400,47,16.0,1,QUARANTINE TALES
1266,Fate/Apocrypha,2017,18+,47/100,1,0,0,0,tv_show,reality television,United States,English,6.6/10,tt0092400,47,18.0,1,FATE/APOCRYPHA
1267,The Investigator: A British Crime Story,2016,16+,47/100,1,0,0,0,tv_show,reality television,United Kingdom,English,1.0,tt5900164,47,16.0,1,THE INVESTIGATOR: A BRITISH CRIME STORY
1268,Pui Pui Molcar,2021,16+,47/100,1,0,0,0,tv_show,reality television,United States,English,8.1/10,tt0092400,47,16.0,1,PUI PUI MOLCAR
1269,The Prince of Tennis,2019,16+,47/100,1,0,0,0,tv_show,reality television,United States,English,7.6/10,tt0092400,47,16.0,1,THE PRINCE OF TENNIS
1270,Yankee,2019,18+,47/100,1,0,0,0,tv_show,reality television,United States,English,6.0/10,tt0092400,47,18.0,1,YANKEE
1271,Dream Home Makeover,2020,all,47/100,1,0,0,0,tv_show,reality television,United States,English,4.0,tt13161310,47,16.0,1,DREAM HOME MAKEOVER
1272,Project Mc²,2015,all,47/100,1,0,0,0,tv_show,comedy,United States,English,9.0,tt4861760,47,16.0,1,PROJECT MC²
1273,Rainbow High,2020,16+,47/100,1,0,0,0,tv_show,reality television,United States,English,6.0/10,tt0092400,47,16.0,1,RAINBOW HIGH
1274,Her Private Life,2019,16+,47/100,1,0,0,0,tv_show,"romantic comedy, comedy television series, romance television series",South Korea,English,8.0,tt9899340,47,16.0,1,HER PRIVATE LIFE
1275,Waffles + Mochi,2021,16+,47/100,1,0,0,0,tv_show,"cooking show, children's television series",United States,English,5.0,tt14035218,47,16.0,1,WAFFLES + MOCHI
1276,Canine Intervention,2021,16+,47/100,1,0,0,0,tv_show,reality television,United States,English,9.0,tt13932598,47,16.0,1,CANINE INTERVENTION
1277,"Nisman: El fiscal, la presidenta y el espía",2020,16+,47/100,1,0,0,0,tv_show,reality television,United States,English,7.7/10,tt0092400,47,16.0,1,"NISMAN: EL FISCAL, LA PRESIDENTA Y EL ESPÍA"
1278,Sneakerheads,2020,16+,47/100,1,0,0,0,tv_show,comedy television program,United States,English,10.0,tt10151772,47,16.0,1,SNEAKERHEADS
1279,TVF Inmates,2017,16+,47/100,1,0,0,0,tv_show,reality television,United States,English,6.6/10,tt0092400,47,16.0,1,TVF INMATES
1280,My Dead Ex,2018,16+,47/100,1,0,0,0,tv_show,reality television,United States,English,10.0,tt7428106,47,16.0,1,MY DEAD EX
1281,Ending So Gently,2017,16+,47/100,1,0,0,0,tv_show,reality television,United States,English,6.6/10,tt0092400,47,16.0,1,ENDING SO GENTLY
1282,Victim Number 8,2018,16+,47/100,1,0,0,0,tv_show,thriller television series,Spain,Spanish,8.0,tt8500086,47,16.0,1,VICTIM NUMBER 8
1283,The Unlisted,2019,16+,47/100,1,0,0,0,tv_show,"science fiction television program, drama television series",Australia,English,7.0,tt9184592,47,16.0,1,THE UNLISTED
1284,Cagaster of an Insect Cage,2020,18+,47/100,1,0,0,0,tv_show,reality television,United States,English,6.2/10,tt0092400,47,18.0,1,CAGASTER OF AN INSECT CAGE
1285,All For Love,2020,7+,47/100,1,0,0,0,tv_show,reality television,United States,English,7.0/10,tt0092400,47,7.0,1,ALL FOR LOVE
1286,Bill Nye Saves the World,2017,7+,47/100,1,0,0,0,tv_show,talk show,United States,English,1.0,tt6021260,47,7.0,1,BILL NYE SAVES THE WORLD
1287,A.I.C.O. -Incarnation-,2018,18+,47/100,1,0,0,0,tv_show,reality television,United States,English,6.4/10,tt0092400,47,18.0,1,A.I.C.O. -INCARNATION-
1288,72 Dangerous Animals: Latin America,2017,16+,47/100,1,0,0,0,tv_show,documentary,Australia,English,1.0,tt7909708,47,16.0,1,72 DANGEROUS ANIMALS: LATIN AMERICA
1289,Restaurants on the Edge,2020,16+,47/100,1,0,0,0,tv_show,reality television,Canada,English,8.0,tt8784324,47,16.0,1,RESTAURANTS ON THE EDGE
1290,Persona,2019,16+,47/100,1,0,0,0,tv_show,reality television,United States,English,6.6/10,tt0092400,47,16.0,1,PERSONA
1291,No te puedes esconder,2019,16+,47/100,1,0,0,0,tv_show,reality television,United States,Spanish,5.0,tt10367990,47,16.0,1,NO TE PUEDES ESCONDER
1292,El Reemplazante,2012,16+,47/100,1,0,0,0,tv_show,drama television series,Chile,Spanish,10.0,tt2488050,47,16.0,1,EL REEMPLAZANTE
1293,Bolívar: Una lucha admirable,2019,18+,47/100,1,0,0,0,tv_show,reality television,Colombia,Spanish,10.0,tt9327242,47,18.0,1,BOLÍVAR: UNA LUCHA ADMIRABLE
1294,Bel Ami,2013,16+,47/100,1,0,0,0,tv_show,romance television series,South Korea,Korean,8.0,tt3350766,47,16.0,1,BEL AMI
1295,The Epic Tales of Captain Underpants,2018,7+,47/100,1,0,0,0,tv_show,reality television,United States,English,6.7/10,tt0092400,47,7.0,1,THE EPIC TALES OF CAPTAIN UNDERPANTS
1296,Win the Wilderness: Alaska,2020,16+,47/100,1,0,0,0,tv_show,reality television,United Kingdom,English,6.9,tt11718294,47,16.0,1,WIN THE WILDERNESS: ALASKA
1297,The Chosen One,2019,18+,47/100,1,0,0,0,tv_show,reality television,Brazil,Portuguese,7.0,tt9048368,47,18.0,1,THE CHOSEN ONE
1298,Hyena,2020,16+,47/100,1,0,0,0,tv_show,reality television,South Korea,Korean,10.0,tt11534164,47,16.0,1,HYENA
1299,The Piano Forest,2018,7+,47/100,1,0,0,0,tv_show,reality television,United States,English,7.1/10,tt0092400,47,7.0,1,THE PIANO FOREST
1300,Detention,2020,16+,46/100,1,0,1,0,tv_show,reality television,United States,English,6.3/10,tt0092400,46,16.0,1,DETENTION
1301,Pitta Kathalu,2021,16+,46/100,1,0,0,0,tv_show,reality television,United States,English,5.0/10,tt0092400,46,16.0,1,PITTA KATHALU
1302,SAINT SEIYA: Knights of the Zodiac,2019,16+,46/100,1,0,0,0,tv_show,reality television,United States,English,4.5/10,tt0092400,46,16.0,1,SAINT SEIYA: KNIGHTS OF THE ZODIAC
1303,Timmy Time,2009,all,46/100,1,0,0,0,tv_show,reality television,United States,English,6.9/10,tt0092400,46,16.0,1,TIMMY TIME
1304,Her Mother's Killer,2020,16+,46/100,1,0,0,0,tv_show,drama,Colombia,Spanish,10.0,tt10348078,46,16.0,1,HER MOTHER'S KILLER
1305,100% Hotter,2016,16+,46/100,1,0,0,0,tv_show,reality television,United Kingdom,English,1.0,tt5819414,46,16.0,1,100% HOTTER
1306,Life,2018,16+,46/100,1,0,0,0,tv_show,reality television,United States,English,7.6/10,tt0092400,46,16.0,1,LIFE
1307,Surviving Death,2021,18+,46/100,1,0,0,0,tv_show,documentary,United States,English,7.0,tt13649692,46,18.0,1,SURVIVING DEATH
1308,Masaba Masaba,2020,16+,46/100,1,0,0,0,tv_show,reality television,United States,English,6.7/10,tt0092400,46,16.0,1,MASABA MASABA
1309,The House Arrest of Us,2020,7+,46/100,1,0,0,0,tv_show,reality television,Philippines,Filipino,2.0,tt13280838,46,7.0,1,THE HOUSE ARREST OF US
1310,Mythomanic,2019,16+,46/100,1,0,0,0,tv_show,reality television,United States,English,6.8/10,tt0092400,46,16.0,1,MYTHOMANIC
1311,Shaun the Sheep: Adventures from Mossy Bottom,2020,16+,46/100,1,0,0,0,tv_show,reality television,United States,English,8.1/10,tt0092400,46,16.0,1,SHAUN THE SHEEP: ADVENTURES FROM MOSSY BOTTOM
1312,Love and Fortune,2018,16+,46/100,1,0,0,0,tv_show,reality television,United States,English,7.0/10,tt0092400,46,16.0,1,LOVE AND FORTUNE
1313,"Hello, Me!",2021,16+,46/100,1,0,0,0,tv_show,"romantic comedy, drama television series, fantasy television series, comedy television series",South Korea,Korean,10.0,tt13670090,46,16.0,1,"HELLO, ME!"
1314,Witch Hunt: A Century of Murder,2015,18+,46/100,1,0,0,0,tv_show,documentary film,United States,English,5.0,tt5113032,46,18.0,1,WITCH HUNT: A CENTURY OF MURDER
1315,Meet the Drug Lords: Inside the Real Narcos,2018,7+,46/100,1,0,0,0,tv_show,television documentary,United Kingdom,English,9.0,tt9437310,46,7.0,1,MEET THE DRUG LORDS: INSIDE THE REAL NARCOS
1316,Gabby's Dollhouse,2021,all,46/100,1,0,0,0,tv_show,"live action/animated television series, computer-animated television series",United States,English,10.0,tt9165438,46,16.0,1,GABBY'S DOLLHOUSE
1317,Toon,2016,16+,46/100,1,0,0,0,tv_show,reality television,United States,English,7.7/10,tt0092400,46,16.0,1,TOON
1318,What If?,2011,16+,46/100,1,0,0,0,tv_show,reality television,United States,English,7.5/10,tt0092400,46,16.0,1,WHAT IF?
1319,Monty Python's Personal Best,2006,16+,46/100,1,0,0,0,tv_show,reality television,United States,English,7.9/10,tt0092400,46,16.0,1,MONTY PYTHON'S PERSONAL BEST
1320,Los Briceño,2019,16+,46/100,1,0,0,0,tv_show,reality television,Colombia,English,1.0,tt10348478,46,16.0,1,LOS BRICEÑO
1321,World of Winx,2016,7+,46/100,1,0,0,0,tv_show,reality television,United States,English,6.8/10,tt0092400,46,7.0,1,WORLD OF WINX
1322,The Big Day,2021,18+,46/100,1,0,0,0,tv_show,reality television,United States,English,4.6/10,tt0092400,46,18.0,1,THE BIG DAY
1323,Afflicted,2018,18+,46/100,1,0,1,0,tv_show,reality television,United States,English,5.0/10,tt0092400,46,18.0,1,AFFLICTED
1324,Glitter Force,2012,16+,46/100,1,0,0,0,tv_show,reality television,United States,English,6.6/10,tt0092400,46,16.0,1,GLITTER FORCE
1325,Beni Böyle Sev,2013,16+,46/100,1,0,0,0,tv_show,reality television,Turkey,Turkish,8.0,tt2735500,46,16.0,1,BENI BÖYLE SEV
1326,Malibu Rescue: The Series,2019,16+,46/100,1,0,0,0,tv_show,comedy television program,United States,English,4.0,tt9098432,46,16.0,1,MALIBU RESCUE: THE SERIES
1327,Home Game,2020,16+,46/100,1,0,0,0,tv_show,television documentary,United States,English,8.0,tt12429046,46,16.0,1,HOME GAME
1328,Lost & Found Music Studios,2015,all,46/100,1,0,0,0,tv_show,sitcom,Canada,English,9.0,tt5023972,46,16.0,1,LOST & FOUND MUSIC STUDIOS
1329,Minecraft: Story Mode,2018,7+,46/100,1,0,0,0,tv_show,adventure television series,United States,English,3.0,tt10498322,46,7.0,1,MINECRAFT: STORY MODE
1331,The Break with Michelle Wolf,2018,18+,46/100,1,0,0,0,tv_show,reality television,United States,English,6.0,tt8010342,46,18.0,1,THE BREAK WITH MICHELLE WOLF
1332,Beat Bugs,2016,all,46/100,1,0,0,0,tv_show,children's television series,Australia,English,8.0,tt4716268,46,16.0,1,BEAT BUGS
1333,Private Lives,2020,16+,46/100,1,0,0,0,tv_show,reality television,South Korea,Korean,6.0,tt12560270,46,16.0,1,PRIVATE LIVES
1334,Transformers: Cyberverse,2018,7+,46/100,1,0,0,0,tv_show,reality television,United States,English,6.8/10,tt0092400,46,7.0,1,TRANSFORMERS: CYBERVERSE
1335,"Can't Cope, Won't Cope",2016,16+,46/100,1,0,0,0,tv_show,comedy television series,Ireland,English,8.0,tt5674872,46,16.0,1,"CAN'T COPE, WON'T COPE"
1336,Grizzy & the Lemmings,2016,all,46/100,1,0,0,0,tv_show,reality television,United States,English,7.0/10,tt0092400,46,16.0,1,GRIZZY & THE LEMMINGS
1337,Back to 1989,2016,16+,46/100,1,0,0,0,tv_show,mandopop,Taiwan,"Standard Chinese, Standard Taiwanese Mandarin",9.0,tt6273088,46,16.0,1,BACK TO 1989
1338,The Garfield Show,2009,all,46/100,1,0,0,0,tv_show,reality television,United States,English,5.4/10,tt0092400,46,16.0,1,THE GARFIELD SHOW
1339,Abby Hatcher,2018,all,46/100,1,0,0,0,tv_show,reality television,United States,English,6.2/10,tt0092400,46,16.0,1,ABBY HATCHER
1340,Peasants Rebellion,2018,16+,46/100,1,0,0,0,tv_show,reality television,United States,English,8.5/10,tt0092400,46,16.0,1,PEASANTS REBELLION
1341,Babies,2020,16+,46/100,1,0,0,0,tv_show,television documentary,United States,English,5.0,tt11744632,46,16.0,1,BABIES
1342,"Schulz Saves America: Pandemics, Predators, Protests & Presidents",2020,18+,46/100,1,0,0,0,tv_show,reality television,United States,English,7.5/10,tt0092400,46,18.0,1,"SCHULZ SAVES AMERICA: PANDEMICS, PREDATORS, PROTESTS & PRESIDENTS"
1343,Was It Love,2020,16+,46/100,1,0,0,0,tv_show,reality television,South Korea,Korean,6.0,tt12525622,46,16.0,1,WAS IT LOVE
1344,My Husband Won't Fit,2019,16+,46/100,1,0,0,0,tv_show,television series based on a novel,Japan,Japanese,6.0,tt10027946,46,16.0,1,MY HUSBAND WON'T FIT
1345,Dawn of the Croods,2015,7+,46/100,1,0,0,0,tv_show,reality television,United States,English,6.0/10,tt0092400,46,7.0,1,DAWN OF THE CROODS
1346,A Touch of Green,2015,16+,46/100,1,0,0,0,tv_show,reality television,Taiwan,"Chinese, Standard Taiwanese Mandarin",10.0,tt5231950,46,16.0,1,A TOUCH OF GREEN
1347,Worn Stories,2021,16+,45/100,1,0,0,0,tv_show,reality television,United States,American English,10.0,tt14177168,45,16.0,1,WORN STORIES
1348,Power Rangers Beast Morphers,2019,7+,45/100,1,0,0,0,tv_show,"science fiction television program, action television series, adventure television series, fantasy television series",United States,English,8.0,tt8022978,45,7.0,1,POWER RANGERS BEAST MORPHERS
1349,Kings of Jo'Burg,2020,16+,45/100,1,0,0,0,tv_show,"crime television series, thriller",South Africa,"English, Xhosa",2.0,tt13453828,45,16.0,1,KINGS OF JO'BURG
1350,Use for My Talent,2021,16+,45/100,1,0,0,0,tv_show,drama television series,People's Republic of China,Putonghua,10.0,tt14747972,45,16.0,1,USE FOR MY TALENT
1351,The Big Family Cooking Showdown,2017,7+,45/100,1,0,0,0,tv_show,reality television,United Kingdom,English,5.0,tt7518558,45,7.0,1,THE BIG FAMILY COOKING SHOWDOWN
1352,Just You,2013,16+,45/100,1,0,0,0,tv_show,mandopop,Taiwan,English,8.0,tt3076512,45,16.0,1,JUST YOU
1353,Awake: The Million Dollar Game,2019,7+,45/100,1,0,0,0,tv_show,game show,United States,English,7.0,tt10370956,45,7.0,1,AWAKE: THE MILLION DOLLAR GAME
1354,Cheer Squad,2016,7+,45/100,1,0,0,0,tv_show,reality television,Canada,English,7.2,tt5993744,45,7.0,1,CHEER SQUAD
1355,The Circle Brazil,2020,16+,45/100,1,0,0,0,tv_show,reality television,Brazil,English,2.0,tt9581782,45,16.0,1,THE CIRCLE BRAZIL
1356,In Family We Trust,2018,16+,45/100,1,0,0,0,tv_show,drama fiction,Thailand,Thai,10.0,tt8929906,45,16.0,1,IN FAMILY WE TRUST
1357,The Way of the Househusband,2021,16+,45/100,1,0,0,0,tv_show,reality television,United States,English,8.6/10,tt0092400,45,16.0,1,THE WAY OF THE HOUSEHUSBAND
1358,Jenni Rivera: Mariposa de Barrio,2017,16+,45/100,1,0,0,0,tv_show,"telenovela, biography, music television",United States,Spanish,7.0,tt6834120,45,16.0,1,JENNI RIVERA: MARIPOSA DE BARRIO
1359,Pokémon Journeys: The Series,2019,16+,45/100,1,0,0,0,tv_show,reality television,United States,English,6.4/10,tt0092400,45,16.0,1,POKÉMON JOURNEYS: THE SERIES
1360,Skylanders Academy,2016,7+,45/100,1,0,0,0,tv_show,reality television,United States,English,6.6/10,tt0092400,45,7.0,1,SKYLANDERS ACADEMY
1361,The Good Detective,2020,16+,45/100,1,0,0,0,tv_show,"crime fiction, detective",South Korea,Korean,8.0,tt12504214,45,16.0,1,THE GOOD DETECTIVE
1362,The Fix,2018,18+,45/100,1,0,0,0,tv_show,reality television,United States,English,7.0,tt7942774,45,18.0,1,THE FIX
1363,One More Time,2016,16+,45/100,1,0,0,0,tv_show,reality television,United States,English,6.9/10,tt0092400,45,16.0,1,ONE MORE TIME
1364,Astronomy Club: The Sketch Show,2019,18+,45/100,1,0,0,0,tv_show,reality television,United States,English,8.0,tt10675488,45,18.0,1,ASTRONOMY CLUB: THE SKETCH SHOW
1365,Prince of Peoria,2018,all,45/100,1,0,0,0,tv_show,sitcom,United States,English,10.0,tt8001718,45,16.0,1,PRINCE OF PEORIA
1366,Miss in Kiss,2016,16+,45/100,1,0,0,0,tv_show,drama television series,Taiwan,Standard Taiwanese Mandarin,2.0,tt6954524,45,16.0,1,MISS IN KISS
1367,Numberblocks,2017,all,45/100,1,0,0,0,tv_show,reality television,United States,English,8.1/10,tt0092400,45,16.0,1,NUMBERBLOCKS
1368,Polly Pocket,2018,7+,45/100,1,0,0,0,tv_show,adventure television series,United States,English,4.0,tt8673042,45,7.0,1,POLLY POCKET
1369,All About the Washingtons,2018,all,45/100,1,0,0,0,tv_show,comedy television series,United States,English,2.0,tt7661368,45,16.0,1,ALL ABOUT THE WASHINGTONS
1370,Goedam,2020,16+,45/100,1,0,0,0,tv_show,"horror television series, mystery television series, anthology series",South Korea,Korean,8.0,tt12929796,45,16.0,1,GOEDAM
1371,Archibald's Next Big Thing,2019,7+,45/100,1,0,0,0,tv_show,reality television,United States,English,7.8/10,tt0092400,45,7.0,1,ARCHIBALD'S NEXT BIG THING
1372,The Platform,2020,16+,45/100,1,0,0,0,tv_show,reality television,United Arab Emirates,English,9.0,tt13057984,45,16.0,1,THE PLATFORM
1373,All Hail King Julien: Exiled,2017,7+,45/100,1,0,0,0,tv_show,reality television,United States,English,10.0,tt6865906,45,7.0,1,ALL HAIL KING JULIEN: EXILED
1374,Dragons: Rescue Riders,2019,7+,45/100,1,0,0,0,tv_show,reality television,United States,English,6.1/10,tt0092400,45,7.0,1,DRAGONS: RESCUE RIDERS
1375,21 Thunder,2017,18+,45/100,1,0,0,0,tv_show,reality television,Canada,English,8.0,tt6145878,45,18.0,1,21 THUNDER
1376,Say I Do,2020,16+,45/100,1,0,0,0,tv_show,reality television series,United States,English,10.0,tt12540060,45,16.0,1,SAY I DO
1377,Smoking,2018,18+,45/100,1,0,0,0,tv_show,reality television,United States,English,7.5/10,tt0092400,45,18.0,1,SMOKING
1378,My Only Love Song,2017,18+,45/100,1,0,0,0,tv_show,"sageuk, comedy television series, fantasy television series, romance television series",South Korea,English,10.0,tt6125832,45,18.0,1,MY ONLY LOVE SONG
1379,45 RPM,2019,16+,45/100,1,0,0,0,tv_show,historical drama,Spain,Spanish,9.0,tt8987918,45,16.0,1,45 RPM
1380,Bromance,2015,16+,45/100,1,0,0,0,tv_show,reality television,United States,English,2.4,tt1244881,45,16.0,1,BROMANCE
1381,Amazing Interiors,2018,all,45/100,1,0,0,0,tv_show,reality television,United States,English,3.0,tt8747342,45,16.0,1,AMAZING INTERIORS
1382,72 Dangerous Animals: Asia,2018,16+,45/100,1,0,0,0,tv_show,television documentary,Australia,English,1.0,tt8728268,45,16.0,1,72 DANGEROUS ANIMALS: ASIA
1383,Mia and Me,2012,all,45/100,1,0,0,0,tv_show,"fantasy television series, children's television series, live action/animated television series, adventure television series","Germany, Italy, Canada",English,6.0,tt2203143,45,16.0,1,MIA AND ME
1384,Tong: Memories,2016,7+,45/100,1,0,0,0,tv_show,reality television,United States,English,8.1/10,tt0092400,45,7.0,1,TONG: MEMORIES
1385,The Unknown Hitman: The Story of El Cholo Adrián,2017,16+,45/100,1,0,0,0,tv_show,reality television,Mexico,English,10.0,tt6524440,45,16.0,1,THE UNKNOWN HITMAN: THE STORY OF EL CHOLO ADRIÁN
1386,Transformers: Robots In Disguise,2015,all,45/100,1,0,1,0,tv_show,reality television,United States,English,5.9/10,tt0092400,45,16.0,1,TRANSFORMERS: ROBOTS IN DISGUISE
1387,Deaf U,2020,18+,45/100,1,0,0,0,tv_show,reality television,United States,"American Sign Language, English",3.0,tt13070478,45,18.0,1,DEAF U
1388,Brotherhood,2019,16+,45/100,1,0,1,0,tv_show,drama television series,United States,English,10.0,tt0457229,45,16.0,1,BROTHERHOOD
1390,Lost Song,2018,16+,45/100,1,0,0,0,tv_show,reality television,United States,English,7.2/10,tt0092400,45,16.0,1,LOST SONG
1391,Fearless,2016,16+,45/100,1,0,1,0,tv_show,reality television,United States,English,7.2/10,tt0092400,45,16.0,1,FEARLESS
1392,Izzy's Koala World,2020,all,45/100,1,0,0,0,tv_show,television documentary,Australia,English,10.0,tt10687266,45,16.0,1,IZZY'S KOALA WORLD
1393,True and the Rainbow Kingdom,2017,all,45/100,1,0,0,0,tv_show,reality television,United States,English,7.1/10,tt0092400,45,16.0,1,TRUE AND THE RAINBOW KINGDOM
1394,Power Rangers Ninja Steel,2017,7+,45/100,1,0,0,0,tv_show,tokusatsu,United States,English,7.0,tt5335606,45,7.0,1,POWER RANGERS NINJA STEEL
1395,LEGO Jurassic World: Legend of Isla Nublar,2019,all,45/100,1,0,0,0,tv_show,reality television,"United States, Canada",English,10.0,tt10872880,45,16.0,1,LEGO JURASSIC WORLD: LEGEND OF ISLA NUBLAR
1396,Silvana Sin Lana,2016,16+,45/100,1,0,0,0,tv_show,telenovela,United States,Spanish,10.0,tt5663544,45,16.0,1,SILVANA SIN LANA
1397,Castle and Castle,2018,16+,45/100,1,0,0,0,tv_show,"drama television series, court show",Nigeria,English,10.0,tt9898916,45,16.0,1,CASTLE AND CASTLE
1398,Sugar Rush Christmas,2019,16+,45/100,1,0,0,0,tv_show,reality television,United States,English,7.0,tt11168116,45,16.0,1,SUGAR RUSH CHRISTMAS
1399,Buddy Thunderstruck,2017,7+,45/100,1,0,0,0,tv_show,reality television,United States,English,7.8/10,tt0092400,45,7.0,1,BUDDY THUNDERSTRUCK
1400,Inside the Criminal Mind,2018,18+,45/100,1,1,0,0,tv_show,"television documentary, documentary film, crime film","Czech Republic, United States",English,1.0,tt6775794,45,18.0,1,INSIDE THE CRIMINAL MIND
1401,Drifting Dragons,2020,16+,45/100,1,0,0,0,tv_show,reality television,United States,English,6.0/10,tt0092400,45,16.0,1,DRIFTING DRAGONS
1402,Late Night Restaurant,2015,16+,45/100,1,0,0,0,tv_show,"slice of life, drama fiction, drama television series",South Korea,Korean,7.9/10,tt0092400,45,16.0,1,LATE NIGHT RESTAURANT
1403,Holiday Secrets,2019,16+,44/100,1,0,0,0,tv_show,reality television,United States,English,6.5/10,tt0092400,44,16.0,1,HOLIDAY SECRETS
1404,Historical Roasts,2019,18+,44/100,1,0,0,0,tv_show,"roast, alternate history, historical drama",United States,American English,8.0,tt9169602,44,18.0,1,HISTORICAL ROASTS
1405,Twelve Forever,2019,7+,44/100,1,0,0,0,tv_show,reality television,United States,English,6.7/10,tt0092400,44,7.0,1,TWELVE FOREVER
1406,The School Nurse Files,2020,16+,44/100,1,0,0,0,tv_show,"television series based on a novel, fantasy television series",South Korea,Korean,6.0,tt12879522,44,16.0,1,THE SCHOOL NURSE FILES
1407,Hibana: Spark,2016,16+,44/100,1,0,0,0,tv_show,drama television series,Japan,Japanese,9.0,tt5301958,44,16.0,1,HIBANA: SPARK
1408,Touch Your Heart,2019,16+,44/100,1,0,0,0,tv_show,"romantic comedy, comedy film, romance film",South Korea,Korean,10.0,tt9466990,44,16.0,1,TOUCH YOUR HEART
1409,Cricket Fever: Mumbai Indians,2019,16+,44/100,1,0,0,0,tv_show,television documentary,India,English,9.0,tt8531592,44,16.0,1,CRICKET FEVER: MUMBAI INDIANS
1410,Age of Tanks,2019,18+,44/100,1,0,0,0,tv_show,reality television,United States,English,7.3/10,tt0092400,44,18.0,1,AGE OF TANKS
1411,Best Leftovers Ever!,2020,all,44/100,1,0,0,0,tv_show,reality television,United States,English,5.7,tt13563634,44,16.0,1,BEST LEFTOVERS EVER!
1412,Rhyme Time Town,2020,all,44/100,1,0,0,0,tv_show,reality television,United States,English,7.5/10,tt0092400,44,16.0,1,RHYME TIME TOWN
1413,Go Dog Go,2021,all,44/100,1,0,0,0,tv_show,reality television,United States,English,7.4/10,tt0092400,44,16.0,1,GO DOG GO
1414,Samantha!,2018,7+,44/100,1,0,0,0,tv_show,comedy television program,Brazil,Portuguese,1.0,tt6626676,44,7.0,1,SAMANTHA!
1415,Bread Barbershop,2020,16+,44/100,1,0,0,0,tv_show,reality television,United States,English,8.8/10,tt0092400,44,16.0,1,BREAD BARBERSHOP
1416,Mighty Little Bheem,2019,all,44/100,1,0,0,0,tv_show,"children's television series, comedy television series",India,English,10.0,tt10050752,44,16.0,1,MIGHTY LITTLE BHEEM
1418,Fall In Love With Me,2014,16+,44/100,1,0,0,0,tv_show,romantic comedy,Taiwan,Standard Chinese,8.0,tt6139710,44,16.0,1,FALL IN LOVE WITH ME
1419,Horrid Henry,2006,7+,44/100,1,0,1,0,tv_show,reality television,United States,English,6.4/10,tt0092400,44,7.0,1,HORRID HENRY
1420,The Ollie & Moon Show,2017,all,44/100,1,0,0,0,tv_show,reality television,United States,English,8.3/10,tt0092400,44,16.0,1,THE OLLIE & MOON SHOW
1421,Dinotrux,2015,7+,44/100,1,0,0,0,tv_show,comedy television series,"United States, Turkey",English,10.0,tt1396212,44,7.0,1,DINOTRUX
1422,Close Your Eyes Before It's Dark,2016,16+,44/100,1,0,0,0,tv_show,drama television series,Taiwan,Standard Taiwanese Mandarin,5.0,tt6506806,44,16.0,1,CLOSE YOUR EYES BEFORE IT'S DARK
1423,Some Assembly Required,2014,all,44/100,1,0,1,0,tv_show,sitcom,Canada,English,3.0,tt3441810,44,16.0,1,SOME ASSEMBLY REQUIRED
1424,Beyblade Burst Rise,2020,7+,44/100,1,0,0,0,tv_show,reality television,United States,English,6.5/10,tt0092400,44,7.0,1,BEYBLADE BURST RISE
1425,Keeping Up with the Joneses,2010,7+,44/100,1,0,0,0,tv_show,reality television,Australia,English,8.8/10,tt0092400,44,7.0,1,KEEPING UP WITH THE JONESES
1426,Rainbow Rangers,2018,all,44/100,1,0,0,0,tv_show,reality television,United States,English,10.0,tt7967882,44,16.0,1,RAINBOW RANGERS
1427,Fartsa,2015,16+,44/100,1,0,0,0,tv_show,drama fiction,Russia,Russian,9.0,tt4567218,44,16.0,1,FARTSA
1428,Dollar,2019,18+,44/100,1,0,0,0,tv_show,reality television,United States,English,6.7/10,tt0092400,44,18.0,1,DOLLAR
1429,First and Last,2018,18+,44/100,1,0,0,0,tv_show,television documentary,United States,English,9.0,tt8893502,44,18.0,1,FIRST AND LAST
1430,Over Christmas,2020,16+,44/100,1,0,0,0,tv_show,reality television,Germany,German,9.0,tt11951234,44,16.0,1,OVER CHRISTMAS
1431,The Last Word,2020,16+,44/100,1,0,0,0,tv_show,comedy drama,Germany,German,9.0,tt10506510,44,16.0,1,THE LAST WORD
1432,A Love So Beautiful (KR),2020,16+,44/100,1,0,0,0,tv_show,reality television,United States,English,7.4/10,tt0092400,44,16.0,1,A LOVE SO BEAUTIFUL (KR)
1433,Hjørdis,2015,all,44/100,1,0,0,0,tv_show,family television series,Denmark,Danish,9.0,tt4057466,44,16.0,1,HJØRDIS
1434,The Search,2020,16+,44/100,1,0,0,0,tv_show,reality television,United States,English,5.5/10,tt0092400,44,16.0,1,THE SEARCH
1435,Buried by the Bernards,2021,16+,44/100,1,0,0,0,tv_show,reality television,United States,English,10.0,tt13848380,44,16.0,1,BURIED BY THE BERNARDS
1436,Strongest Deliveryman,2017,16+,44/100,1,0,0,0,tv_show,"drama film, romance film",South Korea,Korean,10.0,tt7022748,44,16.0,1,STRONGEST DELIVERYMAN
1437,Kevin Hart: Don't F**k This Up,2019,18+,44/100,1,0,0,0,tv_show,reality television,United States,English,4.0,tt11313054,44,18.0,1,KEVIN HART: DON'T F**K THIS UP
1438,Crime Diaries: Night Out,2019,16+,44/100,1,0,0,0,tv_show,reality television,Colombia,Spanish,9.0,tt10242266,44,16.0,1,CRIME DIARIES: NIGHT OUT
1439,LEGO City Adventures,2019,7+,44/100,1,0,1,0,tv_show,reality television,United States,English,7.0/10,tt0092400,44,7.0,1,LEGO CITY ADVENTURES
1440,The Hollywood Masters,2017,16+,44/100,1,0,0,0,tv_show,reality television,United States,English,7.3/10,tt0092400,44,16.0,1,THE HOLLYWOOD MASTERS
1441,Nature's Weirdest Events,2012,all,44/100,1,0,0,0,tv_show,reality television,United Kingdom,English,7.0,tt2195251,44,16.0,1,NATURE'S WEIRDEST EVENTS
1442,Dragon Pilot: Hisone and Masotan,2018,16+,44/100,1,0,0,0,tv_show,reality television,United States,English,6.9/10,tt0092400,44,16.0,1,DRAGON PILOT: HISONE AND MASOTAN
1443,Talking Tom and Friends,2014,7+,44/100,1,0,0,0,tv_show,reality television,United States,English,6.3/10,tt0092400,44,7.0,1,TALKING TOM AND FRIENDS
1444,Twice Upon a Time,2019,16+,44/100,1,0,0,0,tv_show,reality television,United States,English,6.2/10,tt0092400,44,16.0,1,TWICE UPON A TIME
1445,The Liar and His Lover,2017,16+,44/100,1,0,0,0,tv_show,"romantic comedy, romance film",South Korea,Korean,10.0,tt6422226,44,16.0,1,THE LIAR AND HIS LOVER
1446,Coach Snoop,2016,all,44/100,1,0,0,0,tv_show,television documentary,United States,English,10.0,tt5697642,44,16.0,1,COACH SNOOP
1447,Hero Mask,2018,16+,44/100,1,0,0,0,tv_show,reality television,United States,English,6.2/10,tt0092400,44,16.0,1,HERO MASK
1448,Emily's Wonder Lab,2020,all,44/100,1,0,0,0,tv_show,reality television,United States,English,8.0,tt10687464,44,16.0,1,EMILY'S WONDER LAB
1449,The Ghost Bride,2020,18+,44/100,1,0,0,0,tv_show,"television series based on a novel, fantasy television series","Taiwan, Malaysia","Standard Chinese, Malay, Yue Chinese",7.0,tt9690302,44,18.0,1,THE GHOST BRIDE
1450,West Coast Customs,2011,16+,44/100,1,0,1,0,tv_show,reality television,United States,English,4.0,tt1885855,44,16.0,1,WEST COAST CUSTOMS
1451,Chief of Staff,2019,16+,44/100,1,0,0,0,tv_show,Korean drama,South Korea,Korean,8.0,tt10220476,44,16.0,1,CHIEF OF STAFF
1452,Pup Academy,2019,16+,44/100,1,0,0,0,tv_show,reality television,Canada,English,10.0,tt10302548,44,16.0,1,PUP ACADEMY
1453,Three Days of Christmas,2019,18+,44/100,1,0,0,0,tv_show,reality television,United States,English,6.8/10,tt0092400,44,18.0,1,THREE DAYS OF CHRISTMAS
1454,Homemade,2020,16+,44/100,1,0,0,0,tv_show,reality television,United States,English,6.0/10,tt0092400,44,16.0,1,HOMEMADE
1455,Ingress: The Animation,2018,all,44/100,1,0,0,0,tv_show,reality television,United States,English,6.6/10,tt0092400,44,16.0,1,INGRESS: THE ANIMATION
1456,Exhibit A,2019,18+,44/100,1,0,1,0,tv_show,true crime,United States,English,8.0,tt10376904,44,18.0,1,EXHIBIT A
1457,Apache: La vida de Carlos Tevez,2019,18+,44/100,1,0,0,0,tv_show,reality television,United States,English,7.9/10,tt0092400,44,18.0,1,APACHE: LA VIDA DE CARLOS TEVEZ
1458,Home: Adventures with Tip & Oh,2016,7+,43/100,1,0,0,0,tv_show,"science fiction television program, comedy television series",United States,English,10.0,tt5759196,43,7.0,1,HOME: ADVENTURES WITH TIP & OH
1459,Hotel Transylvania,2017,7+,43/100,1,0,0,0,tv_show,reality television,United States,English,5.5/10,tt0092400,43,7.0,1,HOTEL TRANSYLVANIA
1460,A Little Help with Carol Burnett,2018,16+,43/100,1,0,0,0,tv_show,reality television,United States,English,1.0,tt7204366,43,16.0,1,A LITTLE HELP WITH CAROL BURNETT
1461,The Garden of Heaven,2011,16+,43/100,1,0,0,0,tv_show,reality television,United States,English,8.7/10,tt0092400,43,16.0,1,THE GARDEN OF HEAVEN
1462,Julie's Greenroom,2017,16+,43/100,1,0,0,0,tv_show,"children's television series, educational television",United States,English,10.0,tt5779222,43,16.0,1,JULIE'S GREENROOM
1463,Barbie Dreamhouse Adventures,2018,all,43/100,1,0,0,0,tv_show,comedy,United States,English,10.0,tt7661472,43,16.0,1,BARBIE DREAMHOUSE ADVENTURES
1464,Hidden Worlds,2018,all,43/100,1,0,0,0,tv_show,reality television,United States,English,7.2/10,tt0092400,43,16.0,1,HIDDEN WORLDS
1465,A Boy Named Flora A,2017,18+,43/100,1,0,0,0,tv_show,drama television series,Taiwan,"Standard Taiwanese Mandarin, Taiwanese Hokkien, Vietnamese",7.9,tt6284014,43,18.0,1,A BOY NAMED FLORA A
1466,My Sassy Girl,2017,16+,43/100,1,0,0,0,tv_show,"romantic comedy, alternate history television series",South Korea,Korean,10.0,tt6175760,43,16.0,1,MY SASSY GIRL
1467,The Idhun Chronicles,2020,16+,43/100,1,0,0,0,tv_show,reality television,United States,English,5.4/10,tt0092400,43,16.0,1,THE IDHUN CHRONICLES
1468,Larva Island,2018,16+,43/100,1,0,0,0,tv_show,children's television series,South Korea,English,9.0,tt9077194,43,16.0,1,LARVA ISLAND
1469,44 Cats,2018,7+,43/100,1,0,0,0,tv_show,reality television,United States,English,6.1/10,tt0092400,43,7.0,1,44 CATS
1470,Refresh Man,2016,16+,43/100,1,0,0,0,tv_show,romantic comedy,Taiwan,Standard Chinese,8.0,tt5842808,43,16.0,1,REFRESH MAN
1471,Battlefish,2018,16+,43/100,1,0,0,0,tv_show,reality television,United States,English,6.0,tt8893566,43,16.0,1,BATTLEFISH
1472,Maradona in Mexico,2019,16+,43/100,1,0,0,0,tv_show,reality television,United States,English,7.2/10,tt0092400,43,16.0,1,MARADONA IN MEXICO
1473,72 Dangerous Places to Live,2016,18+,43/100,1,0,0,0,tv_show,documentary,Australia,English,6.0,tt5674272,43,18.0,1,72 DANGEROUS PLACES TO LIVE
1474,Drug Squad: Costa del Sol,2019,16+,43/100,1,0,0,0,tv_show,drama television series,Spain,Spanish,10.0,tt8476166,43,16.0,1,DRUG SQUAD: COSTA DEL SOL
1475,Turbo FAST,2013,7+,43/100,1,0,0,0,tv_show,reality television,United States,English,6.5/10,tt0092400,43,7.0,1,TURBO FAST
1476,The Forest of Love: Deep Cut,2020,16+,43/100,1,0,0,0,tv_show,reality television,United States,English,6.8/10,tt0092400,43,16.0,1,THE FOREST OF LOVE: DEEP CUT
1477,Abla Fahita: Drama Queen,2021,16+,43/100,1,0,0,0,tv_show,reality television,United States,English,6.6/10,tt0092400,43,16.0,1,ABLA FAHITA: DRAMA QUEEN
1478,Legend Quest,2017,7+,43/100,1,0,0,0,tv_show,reality television,United States,English,1.0,tt1874006,43,7.0,1,LEGEND QUEST
1479,Korean Pork Belly Rhapsody,2020,16+,43/100,1,0,0,0,tv_show,television documentary,South Korea,Korean,10.0,tt0092400,43,16.0,1,KOREAN PORK BELLY RHAPSODY
1480,"Nuevo rico, nuevo pobre",2007,16+,43/100,1,0,0,0,tv_show,reality television,Colombia,Spanish,7.8,tt32375039,43,16.0,1,"NUEVO RICO, NUEVO POBRE"
1481,Tattoo Redo,2021,16+,43/100,1,0,0,0,tv_show,reality television,United States,English,4.0,tt14956090,43,16.0,1,TATTOO REDO
1482,Dinosaur King,2007,7+,43/100,1,0,0,0,tv_show,reality television,United States,English,5.7/10,tt0092400,43,7.0,1,DINOSAUR KING
1483,Once Upon a Time in Lingjian Mountain,2019,all,43/100,1,0,0,0,tv_show,reality television,People's Republic of China,Standard Chinese,6.0,tt11261994,43,16.0,1,ONCE UPON A TIME IN LINGJIAN MOUNTAIN
1484,On Children,2018,16+,43/100,1,0,0,0,tv_show,"science fiction television program, anthology series, satire",Taiwan,Standard Taiwanese Mandarin,10.0,tt8507402,43,16.0,1,ON CHILDREN
1485,The Prince Who Turns into a Frog,2005,16+,43/100,1,0,0,0,tv_show,mandopop,Taiwan,"Standard Chinese, Standard Taiwanese Mandarin",7.0,tt1454440,43,16.0,1,THE PRINCE WHO TURNS INTO A FROG
1486,Take My Brother Away,2018,all,43/100,1,0,0,0,tv_show,reality television,People's Republic of China,Standard Chinese,10.0,tt8894324,43,16.0,1,TAKE MY BROTHER AWAY
1487,Juman,2019,16+,43/100,1,0,0,0,tv_show,reality television,United States,English,5.4/10,tt0092400,43,16.0,1,JUMAN
1488,The Rap Game,2016,7+,43/100,1,0,0,0,tv_show,reality television,United States,English,10.0,tt5637842,43,7.0,1,THE RAP GAME
1489,Basketball or Nothing,2019,7+,43/100,1,0,0,0,tv_show,television documentary,United States,English,8.0,tt10698408,43,7.0,1,BASKETBALL OR NOTHING
1490,Go! Go! Cory Carson,2020,all,43/100,1,0,0,0,tv_show,reality television,United States,English,8.1/10,tt0092400,43,16.0,1,GO! GO! CORY CARSON
1491,Mother Goose Club,2010,16+,43/100,1,0,0,0,tv_show,reality television,United States,English,7.4/10,tt0092400,43,16.0,1,MOTHER GOOSE CLUB
1492,Tiffany Haddish Presents: They Ready,2019,16+,43/100,1,0,0,0,tv_show,stand-up comedy,United States,English,8.0,tt10085386,43,16.0,1,TIFFANY HADDISH PRESENTS: THEY READY
1493,Possessed,2019,16+,43/100,1,0,1,0,tv_show,"film score, fantasy television series, drama television series",South Korea,Korean,6.0,tt9537306,43,16.0,1,POSSESSED
1494,Someone Like You,2015,16+,43/100,1,0,0,0,tv_show,reality television,United States,English,8.0/10,tt0092400,43,16.0,1,SOMEONE LIKE YOU
1495,Little Singham,2018,16+,43/100,1,0,0,0,tv_show,reality television,India,English,1.0,tt11151836,43,16.0,1,LITTLE SINGHAM
1496,Off Camera with Sam Jones,2014,16+,43/100,1,0,0,0,tv_show,reality television,United States,English,8.4/10,tt0092400,43,16.0,1,OFF CAMERA WITH SAM JONES
1497,Super Monsters,2017,all,43/100,1,0,0,0,tv_show,reality television,United States,English,6.5/10,tt0092400,43,16.0,1,SUPER MONSTERS
1498,How to Ruin Christmas: The Wedding,2020,18+,43/100,1,0,0,0,tv_show,reality television,South Africa,English,10.0,tt13492362,43,18.0,1,HOW TO RUIN CHRISTMAS: THE WEDDING
1499,ReBoot: The Guardian Code,2018,7+,43/100,1,0,0,0,tv_show,"action television series, comedy television series, science fiction television program, adventure television series",Canada,English,3.0,tt6849940,43,7.0,1,REBOOT: THE GUARDIAN CODE
1500,Engineering Girls,2019,16+,43/100,1,0,0,0,tv_show,reality television,United States,English,7.0/10,tt0092400,43,16.0,1,ENGINEERING GIRLS
1501,Hoff the Record,2015,16+,43/100,1,0,1,0,tv_show,German television comedy,United Kingdom,English,10.0,tt4095622,43,16.0,1,HOFF THE RECORD
1502,Larry Charles' Dangerous World of Comedy,2019,18+,43/100,1,0,0,0,tv_show,"comedy television program, television documentary",United States,English,7.0,tt9654082,43,18.0,1,LARRY CHARLES' DANGEROUS WORLD OF COMEDY
1503,Triad Princess,2019,18+,43/100,1,0,0,0,tv_show,romance film,Taiwan,English,8.0,tt9314996,43,18.0,1,TRIAD PRINCESS
1504,Get Organized with The Home Edit,2020,16+,43/100,1,0,0,0,tv_show,reality television,United States,English,1.0,tt10834478,43,16.0,1,GET ORGANIZED WITH THE HOME EDIT
1505,Apaches,2015,18+,43/100,1,0,0,0,tv_show,drama television series,Spain,Spanish,9.0,tt4418844,43,18.0,1,APACHES
1506,Social Distance,2020,16+,42/100,1,0,0,0,tv_show,anthology series,United States,English,8.0,tt12313074,42,16.0,1,SOCIAL DISTANCE
1507,Followers,2020,18+,42/100,1,0,0,0,tv_show,drama,Japan,Japanese,5.0,tt10049610,42,18.0,1,FOLLOWERS
1508,13 Reasons Why: Beyond the Reasons,2017,18+,42/100,1,0,0,0,tv_show,aftershow,United States,English,10.0,tt8615966,42,18.0,1,13 REASONS WHY: BEYOND THE REASONS
1509,One on One with Kirk Cameron,2019,16+,42/100,1,0,0,0,tv_show,reality television,United States,English,4.2/10,tt0092400,42,16.0,1,ONE ON ONE WITH KIRK CAMERON
1510,Marriage or Mortgage,2021,16+,42/100,1,0,0,0,tv_show,reality television,United States,English,3.0,tt14037542,42,16.0,1,MARRIAGE OR MORTGAGE
1511,Cupcake & Dino - General Services,2018,7+,42/100,1,0,0,0,tv_show,reality television,United States,English,7.8/10,tt0092400,42,7.0,1,CUPCAKE & DINO - GENERAL SERVICES
1512,Ice Fantasy,2016,16+,42/100,1,0,0,0,tv_show,fantasy television series,People's Republic of China,Standard Chinese,8.0,tt5022298,42,16.0,1,ICE FANTASY
1513,Revolutionary Love,2017,7+,42/100,1,0,0,0,tv_show,"romantic comedy, comedy film, romance film",South Korea,Korean,9.0,tt7340800,42,7.0,1,REVOLUTIONARY LOVE
1514,"Rica, Famosa, Latina",2014,16+,42/100,1,1,0,0,tv_show,reality television,United States,English,3.0,tt4591212,42,16.0,1,"RICA, FAMOSA, LATINA"
1515,Sunny Bunnies,2015,all,42/100,1,0,0,0,tv_show,reality television,United States,English,6.8/10,tt0092400,42,16.0,1,SUNNY BUNNIES
1516,Stretch Armstrong & the Flex Fighters,2017,7+,42/100,1,0,0,0,tv_show,reality television,United States,English,6.5/10,tt0092400,42,7.0,1,STRETCH ARMSTRONG & THE FLEX FIGHTERS
1517,The Who Was? Show,2018,16+,42/100,1,0,0,0,tv_show,reality television,United States,English,10.0,tt7488702,42,16.0,1,THE WHO WAS? SHOW
1518,The Wedding Coach,2021,16+,42/100,1,0,0,0,tv_show,"reality television, comedy",United States,English,10.0,tt14210424,42,16.0,1,THE WEDDING COACH
1519,Oscar's Oasis,2010,16+,42/100,1,0,0,0,tv_show,reality television,United States,English,7.5/10,tt0092400,42,16.0,1,OSCAR'S OASIS
1520,Simon,2016,all,42/100,1,0,0,0,tv_show,reality television,United States,English,7.3/10,tt0092400,42,16.0,1,SIMON
1521,72 Cutest Animals,2016,16+,42/100,1,0,0,0,tv_show,television documentary,Australia,English,5.0,tt5815824,42,16.0,1,72 CUTEST ANIMALS
1522,Zig and Sharko,2010,all,42/100,1,0,0,0,tv_show,reality television,United States,English,6.9/10,tt0092400,42,16.0,1,ZIG AND SHARKO
1523,Criminal: Germany,2019,16+,42/100,1,0,0,0,tv_show,detective fiction,Germany,German,10.0,tt10986056,42,16.0,1,CRIMINAL: GERMANY
1524,Glitter Force Doki Doki,2017,7+,42/100,1,0,0,0,tv_show,reality television,United States,English,10.0,tt0092400,42,7.0,1,GLITTER FORCE DOKI DOKI
1525,The Octonauts,2010,all,42/100,1,0,0,0,tv_show,reality television,United States,English,6.4/10,tt0092400,42,16.0,1,THE OCTONAUTS
1526,Westside,2018,16+,42/100,1,0,1,0,tv_show,reality television series,United States,English,10.0,tt8693758,42,16.0,1,WESTSIDE
1527,Alien TV,2020,7+,42/100,1,0,0,0,tv_show,"children's television series, live action/animated television series",Australia,English,10.0,tt12765530,42,7.0,1,ALIEN TV
1528,My Perfect Landing,2020,16+,42/100,1,0,0,0,tv_show,"sport film, teen drama television",Canada,English,7.0,tt10268080,42,16.0,1,MY PERFECT LANDING
1529,Love Daily,2018,16+,42/100,1,0,0,0,tv_show,reality television,United States,English,6.1/10,tt0092400,42,16.0,1,LOVE DAILY
1530,VeggieTales in the City,2017,all,42/100,1,0,0,0,tv_show,reality television,United States,English,6.0/10,tt0092400,42,16.0,1,VEGGIETALES IN THE CITY
1531,Love O2O,2016,16+,42/100,1,0,0,0,tv_show,reality television,United States,English,8.0/10,tt0092400,42,16.0,1,LOVE O2O
1532,Anitta: Made in Honório,2020,16+,42/100,1,0,0,0,tv_show,television documentary,Brazil,Brazilian Portuguese,10.0,tt13486136,42,16.0,1,ANITTA: MADE IN HONÓRIO
1533,Upin & Ipin,2007,all,42/100,1,0,0,0,tv_show,reality television,United States,English,5.8/10,tt0092400,42,16.0,1,UPIN & IPIN
1534,Follow This,2018,18+,42/100,1,0,0,0,tv_show,television documentary,United States,English,2.0,tt8560884,42,18.0,1,FOLLOW THIS
1535,Agent,2019,16+,42/100,1,0,0,0,tv_show,reality television,United States,English,7.2/10,tt0092400,42,16.0,1,AGENT
1536,Garth Brooks: The Road I'm On,2019,16+,42/100,1,0,0,0,tv_show,reality television,United States,English,7.4/10,tt0092400,42,16.0,1,GARTH BROOKS: THE ROAD I'M ON
1537,Living Undocumented,2019,18+,42/100,1,0,0,0,tv_show,documentary film,United States,English,10.0,tt10977486,42,18.0,1,LIVING UNDOCUMENTED
1538,Fate/Extra Last Encore,2018,18+,42/100,1,0,0,0,tv_show,reality television,United States,English,5.4/10,tt0092400,42,18.0,1,FATE/EXTRA LAST ENCORE
1539,Alphablocks,2010,all,42/100,1,0,0,0,tv_show,reality television,United States,English,7.8/10,tt0092400,42,16.0,1,ALPHABLOCKS
1540,Puerta 7,2020,18+,42/100,1,0,0,0,tv_show,drama,Argentina,Spanish,3.0,tt9170386,42,18.0,1,PUERTA 7
1541,The Witcher: A Look Inside the Episodes,2020,16+,42/100,1,0,0,0,tv_show,reality television,United States,English,7.1/10,tt0092400,42,16.0,1,THE WITCHER: A LOOK INSIDE THE EPISODES
1542,We Speak Dance,2018,7+,42/100,1,0,0,0,tv_show,television documentary,United States,English,7.3,tt7737500,42,7.0,1,WE SPEAK DANCE
1543,Racket Boys,2021,16+,42/100,1,0,0,0,tv_show,Korean drama,South Korea,Korean,8.0,tt14482414,42,16.0,1,RACKET BOYS
1544,Voices of Fire,2020,16+,42/100,1,0,0,0,tv_show,reality television,United States,English,10.0,tt13329282,42,16.0,1,VOICES OF FIRE
1545,Heidi,2015,all,42/100,1,0,1,0,tv_show,reality television,United States,English,7.2/10,tt0092400,42,16.0,1,HEIDI
1546,The Many Faces of Ito,2017,16+,42/100,1,0,0,0,tv_show,romantic comedy,Japan,Japanese,10.0,tt7134506,42,16.0,1,THE MANY FACES OF ITO
1547,Centaurworld,2021,7+,42/100,1,0,0,0,tv_show,reality television,United States,English,7.1/10,tt0092400,42,7.0,1,CENTAURWORLD
1548,Magmel of the Sea Blue,2019,7+,41/100,1,0,0,0,tv_show,reality television,United States,English,6.2/10,tt0092400,41,7.0,1,MAGMEL OF THE SEA BLUE
1549,Serial Killer with Piers Morgan,2017,16+,41/100,1,0,0,0,tv_show,television documentary,United Kingdom,English,3.9,tt7667038,41,16.0,1,SERIAL KILLER WITH PIERS MORGAN
1550,The Legend of White Snake,2019,all,41/100,1,0,0,0,tv_show,"period drama film, fantasy television series",People's Republic of China,Standard Chinese,10.0,tt10628250,41,16.0,1,THE LEGEND OF WHITE SNAKE
1551,Pet Stars,2021,16+,41/100,1,0,0,0,tv_show,reality television,United States,English,10.0,tt14318392,41,16.0,1,PET STARS
1552,Last Hope,2018,16+,41/100,1,0,0,0,tv_show,"drama television series, medical drama",Japan,Japanese,5.8/10,tt0092400,41,16.0,1,LAST HOPE
1553,Msameer,2011,16+,41/100,1,0,0,0,tv_show,reality television,United States,English,8.5/10,tt0092400,41,16.0,1,MSAMEER
1554,Nadiya Bakes,2020,16+,41/100,1,0,0,0,tv_show,cooking show,United Kingdom,English,8.0,tt11714872,41,16.0,1,NADIYA BAKES
1555,Conspiracy,2015,16+,41/100,1,0,0,0,tv_show,reality television,United States,English,6.2/10,tt0092400,41,16.0,1,CONSPIRACY
1556,Death by Magic,2018,7+,41/100,1,0,0,0,tv_show,reality television,United States,English,9.0,tt8887956,41,7.0,1,DEATH BY MAGIC
1557,Welcome to the Family,2018,16+,41/100,1,0,0,0,tv_show,comedy television series,Spain,Catalan,8.0,tt7490342,41,16.0,1,WELCOME TO THE FAMILY
1558,Narcoworld: Dope Stories,2019,16+,41/100,1,0,0,0,tv_show,television documentary,United States,English,10.0,tt11215112,41,16.0,1,NARCOWORLD: DOPE STORIES
1559,Motown Magic,2018,all,41/100,1,0,0,0,tv_show,reality television,United States,English,7.7/10,tt0092400,41,16.0,1,MOTOWN MAGIC
1560,Blazing Transfer Students,2017,16+,41/100,1,0,0,0,tv_show,reality television,Japan,English,7.0,tt7931520,41,16.0,1,BLAZING TRANSFER STUDENTS
1561,Almost Happy,2020,16+,41/100,1,0,0,0,tv_show,comedy television series,Argentina,Spanish,10.0,tt12146940,41,16.0,1,ALMOST HAPPY
1562,Gormiti,2018,7+,41/100,1,0,0,0,tv_show,reality television,Italy,English,1.0,tt2644204,41,7.0,1,GORMITI
1563,We Are: The Brooklyn Saints,2021,16+,41/100,1,0,0,0,tv_show,television documentary,United States,English,8.0,tt13656220,41,16.0,1,WE ARE: THE BROOKLYN SAINTS
1564,That's What Happened,2019,16+,41/100,1,0,0,0,tv_show,reality television,United States,English,8.1/10,tt0092400,41,16.0,1,THAT'S WHAT HAPPENED
1565,Takki,2012,all,41/100,1,0,0,0,tv_show,reality television,United States,English,7.1/10,tt0092400,41,16.0,1,TAKKI
1566,Lava Ka Dhaava,2021,16+,41/100,1,0,0,0,tv_show,reality television,United States,English,6.1/10,tt0092400,41,16.0,1,LAVA KA DHAAVA
1567,Angelina Ballerina: The Next Steps,2009,all,41/100,1,0,0,0,tv_show,reality television,United States,English,4.9/10,tt0092400,41,16.0,1,ANGELINA BALLERINA: THE NEXT STEPS
1568,Z4,2018,all,41/100,1,0,0,0,tv_show,"telenovela, comedy, music television",Brazil,English,6.6,tt8618456,41,16.0,1,Z4
1569,The Casketeers,2018,16+,41/100,1,0,0,0,tv_show,reality television,New Zealand,New Zealand English,9.0,tt8365054,41,16.0,1,THE CASKETEERS
1570,Age of Rebellion,2018,16+,41/100,1,0,0,0,tv_show,"idol dorama, gakuen drama, coming-of-age fiction",Taiwan,Standard Taiwanese Mandarin,10.0,tt8931836,41,16.0,1,AGE OF REBELLION
1571,Spectros,2020,18+,41/100,1,0,0,0,tv_show,fantasy television series,Brazil,English,4.0,tt10145110,41,18.0,1,SPECTROS
1572,Dear My Friends,2016,16+,41/100,1,0,0,0,tv_show,drama fiction,South Korea,English,10.0,tt5689030,41,16.0,1,DEAR MY FRIENDS
1573,Panda and Hedgehog,2012,16+,41/100,1,0,0,0,tv_show,"romance film, comedy film",South Korea,Korean,4.0,tt3647374,41,16.0,1,PANDA AND HEDGEHOG
1574,Black Hollywood: 'They've Gotta Have Us',2018,16+,41/100,1,0,0,0,tv_show,reality television,United States,English,7.6/10,tt0092400,41,16.0,1,BLACK HOLLYWOOD: 'THEY'VE GOTTA HAVE US'
1575,A Year In Space,2016,16+,41/100,1,0,1,0,tv_show,reality television,United States,English,7.4/10,tt0092400,41,16.0,1,A YEAR IN SPACE
1576,My Runway,2016,7+,41/100,1,0,0,0,tv_show,drama television series,South Korea,Korean,7.0,tt6968336,41,7.0,1,MY RUNWAY
1577,LEGO Marvel Avengers: Climate Conundrum,2020,7+,41/100,1,0,0,0,tv_show,reality television,United States,English,7.0/10,tt0092400,41,7.0,1,LEGO MARVEL AVENGERS: CLIMATE CONUNDRUM
1578,Cyborg 009: Call of Justice,2017,16+,41/100,1,0,0,0,tv_show,reality television,United States,English,5.8/10,tt0092400,41,16.0,1,CYBORG 009: CALL OF JUSTICE
1579,Dave Chappelle: Equanimity & The Bird Revelation,2017,16+,41/100,1,0,0,0,tv_show,reality television,United States,English,10.0,tt0092400,41,16.0,1,DAVE CHAPPELLE: EQUANIMITY & THE BIRD REVELATION
1580,Check The Store Next Door: The Next Chapter,2018,16+,41/100,1,0,0,0,tv_show,reality television,United States,English,7.9/10,tt0092400,41,16.0,1,CHECK THE STORE NEXT DOOR: THE NEXT CHAPTER
1581,Somewhere Only We Know,2019,16+,41/100,1,0,0,0,tv_show,reality television,People's Republic of China,Standard Chinese,5.0,tt10472296,41,16.0,1,SOMEWHERE ONLY WE KNOW
1582,The Haunted House,2016,7+,40/100,1,0,0,0,tv_show,reality television,United States,English,8.4/10,tt0092400,40,7.0,1,THE HAUNTED HOUSE
1583,Oddbods (Shorts),2015,7+,40/100,1,0,0,0,tv_show,reality television,United States,English,6.4/10,tt0092400,40,7.0,1,ODDBODS (SHORTS)
1584,Tayo the Little Bus,2010,16+,40/100,1,1,1,0,tv_show,reality television,United States,English,5.6/10,tt0092400,40,16.0,1,TAYO THE LITTLE BUS
1585,Cleo & Cuquin,2018,7+,40/100,1,0,0,0,tv_show,children's television series,Spain,English,10.0,tt7956374,40,7.0,1,CLEO & CUQUIN
1586,Inspector Gadget,2015,all,40/100,1,0,0,1,tv_show,reality television,United States,English,4.6/10,tt0092400,40,16.0,1,INSPECTOR GADGET
1587,Let's Fight Ghost,2021,16+,40/100,1,0,0,0,tv_show,romantic comedy,Thailand,Thai,9.0,tt14168868,40,16.0,1,LET'S FIGHT GHOST
1588,Magic for Humans Spain,2021,18+,40/100,1,0,0,0,tv_show,"reality television, comedy television program",Spain,Spanish,5.9,tt14136320,40,18.0,1,MAGIC FOR HUMANS SPAIN
1589,The Defected,2019,16+,40/100,1,0,0,0,tv_show,reality television,Hong Kong,English,6.0,tt10141612,40,16.0,1,THE DEFECTED
1590,The Qin Empire,2009,7+,40/100,1,0,0,0,tv_show,historical drama,People's Republic of China,English,8.0,tt5293462,40,7.0,1,THE QIN EMPIRE
1591,Creator's File: GOLD,2021,16+,40/100,1,0,0,0,tv_show,reality television,United States,English,6.5/10,tt0092400,40,16.0,1,CREATOR'S FILE: GOLD
1592,Fary: Hexagone,2020,16+,40/100,1,0,0,0,tv_show,reality television,United States,English,6.5/10,tt0092400,40,16.0,1,FARY: HEXAGONE
1593,The Comedy Lineup,2018,18+,40/100,1,0,0,0,tv_show,stand-up comedy,United States,English,1.0,tt8687584,40,18.0,1,THE COMEDY LINEUP
1594,Back with the Ex,2019,16+,40/100,1,0,0,0,tv_show,reality television,Australia,English,8.0,tt9316002,40,16.0,1,BACK WITH THE EX
1595,Charlie's Colorforms City,2019,all,40/100,1,0,0,0,tv_show,reality television,United States,English,7.1/10,tt0092400,40,16.0,1,CHARLIE'S COLORFORMS CITY
1596,Cloudy with a Chance of Meatballs,2017,all,40/100,1,0,0,0,tv_show,reality television,United States,English,3.3/10,tt0092400,40,16.0,1,CLOUDY WITH A CHANCE OF MEATBALLS
1597,Team Kaylie,2019,16+,40/100,1,0,0,0,tv_show,comedy television series,United States,English,1.0,tt9717424,40,16.0,1,TEAM KAYLIE
1598,Absurd Planet,2020,7+,40/100,1,0,0,0,tv_show,"television documentary, nature documentary",United States,English,1.0,tt12027008,40,7.0,1,ABSURD PLANET
1599,"Love, Now",2007,16+,40/100,1,0,0,0,tv_show,drama television series,Taiwan,"Standard Chinese, Standard Taiwanese Mandarin",8.0,tt6273116,40,16.0,1,"LOVE, NOW"
1600,Mighty Express,2020,all,40/100,1,0,0,0,tv_show,children's television series,"United States, Canada",English,10.0,tt11860336,40,16.0,1,MIGHTY EXPRESS
1601,Children of Adam,2020,18+,40/100,1,0,0,0,tv_show,reality television,United States,English,7.9/10,tt0092400,40,18.0,1,CHILDREN OF ADAM
1602,Nowhere Man,2019,18+,40/100,1,0,0,0,tv_show,reality television,United States,English,5.6/10,tt0092400,40,18.0,1,NOWHERE MAN
1603,Office Girls,2011,16+,40/100,1,0,0,0,tv_show,romantic comedy,Taiwan,English,7.0,tt4381290,40,16.0,1,OFFICE GIRLS
1604,Club de Cuervos Presents: The Ballad of Hugo Sánchez,2018,18+,40/100,1,0,0,0,tv_show,reality television,Mexico,Spanish,1.0,tt8498114,40,18.0,1,CLUB DE CUERVOS PRESENTS: THE BALLAD OF HUGO SÁNCHEZ
1605,Mob Psycho 100,2018,all,40/100,1,0,0,0,tv_show,reality television,United States,English,5.2/10,tt0092400,40,16.0,1,MOB PSYCHO 100
1606,White Nights,2016,16+,40/100,1,1,0,0,tv_show,reality television,United States,English,7.0/10,tt0092400,40,16.0,1,WHITE NIGHTS
1607,Lego Bionicle: The Journey to One,2016,7+,40/100,1,0,0,0,tv_show,reality television,United States,English,5.5/10,tt0092400,40,7.0,1,LEGO BIONICLE: THE JOURNEY TO ONE
1608,Back Street Girls: Goku Dolls,2018,18+,40/100,1,0,0,0,tv_show,reality television,United States,English,6.7/10,tt0092400,40,18.0,1,BACK STREET GIRLS: GOKU DOLLS
1609,The Iliza Shlesinger Sketch Show,2020,18+,40/100,1,0,0,0,tv_show,reality television,United States,English,3.0,tt11092086,40,18.0,1,THE ILIZA SHLESINGER SKETCH SHOW
1610,Becoming Champions,2018,all,40/100,1,0,0,0,tv_show,television documentary,Mexico,Spanish,5.0,tt8796068,40,16.0,1,BECOMING CHAMPIONS
1611,Bakugan: Battle Planet,2018,all,40/100,1,0,0,0,tv_show,reality television,United States,English,4.9/10,tt0092400,40,16.0,1,BAKUGAN: BATTLE PLANET
1612,Terrorism Close Calls,2018,16+,40/100,1,0,0,0,tv_show,"television documentary, documentary film","United States, Czech Republic",English,5.0,tt6775816,40,16.0,1,TERRORISM CLOSE CALLS
1613,The Writer,2019,7+,40/100,1,0,0,0,tv_show,"mockumentary, drama",Israel,"Hebrew, Arabic",10.0,tt6483304,40,7.0,1,THE WRITER
1614,Robot Trains,2017,all,40/100,1,0,1,0,tv_show,reality television,United States,English,6.2/10,tt0092400,40,16.0,1,ROBOT TRAINS
1615,Pororo the Little Penguin,2003,all,40/100,1,1,1,0,tv_show,reality television,United States,English,6.0/10,tt0092400,40,16.0,1,PORORO THE LITTLE PENGUIN
1616,Unrequited Love,2019,16+,40/100,1,0,0,0,tv_show,television series based on a novel,People's Republic of China,Putonghua,7.3,tt13847742,40,16.0,1,UNREQUITED LOVE
1617,H2O - Abenteuer Meerjungfrau,2015,7+,40/100,1,0,0,0,tv_show,reality television,United States,English,5.6/10,tt0092400,40,7.0,1,H2O - ABENTEUER MEERJUNGFRAU
1618,Rea(l)ove,2018,16+,40/100,1,0,0,0,tv_show,reality television,United States,English,6.7/10,tt0092400,40,16.0,1,REA(L)OVE
1619,Scams,2019,16+,40/100,1,0,0,0,tv_show,"drama television series, television series based on a novel",Japan,English,10.0,tt10448486,40,16.0,1,SCAMS
1620,The Fierce Wife,2010,16+,40/100,1,0,0,0,tv_show,reality television,Taiwan,English,8.0,tt4304720,40,16.0,1,THE FIERCE WIFE
1621,Eugenie Nights - ليالي أوجيني,2018,16+,40/100,1,0,0,0,tv_show,reality television,United States,English,7.4/10,tt0092400,40,16.0,1,EUGENIE NIGHTS - ليالي أوجيني
1622,Tiny Creatures,2020,7+,40/100,1,0,0,0,tv_show,pseudo-documentary,United States,English,3.0,tt12759334,40,7.0,1,TINY CREATURES
1623,A Taiwanese Tale of Two Cities,2018,16+,40/100,1,0,0,0,tv_show,drama television series,Taiwan,"Standard Taiwanese Mandarin, Taiwanese Hokkien, English",10.0,tt8893498,40,16.0,1,A TAIWANESE TALE OF TWO CITIES
1624,Tango,2018,16+,40/100,1,0,0,0,tv_show,reality television,United States,English,7.2/10,tt0092400,40,16.0,1,TANGO
1625,Standup and Away! with Brian Regan,2018,16+,40/100,1,0,0,0,tv_show,comedy television series,United States,English,4.0,tt9384194,40,16.0,1,STANDUP AND AWAY! WITH BRIAN REGAN
1626,Black Crows,2018,18+,40/100,1,0,0,0,tv_show,"action television series, war television series",Saudi Arabia,English,9.0,tt7356518,40,18.0,1,BLACK CROWS
1627,Ainori Love Wagon: Asian Journey,2017,16+,40/100,1,0,0,0,tv_show,reality television series,Japan,Japanese,4.0,tt7510930,40,16.0,1,AINORI LOVE WAGON: ASIAN JOURNEY
1628,Yummy Mummies,2017,7+,40/100,1,0,0,0,tv_show,reality television,Australia,English,6.0,tt7172230,40,7.0,1,YUMMY MUMMIES
1629,revisions,2019,18+,40/100,1,0,0,0,tv_show,reality television,United States,English,6.0/10,tt0092400,40,18.0,1,REVISIONS
1630,Green Door,2019,18+,40/100,1,0,0,0,tv_show,psychological thriller,Taiwan,"Standard Taiwanese Mandarin, Taiwanese Hokkien, English",8.0,tt9817290,40,18.0,1,GREEN DOOR
1631,Valentino,2020,16+,40/100,1,0,0,0,tv_show,reality television,United States,English,5.5/10,tt0092400,40,16.0,1,VALENTINO
1632,Move,2020,16+,40/100,1,0,0,0,tv_show,reality television,United States,English,10.0,tt0092400,40,16.0,1,MOVE
1633,Million Dollar Beach House,2020,18+,40/100,1,0,0,0,tv_show,reality television,United States,English,2.0,tt12882136,40,18.0,1,MILLION DOLLAR BEACH HOUSE
1634,I Hear You,2019,all,40/100,1,0,0,0,tv_show,reality television,People's Republic of China,English,7.0,tt10327440,40,16.0,1,I HEAR YOU
1635,Booba Aventuras na Cozinha,2020,16+,39/100,1,0,0,0,tv_show,reality television,United States,English,8.7/10,tt0092400,39,16.0,1,BOOBA AVENTURAS NA COZINHA
1636,Littlest Pet Shop: A World of Our Own,2018,all,39/100,1,0,0,0,tv_show,reality television,United States,English,6.8/10,tt0092400,39,16.0,1,LITTLEST PET SHOP: A WORLD OF OUR OWN
1637,Spy Kids: Mission Critical,2018,all,39/100,1,0,0,0,tv_show,"action television series, comedy television series","United States, Canada",English,10.0,tt6714408,39,16.0,1,SPY KIDS: MISSION CRITICAL
1638,La Línea: Shadow of Narco,2020,16+,39/100,1,0,0,0,tv_show,"crime television series, television documentary",Spain,Spanish,5.0,tt12875794,39,16.0,1,LA LÍNEA: SHADOW OF NARCO
1639,Dino Girl Gauko,2019,7+,39/100,1,0,0,0,tv_show,reality television,United States,English,6.7/10,tt0092400,39,7.0,1,DINO GIRL GAUKO
1640,Hasmukh,2020,18+,39/100,1,0,0,0,tv_show,reality television,India,Hindi,6.0,tt9359294,39,18.0,1,HASMUKH
1641,Here to Heart,2018,7+,39/100,1,0,0,0,tv_show,reality television,People's Republic of China,English,10.0,tt8791742,39,7.0,1,HERE TO HEART
1642,Chosen,2018,16+,39/100,1,0,1,0,tv_show,thriller television series,United States,English,4.0,tt2390334,39,16.0,1,CHOSEN
1643,COMEDIANS of the world,2019,16+,39/100,1,0,0,0,tv_show,stand-up comedy,United States,English,8.0,tt8685446,39,16.0,1,COMEDIANS OF THE WORLD
1644,The Good Bandit,2019,18+,39/100,1,0,0,0,tv_show,reality television,United States,English,7.8/10,tt0092400,39,18.0,1,THE GOOD BANDIT
1645,"Wait, My Youth",2019,all,39/100,1,0,0,0,tv_show,reality television,People's Republic of China,English,8.0,tt12071466,39,16.0,1,"WAIT, MY YOUTH"
1646,Ask the Doctor,2017,16+,39/100,1,0,0,0,tv_show,reality television,Australia,English,10.0,tt7188736,39,16.0,1,ASK THE DOCTOR
1647,Locombianos,2021,18+,39/100,1,0,0,0,tv_show,reality television,United States,English,3.6/10,tt0092400,39,18.0,1,LOCOMBIANOS
1648,Robocar Poli,2011,16+,39/100,1,0,0,0,tv_show,reality television,United States,English,6.7/10,tt0092400,39,16.0,1,ROBOCAR POLI
1649,Rainbow Ruby,2016,all,39/100,1,0,0,0,tv_show,reality television,United States,English,6.6/10,tt0092400,39,16.0,1,RAINBOW RUBY
1650,Justin Time,2011,all,39/100,1,0,0,0,tv_show,reality television,United States,English,6.7/10,tt0092400,39,16.0,1,JUSTIN TIME
1651,Fugitiva,2018,18+,39/100,1,0,0,0,tv_show,"thriller television series, drama television series",Spain,Spanish,1.0,tt7158972,39,18.0,1,FUGITIVA
1652,Sing On!,2020,16+,39/100,1,0,0,0,tv_show,game show,Spain,Spanish,8.0,tt11698668,39,16.0,1,SING ON!
1653,Flinch,2019,7+,39/100,1,0,0,0,tv_show,game show,United Kingdom,English,7.0,tt9196244,39,7.0,1,FLINCH
1654,Larva,2011,all,39/100,1,0,0,0,tv_show,reality television,United States,English,7.2/10,tt0092400,39,16.0,1,LARVA
1655,Baby Ballroom,2017,16+,39/100,1,0,0,0,tv_show,reality television,United Kingdom,English,10.0,tt8159960,39,16.0,1,BABY BALLROOM
1656,Akbar Birbal,2014,16+,39/100,1,0,1,0,tv_show,reality television,India,English,7.0,tt4570984,39,16.0,1,AKBAR BIRBAL
1657,StoryBots Super Songs,2016,all,39/100,1,0,0,0,tv_show,reality television,United States,English,10.0,tt6163070,39,16.0,1,STORYBOTS SUPER SONGS
1658,Space Jungle,2014,all,39/100,1,0,0,0,tv_show,reality television,United States,English,10.0,tt0092400,39,16.0,1,SPACE JUNGLE
1659,VeggieTales In The House,2014,all,39/100,1,0,0,0,tv_show,reality television,United States,English,4.4/10,tt0092400,39,16.0,1,VEGGIETALES IN THE HOUSE
1660,LEGO Jurassic World: The Secret Exhibit,2018,7+,39/100,1,0,0,0,tv_show,reality television,United States,English,6.3/10,tt0092400,39,7.0,1,LEGO JURASSIC WORLD: THE SECRET EXHIBIT
1661,Strong,2016,7+,39/100,1,0,0,0,tv_show,reality television,United States,English,7.5/10,tt0092400,39,7.0,1,STRONG
1662,Legend Quest: Masters of Myth,2019,16+,39/100,1,0,0,0,tv_show,reality television,United States,English,7.7/10,tt0092400,39,16.0,1,LEGEND QUEST: MASTERS OF MYTH
1663,Mighty Little Bheem: Kite Festival,2021,16+,39/100,1,0,0,0,tv_show,reality television,United States,English,8.5/10,tt0092400,39,16.0,1,MIGHTY LITTLE BHEEM: KITE FESTIVAL
1664,The American Bible Challenge,2012,all,39/100,1,0,0,0,tv_show,game show,United States,English,6.8,tt2246424,39,16.0,1,THE AMERICAN BIBLE CHALLENGE
1665,Breakout,2010,16+,39/100,1,0,0,0,tv_show,reality television,United States,English,7.9/10,tt0092400,39,16.0,1,BREAKOUT
1666,GAME ON: A Comedy Crossover Event,2020,all,39/100,1,0,0,0,tv_show,"comedy television program, family television series",United States,English,5.0,tt12800428,39,16.0,1,GAME ON: A COMEDY CROSSOVER EVENT
1667,ID-0,2017,16+,39/100,1,0,0,0,tv_show,reality television,United States,English,6.1/10,tt0092400,39,16.0,1,ID-0
1668,Tijuana,2019,16+,39/100,1,0,0,0,tv_show,crime television series,Mexico,English,5.0,tt8027624,39,16.0,1,TIJUANA
1669,Dinotrux: Supercharged,2017,7+,39/100,1,0,0,0,tv_show,reality television,United States,English,7.2/10,tt0092400,39,7.0,1,DINOTRUX: SUPERCHARGED
1670,The Jungle Book,2010,all,39/100,1,0,0,1,tv_show,reality television,United States,English,4.2/10,tt0092400,39,16.0,1,THE JUNGLE BOOK
1671,My Dear Boy,2017,16+,39/100,1,0,0,0,tv_show,reality television,Taiwan,Mandarin,10.0,tt7804134,39,16.0,1,MY DEAR BOY
1672,Skin Decision: Before and After,2020,16+,39/100,1,0,0,0,tv_show,reality television,United States,English,4.0,tt12588326,39,16.0,1,SKIN DECISION: BEFORE AND AFTER
1673,Rhyme Time Town Singalongs,2020,all,39/100,1,0,0,0,tv_show,reality television,United States,English,8.3/10,tt0092400,39,16.0,1,RHYME TIME TOWN SINGALONGS
1674,Transformers: Rescue Bots Academy,2019,all,39/100,1,0,0,0,tv_show,reality television,United States,English,8.0,tt9557874,39,16.0,1,TRANSFORMERS: RESCUE BOTS ACADEMY
1675,"Noddy, Toyland Detective",2016,all,39/100,1,0,0,0,tv_show,reality television,United States,English,6.2/10,tt0092400,39,16.0,1,"NODDY, TOYLAND DETECTIVE"
1676,Ricky Zoom,2019,all,39/100,1,0,0,0,tv_show,reality television,United States,English,6.5/10,tt0092400,39,16.0,1,RICKY ZOOM
1677,Popples,1986,all,39/100,1,0,0,0,tv_show,reality television,United States,English,6.5,tt4210022,39,16.0,1,POPPLES
1678,Edgar Rice Burroughs' Tarzan and Jane,2017,7+,39/100,1,0,0,0,tv_show,reality television,United States,English,4.8/10,tt0092400,39,7.0,1,EDGAR RICE BURROUGHS' TARZAN AND JANE
1679,Chico Bon Bon: Monkey with a Tool Belt,2020,all,39/100,1,0,0,0,tv_show,reality television,United States,English,6.3/10,tt0092400,39,16.0,1,CHICO BON BON: MONKEY WITH A TOOL BELT
1680,Inborn Pair,2011,16+,38/100,1,0,0,0,tv_show,reality television,Taiwan,"Standard Chinese, Standard Taiwanese Mandarin",9.0,tt6357282,38,16.0,1,INBORN PAIR
1681,The Underclass,2020,16+,38/100,1,0,0,0,tv_show,drama television series,Thailand,Thai,9.0,tt12665438,38,16.0,1,THE UNDERCLASS
1682,Boca Juniors Confidential,2018,all,38/100,1,0,0,0,tv_show,reality television,Argentina,English,6.3,tt8893546,38,16.0,1,BOCA JUNIORS CONFIDENTIAL
1683,ZOIDS WILD,2018,7+,38/100,1,0,0,0,tv_show,reality television,United States,English,5.8/10,tt0092400,38,7.0,1,ZOIDS WILD
1684,Holiday Home Makeover with Mr. Christmas,2020,all,38/100,1,0,0,0,tv_show,reality television,United States,English,5.9,tt13255112,38,16.0,1,HOLIDAY HOME MAKEOVER WITH MR. CHRISTMAS
1685,Nailed It! Mexico,2019,all,38/100,1,0,0,0,tv_show,reality television,"United States, Mexico",English,10.0,tt9708588,38,16.0,1,NAILED IT! MEXICO
1686,Cabins in the Wild with Dick Strawbridge,2017,7+,38/100,1,0,0,0,tv_show,reality television,United Kingdom,English,5.0,tt8422396,38,7.0,1,CABINS IN THE WILD WITH DICK STRAWBRIDGE
1687,Best.Worst.Weekend.Ever.,2018,7+,38/100,1,0,0,0,tv_show,reality television,United States,English,10.0,tt7768010,38,7.0,1,BEST.WORST.WEEKEND.EVER.
1688,Fangbone!,2016,7+,38/100,1,0,0,0,tv_show,reality television,United States,English,5.7/10,tt0092400,38,7.0,1,FANGBONE!
1689,Wrong Kind of Black,2018,16+,38/100,1,0,0,0,tv_show,reality television,United States,English,7.6/10,tt0092400,38,16.0,1,WRONG KIND OF BLACK
1690,Disappearance,2018,16+,38/100,1,0,0,0,tv_show,reality television,United States,English,7.2/10,tt0092400,38,16.0,1,DISAPPEARANCE
1691,I'm with the Band: Nasty Cherry,2019,16+,38/100,1,0,0,0,tv_show,reality television,United States,English,2.0,tt6233916,38,16.0,1,I'M WITH THE BAND: NASTY CHERRY
1692,Pinky Malinky,2019,7+,38/100,1,0,0,0,tv_show,reality television,United States,English,5.7/10,tt0092400,38,7.0,1,PINKY MALINKY
1693,The Crime,2015,16+,38/100,1,0,0,0,tv_show,reality television,United States,English,6.2/10,tt0092400,38,16.0,1,THE CRIME
1694,Tayee,2018,16+,38/100,1,0,0,0,tv_show,reality television,United States,English,8.0/10,tt0092400,38,16.0,1,TAYEE
1695,Yanxi Palace: Princess Adventures,2019,16+,38/100,1,0,0,0,tv_show,drama television series,People's Republic of China,English,9.0,tt11399844,38,16.0,1,YANXI PALACE: PRINCESS ADVENTURES
1696,Extreme Engagement,2019,18+,38/100,1,0,0,0,tv_show,reality television series,Australia,English,3.0,tt10521644,38,18.0,1,EXTREME ENGAGEMENT
1697,Single Ladies Senior,2018,16+,38/100,1,0,0,0,tv_show,reality television,United States,English,10.0,tt0092400,38,16.0,1,SINGLE LADIES SENIOR
1698,Deja Vu,2013,16+,38/100,1,0,0,0,tv_show,reality television,United States,English,10.0,tt0092400,38,16.0,1,DEJA VU
1699,Care Bears and Cousins,2015,all,38/100,1,0,0,0,tv_show,reality television,United States,English,6.8/10,tt0092400,38,16.0,1,CARE BEARS AND COUSINS
1700,Graceful Friends,2020,16+,38/100,1,0,0,0,tv_show,reality television,South Korea,Korean,8.0,tt12531492,38,16.0,1,GRACEFUL FRIENDS
1701,Spark,2016,16+,38/100,1,0,0,0,tv_show,reality television,United States,English,7.0/10,tt0092400,38,16.0,1,SPARK
1702,The Miracle,2016,16+,38/100,1,0,0,0,tv_show,reality television,United States,English,6.5/10,tt0092400,38,16.0,1,THE MIRACLE
1703,The In-Laws,2003,13+,38/100,1,0,0,0,tv_show,reality television,Singapore,Chinese,5.7/10,tt0092400,38,13.0,1,THE IN-LAWS
1704,Hong Kong West Side Stories,2019,18+,38/100,1,0,0,0,tv_show,reality television,Hong Kong,English,7.0,tt10282734,38,18.0,1,HONG KONG WEST SIDE STORIES
1705,Life Plan A and B,2017,7+,38/100,1,0,0,0,tv_show,reality television,Taiwan,"Mandarin, Standard Taiwanese Mandarin",7.0,tt7034962,38,7.0,1,LIFE PLAN A AND B
1706,Empire Games,2018,7+,38/100,1,0,0,0,tv_show,"documentary film, historical film","Czech Republic, United States",English,1.0,tt8171234,38,7.0,1,EMPIRE GAMES
1707,Shrek's Swamp Stories,2008,16+,38/100,1,0,0,0,tv_show,reality television,United States,English,6.6/10,tt0092400,38,16.0,1,SHREK'S SWAMP STORIES
1708,J-Style Trip,2020,16+,37/100,1,0,0,0,tv_show,reality television,"Taiwan, People's Republic of China",English,4.0,tt11942052,37,16.0,1,J-STYLE TRIP
1709,Camarón Revolution,2018,16+,37/100,1,0,0,0,tv_show,reality television,United States,English,10.0,tt0092400,37,16.0,1,CAMARÓN REVOLUTION
1710,Block B - Under Arrest,2015,16+,37/100,1,0,0,0,tv_show,reality television,United States,English,6.9/10,tt0092400,37,16.0,1,BLOCK B - UNDER ARREST
1711,Kong: King of the Apes,2016,7+,37/100,1,0,0,0,tv_show,reality television,United States,English,5.8/10,tt0092400,37,7.0,1,KONG: KING OF THE APES
1712,Fire Chasers,2017,16+,37/100,1,0,0,0,tv_show,reality television,United States,English,6.6/10,tt0092400,37,16.0,1,FIRE CHASERS
1713,Word Party,2016,all,37/100,1,0,0,0,tv_show,reality television,United States,English,3.0,tt5235950,37,16.0,1,WORD PARTY
1714,Power Players,2019,7+,37/100,1,0,0,0,tv_show,science fiction television program,"France, United States",English,8.0,tt10895604,37,7.0,1,POWER PLAYERS
1715,Legend of Chu and Han,2012,16+,37/100,1,0,0,0,tv_show,historical drama,People's Republic of China,English,10.0,tt9586376,37,16.0,1,LEGEND OF CHU AND HAN
1716,The Devil Punisher,2020,16+,37/100,1,0,0,0,tv_show,reality television,Taiwan,Standard Taiwanese Mandarin,6.0,tt13317376,37,16.0,1,THE DEVIL PUNISHER
1717,The Outsiders,2004,16+,37/100,1,0,0,0,tv_show,reality television,United States,English,7.4/10,tt0092400,37,16.0,1,THE OUTSIDERS
1718,LEGO Elves,2017,16+,37/100,1,0,0,0,tv_show,reality television,United States,English,6.0,tt5586974,37,16.0,1,LEGO ELVES
1719,Memory Love,2017,16+,37/100,1,0,0,0,tv_show,reality television,Taiwan,Mandarin,10.0,tt9015516,37,16.0,1,MEMORY LOVE
1720,The Perfect Match,2017,16+,37/100,1,0,0,0,tv_show,drama television series,Taiwan,"Standard Chinese, Standard Taiwanese Mandarin",9.0,tt9882870,37,16.0,1,THE PERFECT MATCH
1721,Nailed It! France,2019,16+,37/100,1,0,0,0,tv_show,reality television,France,French,10.0,tt10990804,37,16.0,1,NAILED IT! FRANCE
1722,Love Family,2013,16+,37/100,1,0,0,0,tv_show,reality television,Taiwan,Standard Chinese,8.4,tt6671178,37,16.0,1,LOVE FAMILY
1723,Southern Survival,2020,16+,37/100,1,0,0,0,tv_show,reality television,United States,English,3.0,tt12588286,37,16.0,1,SOUTHERN SURVIVAL
1724,When I See You Again,2015,16+,37/100,1,0,0,0,tv_show,reality television,Taiwan,Standard Chinese,10.0,tt6289504,37,16.0,1,WHEN I SEE YOU AGAIN
1726,"Three Wives, One Husband",2018,16+,37/100,1,0,0,0,tv_show,reality television,United States,English,5.0,tt6681426,37,16.0,1,"THREE WIVES, ONE HUSBAND"
1727,The Charming Stepmom,2019,16+,37/100,1,0,0,0,tv_show,reality television,Thailand,English,10.0,tt0092400,37,16.0,1,THE CHARMING STEPMOM
1728,Journey of an African Colony,2020,16+,37/100,1,0,0,0,tv_show,reality television,Nigeria,English,8.0,tt14452572,37,16.0,1,JOURNEY OF AN AFRICAN COLONY
1729,The Little Nyonya,2008,16+,37/100,1,0,0,0,tv_show,reality television,Singapore,English,8.0,tt10544836,37,16.0,1,THE LITTLE NYONYA
1730,Richie Rich,2015,all,37/100,1,0,0,0,tv_show,reality television,United States,English,3.3/10,tt0092400,37,16.0,1,RICHIE RICH
1731,Justice,2019,7+,37/100,1,0,0,0,tv_show,reality television,United States,English,5.2/10,tt0092400,37,7.0,1,JUSTICE
1732,Bookmarks: Celebrating Black Voices,2020,all,37/100,1,0,0,0,tv_show,reality television,United States,English,8.0,tt12923664,37,16.0,1,BOOKMARKS: CELEBRATING BLACK VOICES
1734,Fifty,2017,16+,37/100,1,0,0,0,tv_show,comedy drama,Israel,Hebrew,7.4,tt11187516,37,16.0,1,FIFTY
1735,Masha's Tales,2016,all,37/100,1,0,0,0,tv_show,reality television,United States,English,10.0,tt0092400,37,16.0,1,MASHA'S TALES
1736,Hook,2020,16+,37/100,1,0,0,0,tv_show,reality television,United States,English,6.7/10,tt0092400,37,16.0,1,HOOK
1737,Pacto de Sangue,2018,16+,37/100,1,0,0,0,tv_show,telenovela,Brazil,Brazilian Portuguese,3.0,tt6742610,37,16.0,1,PACTO DE SANGUE
1738,Pablo,2017,16+,37/100,1,0,0,0,tv_show,reality television,United States,English,7.6/10,tt0092400,37,16.0,1,PABLO
1739,Cairo Class,2019,16+,37/100,1,0,0,0,tv_show,reality television,United States,English,10.0,tt0092400,37,16.0,1,CAIRO CLASS
1740,What She Put on the Table,2017,16+,37/100,1,0,0,0,tv_show,reality television,United States,English,10.0,tt0092400,37,16.0,1,WHAT SHE PUT ON THE TABLE
1741,The Land of Hypocrisy,2018,16+,37/100,1,0,0,0,tv_show,reality television,United States,English,6.5/10,tt0092400,37,16.0,1,THE LAND OF HYPOCRISY
1742,Meet the Adebanjos,2012,7+,37/100,1,0,0,0,tv_show,reality television,United Kingdom,English,7.6/10,tt0092400,37,7.0,1,MEET THE ADEBANJOS
1743,Inside the Freemasons,2017,16+,36/100,1,0,0,0,tv_show,television documentary,United Kingdom,English,4.0,tt6743832,36,16.0,1,INSIDE THE FREEMASONS
1744,All About Love,2010,16+,36/100,1,0,0,0,tv_show,reality television,United States,English,6.3/10,tt0092400,36,16.0,1,ALL ABOUT LOVE
1745,Hyper Hardboiled Gourmet Report,2019,16+,36/100,1,0,0,0,tv_show,reality television,Japan,Japanese,10.0,tt0092400,36,16.0,1,HYPER HARDBOILED GOURMET REPORT
1746,Rimba Racer,2015,16+,36/100,1,0,0,0,tv_show,reality television,United States,English,8.2/10,tt0092400,36,16.0,1,RIMBA RACER
1747,Murphy's Law of Love,2015,16+,36/100,1,0,0,0,tv_show,reality television,Taiwan,Standard Chinese,7.4/10,tt0092400,36,16.0,1,MURPHY'S LAW OF LOVE
1748,Miss Culinary,2019,16+,36/100,1,0,0,0,tv_show,reality television,United States,English,10.0,tt0092400,36,16.0,1,MISS CULINARY
1749,LEGO Friends: The Power of Friendship,2016,7+,36/100,1,0,0,0,tv_show,reality television,United States,English,6.0,tt7598452,36,7.0,1,LEGO FRIENDS: THE POWER OF FRIENDSHIP
1750,A Thousand Goodnights,2019,16+,36/100,1,0,0,0,tv_show,reality television,Taiwan,"Standard Taiwanese Mandarin, Taiwanese Hokkien, English",9.0,tt10370952,36,16.0,1,A THOUSAND GOODNIGHTS
1751,Secreto bien guardado,2019,16+,36/100,1,0,0,0,tv_show,"romance film, drama film",Argentina,Spanish,8.0,tt10702412,36,16.0,1,SECRETO BIEN GUARDADO
1752,The Unremarkable Juanquini,2020,16+,36/100,1,0,0,0,tv_show,reality television,Colombia,Spanish,4.3,tt12189308,36,16.0,1,THE UNREMARKABLE JUANQUINI
1753,Felipe Esparza: Bad Decisions,2020,16+,36/100,1,0,0,0,tv_show,reality television,United States,English,5.0/10,tt0092400,36,16.0,1,FELIPE ESPARZA: BAD DECISIONS
1754,True Tunes,2019,all,36/100,1,0,0,0,tv_show,reality television,United States,English,8.0/10,tt0092400,36,16.0,1,TRUE TUNES
1755,The Judgement,2018,16+,36/100,1,0,0,0,tv_show,"drama television series, thriller television series",Thailand,Thai,5.0,tt8866904,36,16.0,1,THE JUDGEMENT
1756,Dreamworks Spooky Stories,2012,7+,36/100,1,0,0,0,tv_show,reality television,United States,English,6.7/10,tt0092400,36,7.0,1,DREAMWORKS SPOOKY STORIES
1757,I Have a Script,2019,7+,36/100,1,0,0,0,tv_show,reality television,United States,English,10.0,tt0092400,36,7.0,1,I HAVE A SCRIPT
1758,Little Baby Bum: Nursery Rhyme Friends,2016,all,36/100,1,0,0,0,tv_show,reality television,United States,English,6.7/10,tt0092400,36,16.0,1,LITTLE BABY BUM: NURSERY RHYME FRIENDS
1759,28 Faces of the Moon,2016,7+,36/100,1,0,0,0,tv_show,reality television,United States,English,4.0,tt10145322,36,7.0,1,28 FACES OF THE MOON
1760,Harvey Street Kids,2018,7+,36/100,1,0,0,0,tv_show,reality television,United States,English,1.0,tt7758552,36,7.0,1,HARVEY STREET KIDS
1761,Buddi,2020,all,36/100,1,0,0,0,tv_show,reality television,United States,English,6.9/10,tt0092400,36,16.0,1,BUDDI
1762,Edha,2018,18+,36/100,1,0,0,0,tv_show,reality television,Argentina,English,2.0,tt7956274,36,18.0,1,EDHA
1763,Eagle of Upper Egypt,2018,all,36/100,1,0,0,0,tv_show,reality television,United States,English,10.0,tt0092400,36,16.0,1,EAGLE OF UPPER EGYPT
1764,Daughters of Destiny,2017,16+,36/100,1,0,0,0,tv_show,reality television,United States,English,10.0,tt0092400,36,16.0,1,DAUGHTERS OF DESTINY
1765,The Degenerates,2018,18+,36/100,1,0,0,0,tv_show,stand-up comedy,United States,English,10.0,tt9077196,36,18.0,1,THE DEGENERATES
1766,"Heidi, bienvenida a casa",2017,16+,36/100,1,0,0,0,tv_show,telenovela,Argentina,Spanish,7.3,tt7183310,36,16.0,1,"HEIDI, BIENVENIDA A CASA"
1767,Chasing Cameron,2016,7+,36/100,1,0,0,0,tv_show,reality television,United States,English,1.0,tt6370626,36,7.0,1,CHASING CAMERON
1768,Country Ever After,2020,16+,36/100,1,0,0,0,tv_show,reality television,United States,English,10.0,tt12987872,36,16.0,1,COUNTRY EVER AFTER
1769,Chip and Potato,2018,all,36/100,1,0,0,0,tv_show,reality television,United States,English,6.2/10,tt0092400,36,16.0,1,CHIP AND POTATO
1770,Lion Pride,2017,16+,35/100,1,0,0,0,tv_show,reality television,Taiwan,English,5.0,tt9165974,35,16.0,1,LION PRIDE
1771,YG Future Strategy Office,2018,18+,35/100,1,0,0,0,tv_show,mockumentary,South Korea,Korean,8.0,tt8129694,35,18.0,1,YG FUTURE STRATEGY OFFICE
1772,Love At Seventeen,2016,16+,35/100,1,0,0,0,tv_show,reality television,United States,English,6.2/10,tt0092400,35,16.0,1,LOVE AT SEVENTEEN
1773,The Could’ve-Gone-All-the-Way Committee,2018,16+,35/100,1,0,0,0,tv_show,reality television,United States,English,6.8/10,tt0092400,35,16.0,1,THE COULD’VE-GONE-ALL-THE-WAY COMMITTEE
1774,Diamond Lover,2015,16+,35/100,1,0,0,0,tv_show,reality television,People's Republic of China,Putonghua,7.0,tt6058496,35,16.0,1,DIAMOND LOVER
1775,Kid-E-Cats,2017,all,35/100,1,0,0,0,tv_show,reality television,United States,English,7.4/10,tt0092400,35,16.0,1,KID-E-CATS
1776,Bo on the Go!,2007,all,35/100,1,0,0,0,tv_show,computer animation,Canada,English,10.0,tt1516172,35,16.0,1,BO ON THE GO!
1777,Easy Fortune Happy Life,2009,16+,35/100,1,0,0,0,tv_show,reality television,Taiwan,English,8.0,tt3756460,35,16.0,1,EASY FORTUNE HAPPY LIFE
1778,How to Live Mortgage Free with Sarah Beeny,2017,16+,35/100,1,0,0,0,tv_show,reality television,United Kingdom,English,10.0,tt0092400,35,16.0,1,HOW TO LIVE MORTGAGE FREE WITH SARAH BEENY
1779,Bangkok Love Stories 2: Plead,2019,16+,35/100,1,0,0,0,tv_show,reality television,United States,English,7.1/10,tt0092400,35,16.0,1,BANGKOK LOVE STORIES 2: PLEAD
1780,21 Again,2019,16+,35/100,1,0,0,0,tv_show,reality television,United States,English,4.8/10,tt0092400,35,16.0,1,21 AGAIN
1781,Monkey Twins,2018,16+,35/100,1,0,0,0,tv_show,reality television,Thailand,Thai,10.0,tt8507498,35,16.0,1,MONKEY TWINS
1782,Cocaine,2005,16+,35/100,1,0,0,0,tv_show,reality television,United States,English,7.1/10,tt0092400,35,16.0,1,COCAINE
1783,Love Around,2013,16+,35/100,1,0,0,0,tv_show,drama television series,Taiwan,Standard Chinese,8.0,tt3715634,35,16.0,1,LOVE AROUND
1784,Тобот,2010,7+,35/100,1,0,1,0,tv_show,reality television,United States,English,6.6/10,tt0092400,35,7.0,1,ТОБОТ
1785,Sing On! Spain,2020,16+,35/100,1,0,0,0,tv_show,game show,Spain,Spanish,8.0,tt11698668,35,16.0,1,SING ON! SPAIN
1786,In The Bosom of a Thorn,2019,16+,35/100,1,0,0,0,tv_show,reality television,Kuwait,Arabic,10.0,tt10397430,35,16.0,1,IN THE BOSOM OF A THORN
1787,Sammy & Co,2014,16+,35/100,1,0,0,0,tv_show,reality television,United States,English,5.3/10,tt0092400,35,16.0,1,SAMMY & CO
1788,Love and Hong Kong,2017,16+,35/100,1,0,0,0,tv_show,reality television,United States,English,10.0,tt0092400,35,16.0,1,LOVE AND HONG KONG
1789,Nailed It! Germany,2020,16+,35/100,1,0,0,0,tv_show,reality television,Germany,German,2.0,tt11460744,35,16.0,1,NAILED IT! GERMANY
1790,YooHoo to the Rescue,2019,all,35/100,1,0,0,0,tv_show,children's television series,United States,English,6.7,tt9817288,35,16.0,1,YOOHOO TO THE RESCUE
1791,Singles Villa,2015,16+,35/100,1,0,0,0,tv_show,reality television,United States,English,7.6/10,tt0092400,35,16.0,1,SINGLES VILLA
1792,Ladies Up,2020,16+,35/100,1,0,0,0,tv_show,stand-up comedy,India,English,1.0,tt11942100,35,16.0,1,LADIES UP
1793,Vai Anitta,2018,16+,35/100,1,0,0,0,tv_show,television documentary,Brazil,English,10.0,tt8961530,35,16.0,1,VAI ANITTA
1794,Styling Hollywood,2019,16+,35/100,1,0,0,0,tv_show,reality television,United States,English,8.0,tt10715202,35,16.0,1,STYLING HOLLYWOOD
1795,Trotro,2006,all,35/100,1,0,0,0,tv_show,reality television,United States,English,6.0/10,tt0092400,35,16.0,1,TROTRO
1796,Masha's Spooky Stories,2014,all,35/100,1,0,0,0,tv_show,reality television,United States,English,5.0/10,tt0092400,35,16.0,1,MASHA'S SPOOKY STORIES
1797,The Goop Lab,2020,18+,35/100,1,0,0,0,tv_show,reality television,United States,English,1.0,tt11561206,35,18.0,1,THE GOOP LAB
1798,Kulipari: An Army of Frogs,2016,7+,35/100,1,0,0,0,tv_show,reality television,United States,English,8.0,tt6035850,35,7.0,1,KULIPARI: AN ARMY OF FROGS
1799,Angel 'N' Devil,2014,16+,34/100,1,0,0,0,tv_show,"action film, fantasy film",Taiwan,Chinese,5.9,tt6273196,34,16.0,1,ANGEL 'N' DEVIL
1800,Happy Jail,2019,18+,34/100,1,0,0,0,tv_show,reality television,United States,English,8.0/10,tt0092400,34,18.0,1,HAPPY JAIL
1801,President,2010,16+,34/100,1,0,0,0,tv_show,reality television,United States,English,7.2/10,tt0092400,34,16.0,1,PRESIDENT
1802,Luo Bao Bei,2018,all,34/100,1,0,0,0,tv_show,reality television,United States,English,7.6/10,tt0092400,34,16.0,1,LUO BAO BEI
1803,Entangled,2014,16+,34/100,1,0,0,0,tv_show,reality television,United States,English,6.9/10,tt0092400,34,16.0,1,ENTANGLED
1804,Lavender,2001,16+,34/100,1,0,0,0,tv_show,reality television,United States,English,6.6/10,tt0092400,34,16.0,1,LAVENDER
1805,Ojo's in d' House,2020,16+,34/100,1,0,0,0,tv_show,reality television,United States,English,6.1/10,tt0092400,34,16.0,1,OJO'S IN D' HOUSE
1806,Frank Elstner: Just One Last Question,2019,16+,34/100,1,0,0,0,tv_show,talk show,Germany,German,7.4,tt12416844,34,16.0,1,FRANK ELSTNER: JUST ONE LAST QUESTION
1807,Unriddle,2012,16+,34/100,1,0,0,0,tv_show,police procedural,Singapore,English,7.8/10,tt0092400,34,16.0,1,UNRIDDLE
1808,KO One,2005,7+,34/100,1,0,0,0,tv_show,"comedy television series, Taiwanese television drama",Taiwan,Standard Chinese,5.6,tt1841171,34,7.0,1,KO ONE
1809,Kulipari: Dream Walker,2018,all,34/100,1,0,0,0,tv_show,reality television,United States,English,7.6/10,tt0092400,34,16.0,1,KULIPARI: DREAM WALKER
1810,La Ley secreta,2018,16+,34/100,1,0,0,0,tv_show,reality television,Colombia,Spanish,9.0,tt8888710,34,16.0,1,LA LEY SECRETA
1811,Miniforce X,2019,16+,34/100,1,0,1,0,tv_show,reality television,United States,English,4.3/10,tt0092400,34,16.0,1,MINIFORCE X
1812,Candy Online,2019,16+,34/100,1,0,0,0,tv_show,gakuen drama,Taiwan,Standard Taiwanese Mandarin,9.0,tt11330500,34,16.0,1,CANDY ONLINE
1813,Oh Yuck!,2017,16+,34/100,1,0,0,0,tv_show,reality television,United States,English,7.4/10,tt0092400,34,16.0,1,OH YUCK!
1814,K.O.3an Guo,2009,16+,34/100,1,0,0,0,tv_show,comedy,Taiwan,Standard Chinese,10.0,tt1848134,34,16.0,1,K.O.3AN GUO
1815,Best Lover,2016,16+,34/100,1,0,0,0,tv_show,reality television,United States,English,6.5/10,tt0092400,34,16.0,1,BEST LOVER
1816,Nasce Uma Rainha,2020,16+,34/100,1,0,0,0,tv_show,reality television series,Brazil,Brazilian Portuguese,10.0,tt12571792,34,16.0,1,NASCE UMA RAINHA
1817,Project S The Series,2017,16+,34/100,1,0,0,0,tv_show,sport film,Thailand,Thai,8.3,tt8059904,34,16.0,1,PROJECT S THE SERIES
1818,DeMarcus Family Rules,2020,16+,34/100,1,0,0,0,tv_show,reality television,United States,English,2.0,tt12759420,34,16.0,1,DEMARCUS FAMILY RULES
1819,Bhaag Beanie Bhaag,2020,16+,34/100,1,0,0,0,tv_show,reality television,India,English,3.5,tt12775836,34,16.0,1,BHAAG BEANIE BHAAG
1820,The Single Wives,2018,16+,34/100,1,0,0,0,tv_show,reality television,Australia,English,9.0,tt8694342,34,16.0,1,THE SINGLE WIVES
1821,Morphle,2019,all,34/100,1,1,0,0,tv_show,reality television,Netherlands,English,6.0,tt10087694,34,16.0,1,MORPHLE
1822,Hello Ninja,2019,all,34/100,1,0,0,0,tv_show,reality television,United States,English,6.6/10,tt0092400,34,16.0,1,HELLO NINJA
1823,Tian Bao Fuyao Lu,2020,16+,34/100,1,0,0,0,tv_show,reality television,United States,English,7.0/10,tt0092400,34,16.0,1,TIAN BAO FUYAO LU
1824,Sakho & Mangane,2019,16+,34/100,1,0,0,0,tv_show,reality television,Senegal,French,4.0,tt9391692,34,16.0,1,SAKHO & MANGANE
1825,Zona Rosa,2019,16+,34/100,1,0,0,0,tv_show,telenovela,Colombia,English,6.5,tt1050232,34,16.0,1,ZONA ROSA
1826,Love Is In The Air,2010,16+,33/100,1,0,0,0,tv_show,"romantic comedy, drama television series",Turkey,Turkish,9.0,tt12439466,33,16.0,1,LOVE IS IN THE AIR
1827,"Crazy, Lovely, Cool",2018,16+,33/100,1,0,0,0,tv_show,drama television series,Nigeria,"English, Nigerian Pidgin",9.0,tt8528314,33,16.0,1,"CRAZY, LOVELY, COOL"
1828,See You in Time,2017,16+,33/100,1,0,0,0,tv_show,reality television,Taiwan,English,10.0,tt9015686,33,16.0,1,SEE YOU IN TIME
1829,The Ultimatum,2009,16+,33/100,1,0,0,0,tv_show,reality television,United States,English,10.0,tt18396952,33,16.0,1,THE ULTIMATUM
1830,Llama Llama,2018,all,33/100,1,0,0,0,tv_show,reality television,United States,English,8.0,tt4781350,33,16.0,1,LLAMA LLAMA
1831,Part-Time Idol,2017,7+,33/100,1,0,0,0,tv_show,reality television,United States,English,7.0/10,tt0092400,33,7.0,1,PART-TIME IDOL
1832,Color of Woman,2011,16+,33/100,1,0,0,0,tv_show,"romantic fiction, comedy, drama television series",South Korea,Korean,3.0,tt6273112,33,16.0,1,COLOR OF WOMAN
1833,Love Cheque Charge,2014,16+,33/100,1,0,0,0,tv_show,"fantasy television series, comedy television series",Taiwan,English,3.0,tt6357262,33,16.0,1,LOVE CHEQUE CHARGE
1834,My Dear Warrior,2019,16+,33/100,1,0,0,0,tv_show,reality television,Thailand,English,4.0,tt11281912,33,16.0,1,MY DEAR WARRIOR
1835,The Sound of Your Heart: Reboot,2018,7+,33/100,1,0,0,0,tv_show,drama television series,South Korea,Korean,4.0,tt7885558,33,7.0,1,THE SOUND OF YOUR HEART: REBOOT
1836,Ponysitters Club,2018,all,33/100,1,0,0,0,tv_show,children's television series,Canada,English,1.0,tt7692572,33,16.0,1,PONYSITTERS CLUB
1837,Bangkok รัก Stories 2 ตอน ไม่เดียงสา,2018,16+,33/100,1,0,0,0,tv_show,"drama film, romance film",Thailand,"Thai, English",9.0,tt9905660,33,16.0,1,BANGKOK รัก STORIES 2 ตอน ไม่เดียงสา
1838,The Truth Seekers,2016,16+,33/100,1,0,0,0,tv_show,science fiction television program,Singapore,English,7.0,tt7131694,33,16.0,1,THE TRUTH SEEKERS
1839,Love for Ten: Generation of Youth,2013,16+,33/100,1,0,0,0,tv_show,reality television,United States,English,6.5/10,tt0092400,33,16.0,1,LOVE FOR TEN: GENERATION OF YOUTH
1840,Made in Mexico,2018,16+,32/100,1,0,0,0,tv_show,reality television,United States,English,1.0,tt8871764,32,16.0,1,MADE IN MEXICO
1841,Kongsuni and Friends,2017,16+,32/100,1,0,0,0,tv_show,reality television,United States,English,4.4/10,tt0092400,32,16.0,1,KONGSUNI AND FRIENDS
1842,Love Storm,2016,16+,32/100,1,0,0,0,tv_show,reality television,United States,English,3.3/10,tt0092400,32,16.0,1,LOVE STORM
1843,Sleepless Society NYCTOPHOBIA,2019,16+,32/100,1,0,0,0,tv_show,reality television,United States,English,5.6/10,tt0092400,32,16.0,1,SLEEPLESS SOCIETY NYCTOPHOBIA
1844,Before 30,2015,16+,32/100,1,0,0,0,tv_show,reality television,Nigeria,English,10.0,tt8320472,32,16.0,1,BEFORE 30
1845,ARASHI's Diary -Voyage-,2019,16+,32/100,1,0,0,0,tv_show,reality television,Japan,Japanese,8.0,tt11434874,32,16.0,1,ARASHI'S DIARY -VOYAGE-
1846,Afronta! Facing It!,2017,16+,32/100,1,0,0,0,tv_show,reality television,United States,English,7.4/10,tt0092400,32,16.0,1,AFRONTA! FACING IT!
1847,Bottersnikes & Gumbles,2016,7+,32/100,1,0,0,0,tv_show,reality television,United States,English,5.3,tt6015820,32,7.0,1,BOTTERSNIKES & GUMBLES
1848,Mighty Little Bheem: Diwali,2019,16+,32/100,1,0,0,0,tv_show,reality television,India,English,7.0,tt10987498,32,16.0,1,MIGHTY LITTLE BHEEM: DIWALI
1849,On the Real,2016,16+,32/100,1,0,1,0,tv_show,reality television,United States,English,8.3/10,tt0092400,32,16.0,1,ON THE REAL
1850,The 10 Sins,2019,16+,32/100,1,0,0,0,tv_show,reality television,United States,English,6.9/10,tt0092400,32,16.0,1,THE 10 SINS
1851,True: Terrific Tales,2020,16+,32/100,1,0,0,0,tv_show,reality television,United States,English,5.5/10,tt0092400,32,16.0,1,TRUE: TERRIFIC TALES
1852,My MVP Valentine,2002,16+,32/100,1,0,0,0,tv_show,romantic comedy,Taiwan,Standard Taiwanese Mandarin,7.2,tt6286390,32,16.0,1,MY MVP VALENTINE
1853,Shopkins,2014,all,32/100,1,0,0,0,tv_show,reality television,United States,English,3.8/10,tt0092400,32,16.0,1,SHOPKINS
1854,Sing On! Germany,2020,16+,32/100,1,0,0,0,tv_show,game show,Germany,German,8.0,tt12748264,32,16.0,1,SING ON! GERMANY
1855,Especial Futbol De Primera 20 Años,2020,16+,31/100,1,0,0,0,tv_show,reality television,United States,English,7.0/10,tt0092400,31,16.0,1,ESPECIAL FUTBOL DE PRIMERA 20 AÑOS
1856,Dennis & Gnasher Unleashed!,2017,all,31/100,1,0,0,0,tv_show,reality television,United States,English,7.4/10,tt0092400,31,16.0,1,DENNIS & GNASHER UNLEASHED!
1857,Luna Petunia Return to Amazia,2018,all,31/100,1,0,0,0,tv_show,reality television,United States,English,4.8/10,tt0092400,31,16.0,1,LUNA PETUNIA RETURN TO AMAZIA
1858,Luna Petunia,2016,all,31/100,1,0,0,0,tv_show,reality television,"United States, Canada",English,6.9,tt4588068,31,16.0,1,LUNA PETUNIA
1859,Iron Ladies,2018,16+,31/100,1,0,0,0,tv_show,reality television,Taiwan,English,6.9,tt8088196,31,16.0,1,IRON LADIES
1860,Edge of the Universe,2002,16+,31/100,1,0,0,0,tv_show,reality television,United States,English,10.0,tt0092400,31,16.0,1,EDGE OF THE UNIVERSE
1861,The Dream Job,2016,16+,31/100,1,0,0,0,tv_show,reality television,Singapore,English,3.0,tt7131688,31,16.0,1,THE DREAM JOB
1862,Happy And,2011,16+,31/100,1,0,0,0,tv_show,reality television,United Kingdom,English,10.0,tt0423665,31,16.0,1,HAPPY AND
1863,High Risk,2011,16+,31/100,1,0,1,0,tv_show,reality television,United States,English,10.0,tt0092400,31,16.0,1,HIGH RISK
1864,Treehouse Detectives,2018,16+,31/100,1,0,0,0,tv_show,children's television series,"South Korea, United States",English,7.8,tt8591984,31,16.0,1,TREEHOUSE DETECTIVES
1865,Jojo's World,2017,16+,31/100,1,0,0,0,tv_show,reality television,Taiwan,Mandarin,10.0,tt7770110,31,16.0,1,JOJO'S WORLD
1866,Stay Tuned!,2019,16+,31/100,1,0,0,0,tv_show,reality television,United States,English,8.0/10,tt0092400,31,16.0,1,STAY TUNED!
1867,Borges Importadora,2018,16+,31/100,1,0,0,0,tv_show,reality television,Brazil,English,6.2,tt7895652,31,16.0,1,BORGES IMPORTADORA
1868,Jimmy: The True Story of a True Idiot,2018,all,31/100,1,0,0,0,tv_show,comedy television series,Japan,Japanese,9.0,tt6866914,31,16.0,1,JIMMY: THE TRUE STORY OF A TRUE IDIOT
1869,Magic Cellphone,2016,16+,31/100,1,0,0,0,tv_show,romantic comedy,Korea,English,3.9/10,tt0092400,31,16.0,1,MAGIC CELLPHONE
1870,Against the Tide,2014,16+,31/100,1,0,0,0,tv_show,science fiction television program,Singapore,Chinese,7.9,tt7131682,31,16.0,1,AGAINST THE TIDE
1871,Singapore Social,2019,16+,31/100,1,0,0,0,tv_show,reality television,"Singapore, United States",English,1.0,tt11194508,31,16.0,1,SINGAPORE SOCIAL
1872,Jusqu'à l'Aube,2020,18+,31/100,1,0,0,0,tv_show,reality television,France,French,1.0,tt11434862,31,18.0,1,JUSQU'À L'AUBE
1873,At Dolphin Bay,2003,16+,31/100,1,0,0,0,tv_show,reality television,Taiwan,"Mandarin, Standard Taiwanese Mandarin",7.2,tt8612066,31,16.0,1,AT DOLPHIN BAY
1874,行医,2011,16+,31/100,1,0,0,0,tv_show,medical drama,Singapore,Chinese,7.0,tt7131686,31,16.0,1,行医
1875,Way Back into Love,2011,16+,31/100,1,0,0,0,tv_show,reality television,United States,English,6.6/10,tt0092400,31,16.0,1,WAY BACK INTO LOVE
1876,Immortal Classic,2012,16+,31/100,1,0,0,0,tv_show,drama television series,South Korea,English,10.0,tt0092400,31,16.0,1,IMMORTAL CLASSIC
1877,Droppin' Cash: Los Angeles,2018,16+,30/100,1,0,0,0,tv_show,reality television,United States,English,3.5/10,tt0092400,30,16.0,1,DROPPIN' CASH: LOS ANGELES
1878,Robozuna,2018,7+,30/100,1,0,0,0,tv_show,reality television,United States,English,6.3/10,tt0092400,30,7.0,1,ROBOZUNA
1879,Yours Fatefully,2012,16+,30/100,1,0,0,0,tv_show,reality television,Singapore,Chinese,6.6/10,tt0092400,30,16.0,1,YOURS FATEFULLY
1880,Lucky Days,2010,7+,30/100,1,0,0,0,tv_show,reality television,Taiwan,Standard Taiwanese Mandarin,6.6,tt6954548,30,7.0,1,LUCKY DAYS
1881,Be with You,2015,16+,30/100,1,0,0,0,tv_show,reality television,United States,English,7.1/10,tt0092400,30,16.0,1,BE WITH YOU
1882,Stunt Science,2018,18+,30/100,1,0,0,0,tv_show,reality television,United States,English,5.0/10,tt0092400,30,18.0,1,STUNT SCIENCE
1883,Word Party Songs,2020,16+,30/100,1,0,0,0,tv_show,"children's television series, music television",United States,English,5.0,tt12748268,30,16.0,1,WORD PARTY SONGS
1884,Goodbye Dear Wife,2012,16+,30/100,1,0,0,0,tv_show,reality television,South Korea,Korean,6.3/10,tt0092400,30,16.0,1,GOODBYE DEAR WIFE
1885,天国的嫁衣,2004,16+,30/100,1,0,0,0,tv_show,drama television series,Taiwan,Standard Taiwanese Mandarin,8.0,tt6357220,30,16.0,1,天国的嫁衣
1886,La Grande Chaumière Violette,2016,16+,30/100,1,0,0,0,tv_show,drama television series,Taiwan,"Taiwanese Hokkien, Standard Taiwanese Mandarin",9.0,tt6158540,30,16.0,1,LA GRANDE CHAUMIÈRE VIOLETTE
1887,No Time for Shame,2019,16+,29/100,1,0,0,0,tv_show,reality television,Argentina,English,2.0,tt11215130,29,16.0,1,NO TIME FOR SHAME
1888,Bangkok Buddies,2019,all,29/100,1,0,0,0,tv_show,reality television,Thailand,English,6.5,tt11513508,29,16.0,1,BANGKOK BUDDIES
1889,Nailed It! Spain,2019,16+,29/100,1,0,0,0,tv_show,"game show, reality television",Spain,Spanish,5.7,tt10981666,29,16.0,1,NAILED IT! SPAIN
1890,阳关道,2018,16+,29/100,1,0,0,0,tv_show,reality television,United States,English,3.2/10,tt0092400,29,16.0,1,阳关道
1891,Cocomong,2008,16+,29/100,1,0,0,0,tv_show,reality television,United States,English,4.3/10,tt0092400,29,16.0,1,COCOMONG
1892,Love Me Or Leave Me,2012,16+,29/100,1,0,0,0,tv_show,reality television,United States,English,6.5/10,tt0092400,29,16.0,1,LOVE ME OR LEAVE ME
1893,The Year of Happiness and Love,2009,7+,29/100,1,0,0,0,tv_show,romance film,Taiwan,Standard Chinese,5.6,tt4620672,29,7.0,1,THE YEAR OF HAPPINESS AND LOVE
1894,Tjovitjo,2017,16+,29/100,1,0,0,0,tv_show,reality television,South Africa,English,6.3/10,tt0092400,29,16.0,1,TJOVITJO
1895,Jumping Girl,2015,16+,28/100,1,0,0,0,tv_show,reality television,United States,English,5.1/10,tt0092400,28,16.0,1,JUMPING GIRL
1896,Kibaoh Klashers,2017,7+,27/100,1,0,0,0,tv_show,"children's television series, adventure television series",United States,English,7.4,tt7492122,27,7.0,1,KIBAOH KLASHERS
1897,Chhota Bheem,2008,16+,27/100,1,0,0,0,tv_show,reality television,United States,English,4.3/10,tt0092400,27,16.0,1,CHHOTA BHEEM
1898,Lugar de Mulher,2019,16+,26/100,1,0,0,0,tv_show,stand-up comedy,Brazil,Brazilian Portuguese,4.7,tt11215186,26,16.0,1,LUGAR DE MULHER
1899,CoComelon,2020,16+,25/100,1,1,0,0,tv_show,reality television,United States,English,1.0,tt15040002,25,16.0,1,COCOMELON
1900,Game Winning Hit,2009,16+,24/100,1,0,0,0,tv_show,reality television,Taiwan,English,8.0,tt6026194,24,16.0,1,GAME WINNING HIT
1901,La Esclava Blanca,2016,16+,24/100,1,0,0,0,tv_show,"drama television series, romance television series",Colombia,Spanish,10.0,tt5458128,24,16.0,1,LA ESCLAVA BLANCA
1902,El Señor de los Cielos 5,2017,16+,24/100,1,0,0,0,tv_show,reality television,United States,English,10.0,tt0092400,24,16.0,1,EL SEÑOR DE LOS CIELOS 5
1903,Manhunt: Deadly Games,2020,16+,23/100,1,0,0,0,tv_show,"crime television series, drama television series",United States,English,9.0,tt5618256,23,16.0,1,MANHUNT: DEADLY GAMES
1904,The Great British Baking Show: Holidays,2016,16+,23/100,1,0,0,0,tv_show,reality television,United States,English,10.0,tt0092400,23,16.0,1,THE GREAT BRITISH BAKING SHOW: HOLIDAYS
1905,Trailer Park Boys: Out of the Park: USA,2017,16+,22/100,1,0,0,0,tv_show,comedy television series,Canada,English,10.0,tt0092400,22,16.0,1,TRAILER PARK BOYS: OUT OF THE PARK: USA
1906,Futmalls.com,2020,16+,22/100,1,0,0,0,tv_show,"idol dorama, science fiction",Taiwan,Standard Taiwanese Mandarin,7.0,tt13652552,22,16.0,1,FUTMALLS.COM
1907,A House of Blocks,2017,18+,22/100,1,0,0,0,tv_show,reality television,Taiwan,English,5.2,tt7053684,22,18.0,1,A HOUSE OF BLOCKS
1908,Paprika,2018,all,21/100,1,0,0,0,tv_show,reality television,United States,English,10.0,tt0092400,21,16.0,1,PAPRIKA
1909,Fukrey Boyzzz,2019,all,21/100,1,0,0,0,tv_show,reality television,United States,English,10.0,tt0092400,21,16.0,1,FUKREY BOYZZZ
1910,Click for Murder,2017,16+,21/100,1,0,0,0,tv_show,reality television,United States,English,10.0,tt0092400,21,16.0,1,CLICK FOR MURDER
1911,Sexy Central,2019,16+,21/100,1,0,0,0,tv_show,reality television,Hong Kong,English,5.0,tt10619724,21,16.0,1,SEXY CENTRAL
1912,A Perfect Day for Arsenide,2021,16+,21/100,1,0,0,0,tv_show,reality television,Hong Kong,English,5.3,tt14592684,21,16.0,1,A PERFECT DAY FOR ARSENIDE
1913,Diamond City,2018,16+,20/100,1,0,0,0,tv_show,reality television,United States,English,10.0,tt0092400,20,16.0,1,DIAMOND CITY
1914,Beyond Stranger Things,2017,16+,20/100,1,0,0,0,tv_show,aftershow,United States,English,8.0,tt7570990,20,16.0,1,BEYOND STRANGER THINGS
1915,Unlucky Ploy,2020,16+,20/100,1,0,0,0,tv_show,reality television,United States,English,10.0,tt0092400,20,16.0,1,UNLUCKY PLOY
1917,Heart & Soul,2020,16+,20/100,1,0,0,0,tv_show,reality television,United States,English,10.0,tt0092400,20,16.0,1,HEART & SOUL
1918,Hati Perempuan,2015,16+,19/100,1,0,0,0,tv_show,reality television,Malaysia,Malay,10.0,tt0092400,19,16.0,1,HATI PEREMPUAN
1919,Caught on Camera,2014,16+,19/100,1,0,0,0,tv_show,reality television,United States,English,3.9,tt4295320,19,16.0,1,CAUGHT ON CAMERA
1920,Don't Be the First One,2020,16+,18/100,1,0,0,0,tv_show,reality television,South Korea,English,10.0,tt0092400,18,16.0,1,DON'T BE THE FIRST ONE
1921,True: Wonderful Wishes,2018,16+,18/100,1,0,0,0,tv_show,reality television,United States,English,10.0,tt0092400,18,16.0,1,TRUE: WONDERFUL WISHES
1922,Two Fathers,2013,16+,18/100,1,0,0,0,tv_show,romance television series,Taiwan,"Standard Chinese, Standard Taiwanese Mandarin",7.0,tt6707142,18,16.0,1,TWO FATHERS
1923,Monkart,2017,16+,18/100,1,0,0,0,tv_show,reality television,United States,English,10.0,tt0092400,18,16.0,1,MONKART
1924,Westside Story,2003,16+,18/100,1,0,0,0,tv_show,drama television series,Taiwan,Standard Taiwanese Mandarin,10.0,tt0092400,18,16.0,1,WESTSIDE STORY
1926,Laws of Attraction,2012,16+,17/100,1,0,0,0,tv_show,LGBT-related film,Thailand,Thai,7.0,tt28291170,17,16.0,1,LAWS OF ATTRACTION
1927,World At Your Feet,2014,16+,17/100,1,0,0,0,tv_show,reality television,Singapore,Chinese,10.0,tt0092400,17,16.0,1,WORLD AT YOUR FEET
1928,Miniforce,2016,16+,17/100,1,0,1,0,tv_show,reality television,United States,English,10.0,tt0092400,17,16.0,1,MINIFORCE
1929,The Truth,2008,16+,17/100,1,0,0,0,tv_show,reality television,United States,English,10.0,tt0092400,17,16.0,1,THE TRUTH
1930,Love Naggers,2018,16+,16/100,1,0,0,0,tv_show,reality television,United States,English,10.0,tt0092400,16,16.0,1,LOVE NAGGERS
1931,Show Me the Money,2004,16+,16/100,1,0,0,0,tv_show,reality television,"United States, Italy",Italian,1.0,tt0876217,16,16.0,1,SHOW ME THE MONEY
1932,Sudden,2013,16+,16/100,1,0,0,0,tv_show,reality television,United States,English,10.0,tt0092400,16,16.0,1,SUDDEN
1933,Hatchimals: Adventures in Hatchtopia,2018,16+,16/100,1,0,0,0,tv_show,reality television,United States,English,10.0,tt0092400,16,16.0,1,HATCHIMALS: ADVENTURES IN HATCHTOPIA
1934,Loo Loo Kids: Johny & Friends Musical Adventure,2016,all,16/100,1,0,0,0,tv_show,reality television,United States,English,10.0,tt0092400,16,16.0,1,LOO LOO KIDS: JOHNY & FRIENDS MUSICAL ADVENTURE
1935,Under the Black Moonlight,2016,16+,16/100,1,0,0,0,tv_show,reality television,United States,English,10.0,tt0092400,16,16.0,1,UNDER THE BLACK MOONLIGHT
1936,Running Man (Animated),2017,7+,16/100,1,0,0,0,tv_show,reality television,United States,English,10.0,tt0092400,16,7.0,1,RUNNING MAN (ANIMATED)
1937,Sleepless Society: Bedtime Wishes,2019,16+,16/100,1,0,0,0,tv_show,reality television,United States,English,10.0,tt0092400,16,16.0,1,SLEEPLESS SOCIETY: BEDTIME WISHES
1938,The Governor,2016,16+,14/100,1,0,0,0,tv_show,reality television,United States,English,10.0,tt0092400,14,16.0,1,THE GOVERNOR
1939,Dance & Sing with True,2018,16+,14/100,1,0,0,0,tv_show,reality television,United States,English,5.6,tt9315892,14,16.0,1,DANCE & SING WITH TRUE
1940,Sin Ellas No Hay Paraíso,2013,16+,14/100,1,0,0,0,tv_show,reality television,United States,English,10.0,tt0092400,14,16.0,1,SIN ELLAS NO HAY PARAÍSO
1941,True: Magical Friends,2018,16+,14/100,1,0,0,0,tv_show,reality television,United States,English,10.0,tt0092400,14,16.0,1,TRUE: MAGICAL FRIENDS
1942,The Princess Weiyoung - 锦绣未央,2016,16+,14/100,1,0,0,0,tv_show,reality television,United States,English,10.0,tt0092400,14,16.0,1,THE PRINCESS WEIYOUNG - 锦绣未央
1943,DreamWorks Spooky Stories Volume 2,2011,16+,14/100,1,0,0,0,tv_show,reality television,United States,English,10.0,tt0092400,14,16.0,1,DREAMWORKS SPOOKY STORIES VOLUME 2
1944,The Family Court,2010,16+,14/100,1,0,0,0,tv_show,legal drama,Singapore,Chinese,10.0,tt9184102,14,16.0,1,THE FAMILY COURT
1945,Million Yen Women,2017,16+,14/100,1,0,0,0,tv_show,romance film,Japan,Japanese,7.5,tt6686450,14,16.0,1,MILLION YEN WOMEN
1946,Argon,2017,16+,14/100,1,0,0,0,tv_show,reality television,United States,English,10.0,tt0092400,14,16.0,1,ARGON
1947,The Golden Path,2012,16+,13/100,1,0,0,0,tv_show,reality television,Singapore,Chinese,10.0,tt0092400,13,16.0,1,THE GOLDEN PATH
1948,Road to Victory,2001,16+,13/100,1,0,0,0,tv_show,reality television,United States,English,10.0,tt0092400,13,16.0,1,ROAD TO VICTORY
1949,My Little Baby,2016,16+,13/100,1,0,0,0,tv_show,comedy television series,South Korea,Korean,10.0,tt0092400,13,16.0,1,MY LITTLE BABY
1950,Ordinary Heroes,2013,16+,13/100,1,0,0,0,tv_show,reality television,United States,English,10.0,tt0092400,13,16.0,1,ORDINARY HEROES
1951,Bal Ganesh,2012,16+,13/100,1,0,0,0,tv_show,reality television,United States,English,10.0,tt0092400,13,16.0,1,BAL GANESH
1952,Cinta Si Wedding Planner,2015,16+,13/100,1,0,0,0,tv_show,reality television,United States,English,10.0,tt0092400,13,16.0,1,CINTA SI WEDDING PLANNER
1953,Together,2009,16+,13/100,1,0,0,0,tv_show,reality television,United States,English,10.0,tt0092400,13,16.0,1,TOGETHER
1954,Sons of the Caliphate,2016,16+,13/100,1,0,0,0,tv_show,drama television series,Nigeria,"English, Nigerian Pidgin",7.0,tt10202268,13,16.0,1,SONS OF THE CALIPHATE
1955,Paul Hollywood's Big Continental Road Trip,2017,16+,13/100,1,0,0,0,tv_show,travel documentary,United Kingdom,English,6.0,tt7936386,13,16.0,1,PAUL HOLLYWOOD'S BIG CONTINENTAL ROAD TRIP
1956,The Confrontation,2018,16+,10/100,1,0,0,0,tv_show,reality television,United States,English,10.0,tt0092400,10,16.0,1,THE CONFRONTATION
1957,Dhia Sofea,2014,16+,10/100,1,0,0,0,tv_show,reality television,United States,English,10.0,tt0092400,10,16.0,1,DHIA SOFEA
1958,K-Pop Extreme Survival,2012,16+,10/100,1,0,0,0,tv_show,reality television,United States,English,10.0,tt0092400,10,16.0,1,K-POP EXTREME SURVIVAL
1959,Be with Me,2015,16+,10/100,1,0,0,0,tv_show,reality television,Taiwan,English,7.5,tt6283636,10,16.0,1,BE WITH ME
1960,Rick and Morty,2013,18+,100/100,0,1,0,0,tv_show,reality television,United States,English,9.2/10,tt0092400,100,18.0,1,RICK AND MORTY
1962,Seinfeld,1989,16+,93/100,0,1,0,0,tv_show,"American television sitcom, comedy television program",United States,English,8.9,tt0098904,93,16.0,1,SEINFELD
1963,Vikings,2013,18+,92/100,0,1,1,0,tv_show,"historical drama, war television series, action television series","Canada, Ireland","English, Old Norse, Old English",7.0,tt2306299,92,18.0,1,VIKINGS
1964,Fargo,2014,18+,92/100,0,1,0,0,tv_show,"psychological thriller, comedy drama, crime television series",United States,English,9.0,tt2802850,92,18.0,1,FARGO
1965,Brooklyn Nine-Nine,2013,16+,92/100,0,1,0,0,tv_show,"sitcom, police procedural",United States,English,10.0,tt2467372,92,16.0,1,BROOKLYN NINE-NINE
1966,Lost,2004,16+,91/100,0,1,0,0,tv_show,"science fiction television program, drama television series, adventure television series, thriller television series",United States,English,8.3,tt0411008,91,16.0,1,LOST
1967,Parks and Recreation,2009,16+,91/100,0,1,0,0,tv_show,"sitcom, mockumentary",United States,English,8.0,tt1266020,91,16.0,1,PARKS AND RECREATION
1968,The Simpsons,1989,7+,91/100,0,1,0,1,tv_show,reality television,United States,English,8.6/10,tt0092400,91,7.0,1,THE SIMPSONS
1970,It's Always Sunny in Philadelphia,2005,18+,90/100,0,1,0,0,tv_show,"sitcom, LGBT-related television series",United States,English,10.0,tt0472954,90,18.0,1,IT'S ALWAYS SUNNY IN PHILADELPHIA
1971,Firefly,2002,16+,90/100,0,1,0,0,tv_show,"space Western, science fiction television program, drama television series, space opera",United States,English,8.9,tt0303461,90,16.0,1,FIREFLY
1972,My Hero Academia,2016,16+,90/100,0,1,0,0,tv_show,reality television,United States,English,8.4/10,tt0092400,90,16.0,1,MY HERO ACADEMIA
1973,How I Met Your Mother,2005,16+,90/100,0,1,1,0,tv_show,"comedy drama, sitcom, romantic comedy television program",United States,English,8.0,tt0460649,90,16.0,1,HOW I MET YOUR MOTHER
1974,Modern Family,2009,7+,90/100,0,1,0,0,tv_show,"sitcom, mockumentary, LGBT-related television series",United States,English,9.0,tt1442437,90,7.0,1,MODERN FAMILY
1975,The Handmaid's Tale,2017,18+,90/100,0,1,0,0,tv_show,"drama television series, dystopian fiction, LGBT-related television series, post-apocalyptic television program",United States,English,9.0,tt5834204,90,18.0,1,THE HANDMAID'S TALE
1976,Twin Peaks,1990,18+,89/100,0,1,0,0,tv_show,"drama television series, thriller television series, horror television series, crime television series",United States,English,10.0,tt0098936,89,18.0,1,TWIN PEAKS
1977,Homeland,2011,18+,89/100,0,1,0,0,tv_show,"drama television series, thriller television series, espionage television series",United States,English,10.0,tt1796960,89,18.0,1,HOMELAND
1978,Gravity Falls,2012,7+,88/100,0,1,0,1,tv_show,reality television,United States,English,10.0,tt3189976,88,7.0,1,GRAVITY FALLS
1979,Futurama,1999,16+,88/100,0,1,0,0,tv_show,reality television,United States,English,8.4/10,tt0092400,88,16.0,1,FUTURAMA
1981,Sons of Anarchy,2008,18+,88/100,0,1,0,0,tv_show,"drama television series, crime television series, action television series, thriller television series",United States,English,10.0,tt1124373,88,18.0,1,SONS OF ANARCHY
1983,The X-Files,1993,18+,87/100,0,1,0,0,tv_show,"science fiction television program, thriller television series, horror television series, supernatural fiction",United States,English,10.0,tt0106179,87,18.0,1,THE X-FILES
1984,Line of Duty,2012,18+,87/100,0,1,1,0,tv_show,"drama television series, police procedural",United Kingdom,English,8.0,tt2303687,87,18.0,1,LINE OF DUTY
1985,Justified,2010,18+,87/100,0,1,0,0,tv_show,"drama television series, crime television series, action film, contemporary Western film",United States,Appalachian English,10.0,tt1489428,87,18.0,1,JUSTIFIED
1986,This Is Us,2016,16+,87/100,0,1,1,0,tv_show,comedy drama,United States,English,8.0,tt5555260,87,16.0,1,THIS IS US
1987,Freaks and Geeks,1999,16+,87/100,0,1,0,0,tv_show,"teen drama television, comedy television series, drama television series, coming-of-age television program",United States,English,8.8,tt0193676,87,16.0,1,FREAKS AND GEEKS
1988,Prison Break,2005,16+,87/100,0,1,1,0,tv_show,"drama television series, action television series, crime television series, thriller television series",United States,"English, Spanish, Arabic",8.3,tt0455275,87,16.0,1,PRISON BREAK
1990,Scrubs,2001,16+,87/100,0,1,1,0,tv_show,"medical drama, sitcom",United States,English,9.0,tt0285403,87,16.0,1,SCRUBS
1991,What We Do in the Shadows,2019,18+,87/100,0,1,0,0,tv_show,"sitcom, comedy horror, horror fiction, mockumentary",United States,English,9.0,tt7908628,87,18.0,1,WHAT WE DO IN THE SHADOWS
1993,Archer,2009,18+,86/100,0,1,0,0,tv_show,reality television,United States,English,8.6/10,tt0092400,86,18.0,1,ARCHER
1996,Killing Eve,2018,16+,86/100,0,1,0,0,tv_show,"thriller television series, LGBT-related television series, television series based on a novel, drama film","United States, United Kingdom",English,8.0,tt7016936,86,16.0,1,KILLING EVE
1997,Adventure Time,2010,7+,86/100,0,1,0,0,tv_show,reality television,United States,English,8.6/10,tt0092400,86,7.0,1,ADVENTURE TIME
1998,24,2001,16+,86/100,0,1,0,0,tv_show,"crime television series, action television series, drama television series, espionage television series",United States,English,9.0,tt0285331,86,16.0,1,24
1999,The Twilight Zone,1959,7+,86/100,0,1,0,0,tv_show,"fantasy television series, science fiction television program, anthology series, horror television series",United States,English,10.0,tt0052520,86,7.0,1,THE TWILIGHT ZONE
2000,Buffy the Vampire Slayer,1997,16+,86/100,0,1,1,0,tv_show,"fantasy television series, horror television series, drama television series, LGBT-related television series",United States,English,9.0,tt0118276,86,16.0,1,BUFFY THE VAMPIRE SLAYER
2001,White Collar,2009,7+,85/100,0,1,0,0,tv_show,"police procedural, crime television series",United States,English,9.0,tt1358522,85,7.0,1,WHITE COLLAR
2002,Teen Wolf,2011,16+,85/100,0,1,1,0,tv_show,"fantasy television series, horror television series, adventure television series, youth series",United States,English,8.0,tt1567432,85,16.0,1,TEEN WOLF
2004,The Shield,2002,18+,85/100,0,1,0,0,tv_show,"police procedural, drama television series",United States,English,10.0,tt0286486,85,18.0,1,THE SHIELD
2005,Bob's Burgers,2011,16+,85/100,0,1,0,0,tv_show,reality television,United States,English,8.1/10,tt0092400,85,16.0,1,BOB'S BURGERS
2006,30 Rock,2006,16+,84/100,0,1,1,0,tv_show,"sitcom, satirical film or television program",United States,English,9.0,tt0496424,84,16.0,1,30 ROCK
2007,Legion,2017,18+,84/100,0,1,0,0,tv_show,reality television,United States,English,8.2/10,tt0092400,84,18.0,1,LEGION
2008,Atlanta,2016,18+,84/100,0,1,0,0,tv_show,comedy drama,United States,English,9.0,tt4288182,84,18.0,1,ATLANTA
2010,The Office,2001,16+,84/100,0,1,1,0,tv_show,"sitcom, mockumentary",United Kingdom,English,8.5,tt0290978,84,16.0,1,THE OFFICE
2012,Frasier,1993,7+,83/100,0,1,0,0,tv_show,American television sitcom,United States,English,8.2,tt0106004,83,7.0,1,FRASIER
2013,Pretty Little Liars,2010,16+,83/100,0,1,0,0,tv_show,"thriller television series, drama television series, LGBT-related television series, youth series",United States,English,8.0,tt1578873,83,16.0,1,PRETTY LITTLE LIARS
2014,Mr Inbetween,2018,18+,83/100,0,1,0,0,tv_show,reality television,Australia,English,9.0,tt7472896,83,18.0,1,MR INBETWEEN
2015,Friday Night Lights,2006,7+,83/100,0,1,1,0,tv_show,drama television series,United States,English,10.0,tt0758745,83,7.0,1,FRIDAY NIGHT LIGHTS
2017,Taboo,2017,18+,83/100,0,1,0,0,tv_show,"drama television series, period drama film, thriller",United Kingdom,English,8.0,tt3647998,83,18.0,1,TABOO
2019,Pride and Prejudice,1995,all,83/100,0,1,0,0,tv_show,"drama television series, romance television series",United Kingdom,English,10.0,tt0112130,83,16.0,1,PRIDE AND PREJUDICE
2020,Normal People,2020,16+,83/100,0,1,0,0,tv_show,"drama television series, television series based on a novel, romance film, college life television program",Ireland,English,9.0,tt9059760,83,16.0,1,NORMAL PEOPLE
2021,Black Sails,2014,18+,83/100,0,1,0,0,tv_show,"drama television series, adventure television series, LGBT-related television series, pirate film",United States,English,9.0,tt2375692,83,18.0,1,BLACK SAILS
2022,Elementary,2012,16+,83/100,0,1,0,0,tv_show,"crime television series, drama television series, detective television series",United States,English,10.0,tt2191671,83,16.0,1,ELEMENTARY
2023,Veronica Mars,2004,16+,83/100,0,1,0,0,tv_show,"youth series, neo-noir, drama television series, crime television series",United States,English,10.0,tt0412253,83,16.0,1,VERONICA MARS
2024,11.22.63,2016,18+,83/100,0,1,0,0,tv_show,"science fiction television program, thriller television series, drama television series, alternate history television series",United States,English,9.0,tt2879552,83,18.0,1,11.22.63
2025,Nathan For You,2013,16+,82/100,0,1,0,0,tv_show,comedy television series,United States,English,10.0,tt2297757,82,16.0,1,NATHAN FOR YOU
2026,Mr. Bean,1990,all,82/100,0,1,1,0,tv_show,"sitcom, physical comedy, family film, comedy film",United Kingdom,"English, no linguistic content",10.0,tt0096657,82,16.0,1,MR. BEAN
2027,Bones,2005,16+,82/100,0,1,1,0,tv_show,reality television,United States,English,7.8/10,tt0092400,82,16.0,1,BONES
2028,The Killing,2011,18+,82/100,0,1,0,0,tv_show,"drama television series, neo-noir, mystery television series, thriller television series","United States, Canada",English,8.0,tt1637727,82,18.0,1,THE KILLING
2030,Naruto Shippūden,2007,7+,82/100,0,1,0,0,tv_show,reality television,United States,English,8.6/10,tt0092400,82,7.0,1,NARUTO SHIPPŪDEN
2032,Burn Notice,2007,7+,82/100,0,1,1,0,tv_show,drama television series,United States,English,10.0,tt0810788,82,7.0,1,BURN NOTICE
2033,Steins;Gate,2011,16+,82/100,0,1,0,0,tv_show,reality television,United States,English,8.8/10,tt0092400,82,16.0,1,STEINS;GATE
2034,Cosmos,2014,all,82/100,0,1,1,1,tv_show,reality television,United States,English,9.3/10,tt0092400,82,16.0,1,COSMOS
2035,Family Guy,1999,16+,82/100,0,1,0,0,tv_show,reality television,United States,English,8.1/10,tt0092400,82,16.0,1,FAMILY GUY
2036,Cheers,1982,7+,82/100,0,1,1,0,tv_show,comedy television series,United States,English,10.0,tt0083399,82,7.0,1,CHEERS
2037,DAVE,2020,18+,82/100,0,1,0,0,tv_show,reality television,United States,English,8.3/10,tt0092400,82,18.0,1,DAVE
2039,Misfits,2009,18+,81/100,0,1,0,0,tv_show,"science fiction television program, drama television series, comedy drama, coming-of-age television program",United Kingdom,English,9.0,tt1548850,81,18.0,1,MISFITS
2040,Peep Show,2003,18+,81/100,0,1,1,0,tv_show,sitcom,United Kingdom,English,10.0,tt0387764,81,18.0,1,PEEP SHOW
2042,Criminal Minds,2005,16+,81/100,0,1,0,0,tv_show,"police procedural, drama television series, thriller television series",United States,English,8.1,tt0452046,81,16.0,1,CRIMINAL MINDS
2043,Superstore,2015,16+,81/100,0,1,0,0,tv_show,"sitcom, LGBT-related television series",United States,English,8.0,tt4477976,81,16.0,1,SUPERSTORE
2044,Lie to Me,2009,16+,81/100,0,1,0,0,tv_show,"police procedural, drama television series",United States,English,8.0,tt1235099,81,16.0,1,LIE TO ME
2047,The Orville,2017,16+,80/100,0,1,0,0,tv_show,"science fiction television program, adventure television series, comedy drama",United States,English,8.0,tt5691552,80,16.0,1,THE ORVILLE
2049,Preacher,2016,18+,80/100,0,1,1,0,tv_show,"black comedy, horror television series, drama television series, paranormal television program",United States,English,8.0,tt5016504,80,18.0,1,PREACHER
2050,12 Monkeys,2015,16+,80/100,0,1,0,0,tv_show,"science fiction television program, post-apocalyptic television series, drama television series",United States,English,10.0,tt3148266,80,16.0,1,12 MONKEYS
2051,Dirk Gently's Holistic Detective Agency,2016,16+,80/100,0,1,0,0,tv_show,"time-travel television program, detective television series, comedy television series, television series based on a novel","United States, United Kingdom",English,9.0,tt4047038,80,16.0,1,DIRK GENTLY'S HOLISTIC DETECTIVE AGENCY
2052,Smallville,2001,7+,80/100,0,1,0,0,tv_show,"superhero television program, drama television series, adventure television series, fantasy television series",United States,English,7.5,tt0279600,80,7.0,1,SMALLVILLE
2054,RuPaul's Drag Race,2009,16+,80/100,0,1,0,0,tv_show,"reality television, talent show, LGBT-related television series",United States,English,8.0,tt1353056,80,16.0,1,RUPAUL'S DRAG RACE
2055,Fear the Walking Dead,2015,18+,80/100,0,1,0,0,tv_show,"drama television series, horror television series, post-apocalyptic television series, zombie apocalyptic television program",United States,English,7.0,tt3743822,80,18.0,1,FEAR THE WALKING DEAD
2056,"Love, Victor",2020,16+,80/100,0,1,0,0,tv_show,romantic comedy,United States,English,7.0,tt10166602,80,16.0,1,"LOVE, VICTOR"
2057,Cowboy Bebop,1998,16+,80/100,0,1,0,0,tv_show,"action television series, adventure television series, science fiction television program, space Western",United States,English,8.0,tt1267295,80,16.0,1,COWBOY BEBOP
2058,Blue Bloods,2010,16+,80/100,0,1,0,0,tv_show,police procedural,United States,English,7.7,tt1595859,80,16.0,1,BLUE BLOODS
2059,Inside No. 9,2014,18+,80/100,0,1,0,0,tv_show,"comedy drama, anthology series, comedy television series",United Kingdom,English,10.0,tt2674806,80,18.0,1,INSIDE NO. 9
2060,Parenthood,2010,7+,79/100,0,1,0,0,tv_show,"comedy drama, drama television series, LGBT-related television series",United States,English,9.0,tt1416765,79,7.0,1,PARENTHOOD
2061,Desperate Housewives,2004,7+,79/100,0,1,0,0,tv_show,"comedy drama, soap opera",United States,English,10.0,tt0410975,79,7.0,1,DESPERATE HOUSEWIVES
2062,Broad City,2014,18+,79/100,0,1,0,0,tv_show,"American television sitcom, LGBT-related television series",United States,English,10.0,tt2578560,79,18.0,1,BROAD CITY
2064,Boston Legal,2004,16+,79/100,0,1,0,0,tv_show,"comedy drama, legal drama, satire, black comedy",United States,English,10.0,tt0402711,79,16.0,1,BOSTON LEGAL
2065,Revenge,2011,18+,79/100,0,1,0,0,tv_show,"soap opera, LGBT-related television series",United States,English,9.0,tt1837642,79,18.0,1,REVENGE
2066,Samurai Champloo,2004,18+,79/100,0,1,0,0,tv_show,reality television,United States,English,8.5/10,tt0092400,79,18.0,1,SAMURAI CHAMPLOO
2067,Workaholics,2011,16+,79/100,0,1,1,0,tv_show,American television sitcom,United States,English,9.0,tt1610527,79,16.0,1,WORKAHOLICS
2068,The Act,2019,18+,79/100,0,1,0,0,tv_show,"true crime, drama film, anthology series",United States,English,10.0,tt8682948,79,18.0,1,THE ACT
2069,The Fosters,2013,16+,79/100,0,1,1,0,tv_show,"drama television series, LGBT-related television series",United States,English,8.0,tt2262532,79,16.0,1,THE FOSTERS
2070,Younger,2015,16+,79/100,0,1,0,0,tv_show,"American television sitcom, LGBT-related television series",United States,English,7.7,tt3288518,79,16.0,1,YOUNGER
2071,The Good Doctor,2017,16+,79/100,0,1,0,0,tv_show,medical drama,United States,English,7.0,tt6470478,79,16.0,1,THE GOOD DOCTOR
2072,Terminator: The Sarah Connor Chronicles,2008,7+,79/100,0,1,0,0,tv_show,"science fiction television program, action television series, drama television series",United States,English,8.0,tt0851851,79,7.0,1,TERMINATOR: THE SARAH CONNOR CHRONICLES
2073,Angel,1999,7+,79/100,0,1,1,0,tv_show,reality television,United States,English,7.9/10,tt0092400,79,7.0,1,ANGEL
2074,09-01-2001,2018,16+,79/100,0,1,0,0,tv_show,reality television,United States,English,7.8/10,tt0092400,79,16.0,1,09-01-2001
2075,Snowfall,2017,18+,78/100,0,1,0,0,tv_show,drama television series,United States,English,8.0,tt6439752,78,18.0,1,SNOWFALL
2076,The Venture Bros.,2004,18+,78/100,0,1,0,0,tv_show,reality television,United States,English,8.5/10,tt0092400,78,18.0,1,THE VENTURE BROS.
2077,The Strain,2014,18+,78/100,0,1,0,0,tv_show,"horror television series, television series based on a novel, vampire television program",United States,English,7.3,tt2654620,78,18.0,1,THE STRAIN
2078,The Terror,2018,18+,78/100,0,1,1,0,tv_show,"drama television series, horror television series, thriller television series, anthology series",United States,English,6.0,tt2708480,78,18.0,1,THE TERROR
2079,Zoey's Extraordinary Playlist,2020,16+,78/100,0,1,0,0,tv_show,comedy drama,United States,English,9.0,tt10314462,78,16.0,1,ZOEY'S EXTRAORDINARY PLAYLIST
2080,The League,2009,18+,78/100,0,1,0,0,tv_show,sitcom,United States,English,8.0,tt1480684,78,18.0,1,THE LEAGUE
2082,Key & Peele,2012,18+,78/100,0,1,0,0,tv_show,reality television,United States,English,10.0,tt1981558,78,18.0,1,KEY & PEELE
2083,Malcolm in the Middle,2000,7+,78/100,0,1,0,0,tv_show,"sitcom, black comedy",United States,English,8.2,tt0212671,78,7.0,1,MALCOLM IN THE MIDDLE
2084,Dollhouse,2009,16+,78/100,0,1,0,0,tv_show,"science fiction television program, thriller television series, drama television series, cyberpunk",United States,English,10.0,tt1135300,78,16.0,1,DOLLHOUSE
2085,This Way Up,2019,16+,78/100,0,1,0,0,tv_show,reality television,United Kingdom,English,8.0,tt8430356,78,16.0,1,THIS WAY UP
2086,The Great,2020,18+,78/100,0,1,0,0,tv_show,reality television,United States,English,8.1/10,tt0092400,78,18.0,1,THE GREAT
2087,My Name Is Earl,2005,16+,78/100,0,1,0,0,tv_show,sitcom,United States,English,7.8,tt0460091,78,16.0,1,MY NAME IS EARL
2088,Scandal,2012,16+,78/100,0,1,0,0,tv_show,"drama television series, thriller television series, LGBT-related television series",United States,English,7.7,tt1837576,78,16.0,1,SCANDAL
2089,Motherland: Fort Salem,2020,16+,78/100,0,1,0,0,tv_show,"drama television series, LGBT-related television series, alternate history television series",United States,English,9.0,tt9900092,78,16.0,1,MOTHERLAND: FORT SALEM
2090,Awkward.,2011,16+,78/100,0,1,0,0,tv_show,"comedy drama, youth series",United States,English,7.0,tt1663676,78,16.0,1,AWKWARD.
2091,Raising Hope,2010,16+,78/100,0,1,0,0,tv_show,"American television sitcom, sitcom",United States,English,10.0,tt1615919,78,16.0,1,RAISING HOPE
2092,Law & Order: Special Victims Unit,1999,16+,78/100,0,1,0,0,tv_show,"police procedural, legal drama, crime television series, thriller television series",United States,English,8.1,tt0203259,78,16.0,1,LAW & ORDER: SPECIAL VICTIMS UNIT
2093,Castle Rock,2018,18+,77/100,0,1,0,0,tv_show,"horror television series, supernatural horror film, thriller television series",United States,English,7.0,tt6548228,77,18.0,1,CASTLE ROCK
2094,The Last Ship,2014,16+,77/100,0,1,0,0,tv_show,"post-apocalyptic television series, drama television series, action television series",United States,English,7.4,tt2402207,77,16.0,1,THE LAST SHIP
2095,Cruel Summer,2021,16+,77/100,0,1,1,0,tv_show,"drama television series, thriller television series, anthology series",United States,English,8.0,tt11083696,77,16.0,1,CRUEL SUMMER
2096,Chicago Fire,2012,16+,77/100,0,1,0,0,tv_show,drama television series,United States,English,8.0,tt2261391,77,16.0,1,CHICAGO FIRE
2097,Better Off Ted,2009,7+,77/100,0,1,0,0,tv_show,"satirical film or television program, American television sitcom, black comedy",United States,English,10.0,tt1235547,77,7.0,1,BETTER OFF TED
2098,Prodigal Son,2019,16+,77/100,0,1,0,0,tv_show,"drama television series, police television drama",United States,English,7.0,tt10327354,77,16.0,1,PRODIGAL SON
2099,Timeless,2016,7+,77/100,0,1,0,0,tv_show,"action television series, drama television series, science fiction television program",United States,English,9.0,tt5511582,77,7.0,1,TIMELESS
2100,Devs,2020,18+,77/100,0,1,0,0,tv_show,reality television,United States,English,7.7/10,tt0092400,77,18.0,1,DEVS
2103,You're the Worst,2014,18+,77/100,0,1,0,0,tv_show,"comedy drama, romantic comedy, raunchy comedy television program",United States,English,8.0,tt3228420,77,18.0,1,YOU'RE THE WORST
2104,Elfen Lied,2004,18+,77/100,0,1,1,0,tv_show,reality television,United States,English,8.0/10,tt0092400,77,18.0,1,ELFEN LIED
2105,Please Like Me,2013,18+,77/100,0,1,0,0,tv_show,"comedy television series, LGBT-related television series",Australia,English,9.0,tt2155025,77,18.0,1,PLEASE LIKE ME
2106,Lethal Weapon,2016,16+,77/100,0,1,0,0,tv_show,"action television series, police procedural, comedy drama",United States,English,10.0,tt5164196,77,16.0,1,LETHAL WEAPON
2107,The Last Man on Earth,2015,16+,77/100,0,1,0,0,tv_show,"science fiction television program, American television sitcom, post-apocalyptic television series, comedy television series",United States,English,9.0,tt3230454,77,16.0,1,THE LAST MAN ON EARTH
2108,TRIGUN,1998,16+,77/100,0,1,0,0,tv_show,reality television,United States,English,8.3/10,tt0092400,77,16.0,1,TRIGUN
2109,My So-Called Life,1994,16+,76/100,0,1,0,0,tv_show,"teen drama television, drama television series",United States,English,8.4,tt0108872,76,16.0,1,MY SO-CALLED LIFE
2110,Little Fires Everywhere,2020,18+,76/100,0,1,0,0,tv_show,reality television,United States,English,7.7/10,tt0092400,76,18.0,1,LITTLE FIRES EVERYWHERE
2111,The Librarians,2014,16+,76/100,0,1,0,0,tv_show,"science fiction television program, adventure television series, fantasy television series",United States,English,8.0,tt3663490,76,16.0,1,THE LIBRARIANS
2112,In the Flesh,2013,18+,76/100,0,1,0,0,tv_show,"drama television series, fantasy television series, LGBT-related television series",United Kingdom,British English,10.0,tt2480514,76,18.0,1,IN THE FLESH
2113,The Exorcist,2016,16+,76/100,0,1,0,0,tv_show,"horror television series, drama television series, LGBT-related television series, television series based on a novel",United States,English,8.0,tt5368542,76,16.0,1,THE EXORCIST
2114,American Dad!,2005,16+,76/100,0,1,0,0,tv_show,reality television,United States,English,7.3/10,tt0092400,76,16.0,1,AMERICAN DAD!
2115,Ramy,2019,18+,76/100,0,1,0,0,tv_show,comedy drama,United States,"English, Arabic",10.0,tt7649694,76,18.0,1,RAMY
2116,Chicago P.D.,2014,16+,76/100,0,1,0,0,tv_show,"police procedural, drama television series, crime television series, action film",United States,English,8.0,tt2805096,76,16.0,1,CHICAGO P.D.
2117,Stargate Atlantis,2004,7+,76/100,0,1,1,0,tv_show,"science fiction television program, adventure television series","United States, Canada",English,8.1,tt0374455,76,7.0,1,STARGATE ATLANTIS
2118,Marvel's Runaways,2017,16+,76/100,0,1,0,1,tv_show,"action television series, fantasy television series, LGBT-related television series, science fiction television program",United States,English,9.0,tt1236246,76,16.0,1,MARVEL'S RUNAWAYS
2119,Rescue Me,2004,18+,76/100,0,1,0,0,tv_show,comedy drama,United States,English,8.3,tt0381798,76,18.0,1,RESCUE ME
2120,Shadowhunters,2016,16+,76/100,0,1,0,0,tv_show,"fantasy television series, LGBT-related television series, adventure television series, horror television series",United States,English,5.0,tt4145054,76,16.0,1,SHADOWHUNTERS
2122,Everybody Hates Chris,2005,7+,76/100,0,1,0,0,tv_show,"teen sitcom, American television sitcom",United States,English,7.6,tt0460637,76,7.0,1,EVERYBODY HATES CHRIS
2123,Stargate Universe,2009,16+,76/100,0,1,0,0,tv_show,"science fiction television program, drama television series, adventure television series","United States, Canada",English,8.0,tt1286039,76,16.0,1,STARGATE UNIVERSE
2124,PEN15,2019,18+,76/100,0,1,0,0,tv_show,comedy television series,United States,English,9.0,tt8324422,76,18.0,1,PEN15
2125,My Mad Fat Diary,2013,16+,76/100,0,1,0,0,tv_show,comedy drama,United Kingdom,English,10.0,tt2407574,76,16.0,1,MY MAD FAT DIARY
2126,RuPaul's Drag Race All Stars,2012,16+,76/100,0,1,0,0,tv_show,"reality television, game show, LGBT-related television series",United States,English,10.0,tt2301351,76,16.0,1,RUPAUL'S DRAG RACE ALL STARS
2127,The Gifted,2017,16+,75/100,0,1,0,0,tv_show,"fantasy television series, science fiction television program, adventure television series, action television series",United States,English,7.0,tt4396630,75,16.0,1,THE GIFTED
2128,Future Man,2017,18+,75/100,0,1,0,0,tv_show,"science fiction television program, time-travel television program",United States,English,8.0,tt4975856,75,18.0,1,FUTURE MAN
2129,Prime Suspect,1991,18+,75/100,0,1,0,0,tv_show,"drama television series, police procedural",United Kingdom,English,9.0,tt0098898,75,18.0,1,PRIME SUSPECT
2131,Better Things,2016,18+,75/100,0,1,0,0,tv_show,comedy television series,United States,English,10.0,tt4370596,75,18.0,1,BETTER THINGS
2132,Sleepy Hollow,2013,16+,75/100,0,1,0,0,tv_show,"fantasy television series, drama television series, film based on literature",United States,English,6.0,tt2647544,75,16.0,1,SLEEPY HOLLOW
2133,Regular Show,2010,7+,75/100,0,1,0,0,tv_show,reality television,United States,English,8.4/10,tt0092400,75,7.0,1,REGULAR SHOW
2134,M*A*S*H,1972,7+,75/100,0,1,0,0,tv_show,"medical drama, comedy television program, war film, black comedy",United States,English,8.5,tt0068098,75,7.0,1,M*A*S*H
2135,Top of the Lake,2013,18+,75/100,0,1,0,0,tv_show,"drama fiction, crime film","New Zealand, United Kingdom, Australia",English,8.0,tt2103085,75,18.0,1,TOP OF THE LAKE
2136,Switched at Birth,2011,16+,75/100,0,1,0,0,tv_show,drama television series,United States,"English, American Sign Language",9.0,tt1758772,75,16.0,1,SWITCHED AT BIRTH
2137,Wayward Pines,2015,16+,75/100,0,1,0,0,tv_show,science fiction television program,United States,English,8.0,tt2618986,75,16.0,1,WAYWARD PINES
2138,Saturday Night Live,1975,16+,75/100,0,1,0,0,tv_show,"sketch show, stand-up comedy, humor, political satire",United States,English,8.0,tt0072562,75,16.0,1,SATURDAY NIGHT LIVE
2139,Staged,2020,16+,75/100,0,1,0,0,tv_show,comedy,United Kingdom,English,10.0,tt12369754,75,16.0,1,STAGED
2140,Dragon Ball Super,2015,7+,75/100,0,1,0,0,tv_show,reality television,United States,English,8.4/10,tt0092400,75,7.0,1,DRAGON BALL SUPER
2141,Fresh Off the Boat,2015,7+,75/100,0,1,0,0,tv_show,"comedy television series, American television sitcom",United States,"English, Chinese",7.7,tt3551096,75,7.0,1,FRESH OFF THE BOAT
2142,The Mighty Boosh,2004,16+,75/100,0,1,0,0,tv_show,comedy television series,United Kingdom,English,8.4,tt0416394,75,16.0,1,THE MIGHTY BOOSH
2143,Cardinal,2017,18+,74/100,0,1,0,0,tv_show,reality television,United States,English,7.7/10,tt0092400,74,18.0,1,CARDINAL
2144,Absolutely Fabulous,1992,16+,74/100,0,1,0,0,tv_show,sitcom,United Kingdom,English,8.2,tt0105929,74,16.0,1,ABSOLUTELY FABULOUS
2145,Letterkenny,2016,18+,74/100,0,1,0,0,tv_show,reality television,Canada,English,9.0,tt4647692,74,18.0,1,LETTERKENNY
2146,Scream Queens,2015,16+,74/100,0,1,0,0,tv_show,"horror television series, comedy television series, LGBT-related television series, college life television program",United States,English,7.0,tt4145384,74,16.0,1,SCREAM QUEENS
2147,Wilfred,2011,18+,74/100,0,1,0,0,tv_show,sitcom,United States,English,10.0,tt1703925,74,18.0,1,WILFRED
2148,Deutschland,2015,18+,74/100,0,1,0,0,tv_show,reality television,United States,English,8.1/10,tt0092400,74,18.0,1,DEUTSCHLAND
2149,Empire,2015,16+,74/100,0,1,0,0,tv_show,reality television,United States,English,7.4/10,tt0092400,74,16.0,1,EMPIRE
2150,Brockmire,2017,18+,74/100,0,1,0,0,tv_show,comedy television series,United States,English,10.0,tt5722190,74,18.0,1,BROCKMIRE
2151,The Unit,2006,16+,74/100,0,1,0,0,tv_show,"action television series, film based on book",United States,English,10.0,tt0460690,74,16.0,1,THE UNIT
2152,Genius,2017,16+,74/100,1,1,1,1,tv_show,television documentary,United States,English,8.2,tt5673782,74,16.0,1,GENIUS
2153,Mayans M.C.,2018,18+,74/100,0,1,0,0,tv_show,"drama television series, crime television series",United States,English,6.0,tt5715524,74,18.0,1,MAYANS M.C.
2154,black-ish,2014,16+,74/100,0,1,0,0,tv_show,sitcom,United States,English,10.0,tt3487356,74,16.0,1,BLACK-ISH
2155,CSI: Crime Scene Investigation,2000,16+,74/100,0,1,0,0,tv_show,"police procedural, drama television series, thriller television series",United States,English,7.7,tt0247082,74,16.0,1,CSI: CRIME SCENE INVESTIGATION
2157,Tokyo Ghoul,2014,16+,74/100,0,1,0,0,tv_show,reality television,United States,English,7.8/10,tt0092400,74,16.0,1,TOKYO GHOUL
2158,MythBusters,2003,7+,74/100,0,1,0,0,tv_show,factual television program,"United States, Australia",English,8.3,tt0383126,74,7.0,1,MYTHBUSTERS
2159,Don't Trust the B---- in Apartment 23,2012,16+,74/100,0,1,0,0,tv_show,American television sitcom,United States,English,8.0,tt1819509,74,16.0,1,DON'T TRUST THE B---- IN APARTMENT 23
2160,Sailor Moon,1992,16+,74/100,0,1,0,0,tv_show,reality television,United States,English,7.8/10,tt0092400,74,16.0,1,SAILOR MOON
2161,One Tree Hill,2003,16+,74/100,0,1,0,0,tv_show,"soap opera, youth series",United States,English,8.0,tt0368530,74,16.0,1,ONE TREE HILL
2162,Nip/Tuck,2003,18+,74/100,0,1,0,0,tv_show,"medical drama, LGBT-related television series",United States,English,7.7,tt0361217,74,18.0,1,NIP/TUCK
2163,Looking for Alaska,2019,18+,74/100,0,1,0,0,tv_show,reality television,United States,English,8.1/10,tt0092400,74,18.0,1,LOOKING FOR ALASKA
2164,New Amsterdam,2018,16+,74/100,0,1,0,0,tv_show,"medical drama, drama film",United States,English,7.0,tt7817340,74,16.0,1,NEW AMSTERDAM
2165,The Golden Girls,1985,7+,74/100,0,1,0,0,tv_show,sitcom,United States,English,10.0,tt0088526,74,7.0,1,THE GOLDEN GIRLS
2167,Cougar Town,2009,7+,73/100,0,1,1,0,tv_show,sitcom,United States,English,7.0,tt1441109,73,7.0,1,COUGAR TOWN
2168,The Purge,2018,18+,73/100,0,1,0,0,tv_show,horror television series,United States,English,10.0,tt6110648,73,18.0,1,THE PURGE
2169,Catch-22,2019,18+,73/100,0,1,1,0,tv_show,"war television series, television series based on a novel",United States,English,6.0,tt7642246,73,18.0,1,CATCH-22
2170,The Rookie,2018,16+,73/100,0,1,0,1,tv_show,"drama television series, police procedural, action television series",United States,English,9.0,tt7587890,73,16.0,1,THE ROOKIE
2171,Married... with Children,1987,7+,73/100,0,1,0,0,tv_show,sitcom,United States,English,8.1,tt0092400,73,7.0,1,MARRIED... WITH CHILDREN
2173,The Looming Tower,2018,18+,73/100,0,1,0,0,tv_show,reality television,United States,English,8.0/10,tt0092400,73,18.0,1,THE LOOMING TOWER
2174,Blindspot,2015,16+,73/100,0,1,0,0,tv_show,"police procedural, drama television series, thriller television series",United States,English,6.0,tt4474344,73,16.0,1,BLINDSPOT
2175,Steven Universe,2013,7+,73/100,0,1,0,0,tv_show,reality television,United States,English,8.2/10,tt0092400,73,7.0,1,STEVEN UNIVERSE
2176,Nashville,2012,7+,73/100,0,1,0,0,tv_show,"comedy drama, LGBT-related television series",United States,English,7.0,tt2281375,73,7.0,1,NASHVILLE
2177,Salem,2014,18+,73/100,0,1,0,0,tv_show,"paranormal television program, period drama film, horror television series",United States,English,8.0,tt2963254,73,18.0,1,SALEM
2179,The Mindy Project,2012,7+,73/100,0,1,0,0,tv_show,"American television sitcom, LGBT-related television series",United States,English,7.0,tt2211129,73,7.0,1,THE MINDY PROJECT
2180,Mrs. America,2020,18+,73/100,0,1,0,0,tv_show,drama film,United States,English,9.0,tt9244556,73,18.0,1,MRS. AMERICA
2181,The Middle,2009,7+,73/100,0,1,0,0,tv_show,"comedy television series, sitcom",United States,English,9.0,tt1442464,73,7.0,1,THE MIDDLE
2182,Roseanne,1988,7+,73/100,0,1,1,0,tv_show,American television sitcom,United States,English,7.1,tt0094540,73,7.0,1,ROSEANNE
2183,Black Clover,2017,16+,73/100,0,1,0,0,tv_show,reality television,United States,English,8.3/10,tt0092400,73,16.0,1,BLACK CLOVER
2184,Witches of East End,2013,16+,73/100,0,1,0,0,tv_show,"comedy drama, television series based on a novel, fantasy television series",United States,English,10.0,tt2288064,73,16.0,1,WITCHES OF EAST END
2185,Whitechapel,2009,7+,73/100,0,1,0,0,tv_show,"police procedural, drama television series, detective fiction",United Kingdom,English,8.0,tt1186356,73,7.0,1,WHITECHAPEL
2186,Stumptown,2019,16+,73/100,0,1,0,0,tv_show,reality television,United States,English,9.0,tt10313066,73,16.0,1,STUMPTOWN
2187,I Love Lucy,1951,all,72/100,0,1,0,0,tv_show,"American television sitcom, comedy television series, sitcom",United States,English,8.5,tt0043208,72,16.0,1,I LOVE LUCY
2188,Harlots,2017,18+,72/100,0,1,0,0,tv_show,drama film,United Kingdom,English,10.0,tt5761478,72,18.0,1,HARLOTS
2189,UnREAL,2015,16+,72/100,0,1,0,0,tv_show,"comedy drama, black comedy, LGBT-related television series",United States,English,8.0,tt3314218,72,16.0,1,UNREAL
2192,The Wonder Years,1988,7+,72/100,0,1,0,0,tv_show,"comedy drama, comedy television series, youth series",United States,English,8.3,tt0094582,72,7.0,1,THE WONDER YEARS
2193,Graceland,2013,16+,72/100,0,1,0,0,tv_show,drama television series,United States,English,8.0,tt2393813,72,16.0,1,GRACELAND
2194,Anthony Bourdain: No Reservations,2005,7+,72/100,0,1,0,0,tv_show,travel television show,United States,English,10.0,tt0475900,72,7.0,1,ANTHONY BOURDAIN: NO RESERVATIONS
2195,Ugly Betty,2006,7+,72/100,0,1,0,0,tv_show,"comedy drama, LGBT-related television series",United States,English,10.0,tt0805669,72,7.0,1,UGLY BETTY
2196,Marvel's Cloak & Dagger,2018,16+,72/100,0,1,0,0,tv_show,"action television series, adventure television series, romance television series, science fiction television program",United States,English,7.0,tt5614844,72,16.0,1,MARVEL'S CLOAK & DAGGER
2197,The Bold Type,2017,16+,72/100,0,1,0,0,tv_show,"comedy drama, LGBT-related television series",United States,English,7.0,tt6116060,72,16.0,1,THE BOLD TYPE
2198,The Resident,2018,16+,72/100,0,1,1,0,tv_show,medical drama,United States,English,9.0,tt6483832,72,16.0,1,THE RESIDENT
2199,Dragon Ball,1996,16+,72/100,0,1,0,0,tv_show,reality television,United States,English,8.5/10,tt0092400,72,16.0,1,DRAGON BALL
2200,The Goldbergs,2013,7+,72/100,0,1,0,0,tv_show,American television sitcom,United States,English,10.0,tt2712740,72,7.0,1,THE GOLDBERGS
2201,Terriers,2010,18+,72/100,0,1,0,0,tv_show,comedy drama,United States,English,10.0,tt1493239,72,18.0,1,TERRIERS
2202,American Horror Stories,2021,18+,72/100,0,1,0,0,tv_show,"horror television series, thriller film",United States,English,5.0,tt12306692,72,18.0,1,AMERICAN HORROR STORIES
2203,ER,1994,16+,72/100,0,1,0,0,tv_show,reality television,United States,English,7.7/10,tt0092400,72,16.0,1,ER
2204,Fairy Tail,2009,16+,72/100,0,1,0,0,tv_show,reality television,United States,English,8.0/10,tt0092400,72,16.0,1,FAIRY TAIL
2206,Bunheads,2012,16+,72/100,0,1,0,0,tv_show,comedy drama,United States,English,10.0,tt2006848,72,16.0,1,BUNHEADS
2207,High Fidelity,2020,18+,72/100,0,1,0,0,tv_show,"romantic comedy, television series based on a novel",United States,English,10.0,tt8577458,72,18.0,1,HIGH FIDELITY
2209,Horace and Pete,2016,18+,72/100,0,1,0,0,tv_show,reality television,United States,English,8.5/10,tt0092400,72,18.0,1,HORACE AND PETE
2210,The Amazing World of Gumball,2011,7+,71/100,0,1,0,0,tv_show,reality television,United States,English,8.2/10,tt0092400,71,7.0,1,THE AMAZING WORLD OF GUMBALL
2211,Blackadder,1983,7+,71/100,0,1,1,0,tv_show,"comedy television series, alternate history television series, historical television series",United Kingdom,English,8.0,tt0084988,71,7.0,1,BLACKADDER
2212,Hell's Kitchen,2005,16+,71/100,0,1,1,0,tv_show,"reality television, cooking show",United States,English,8.0,tt0437005,71,16.0,1,HELL'S KITCHEN
2213,Robot Chicken,2005,18+,71/100,0,1,0,0,tv_show,reality television,United States,English,7.7/10,tt0092400,71,18.0,1,ROBOT CHICKEN
2214,People of Earth,2016,18+,71/100,0,1,0,0,tv_show,"science fiction television program, comedy television series",United States,English,7.7,tt4695530,71,18.0,1,PEOPLE OF EARTH
2215,Boruto: Naruto Next Generations,2017,16+,71/100,0,1,0,0,tv_show,reality television,United States,English,7.0/10,tt0092400,71,16.0,1,BORUTO: NARUTO NEXT GENERATIONS
2216,The Musketeers,2014,16+,71/100,0,1,0,0,tv_show,"drama television series, swashbuckler film, television series based on a novel",United Kingdom,English,8.0,tt2733252,71,16.0,1,THE MUSKETEERS
2218,Sesame Street,1969,all,71/100,0,1,1,0,tv_show,"sketch comedy, children's television series, educational television, puppet show",United States,English,8.1,tt0063951,71,16.0,1,SESAME STREET
2219,Shrill,2019,18+,71/100,0,1,0,0,tv_show,LGBT-related television series,United States,English,6.0,tt8962130,71,18.0,1,SHRILL
2220,LEGO Masters,2020,7+,71/100,0,1,0,0,tv_show,reality television,United Kingdom,English,5.0,tt7332868,71,7.0,1,LEGO MASTERS
2221,Good Behavior,2016,18+,71/100,0,1,0,0,tv_show,"drama television series, television series based on a novel",United States,English,9.0,tt4855114,71,18.0,1,GOOD BEHAVIOR
2222,Murdoch Mysteries,2008,7+,71/100,0,1,0,0,tv_show,"police procedural, historical fiction",Canada,English,10.0,tt1091909,71,7.0,1,MURDOCH MYSTERIES
2223,Full House,1987,all,71/100,0,1,0,0,tv_show,"American television sitcom, sitcom, drama film, family film",United States,English,6.8,tt0092359,71,16.0,1,FULL HOUSE
2224,Mom,2013,16+,71/100,1,1,0,0,tv_show,sitcom,United States,English,10.0,tt2660806,71,16.0,1,MOM
2227,Will & Grace,1998,16+,71/100,0,1,0,0,tv_show,"sitcom, LGBT-related television series",United States,English,7.4,tt0157246,71,16.0,1,WILL & GRACE
2228,King of the Hill,1997,7+,71/100,0,1,0,0,tv_show,reality television,United States,English,7.3/10,tt0092400,71,7.0,1,KING OF THE HILL
2229,Doc Martin,2004,7+,71/100,0,1,0,0,tv_show,"medical drama, drama television series, romantic television drama",United Kingdom,English,8.4,tt0408381,71,7.0,1,DOC MARTIN
2230,Impractical Jokers,2011,16+,71/100,0,1,0,0,tv_show,"reality television, comedy television series",United States,English,8.0,tt2100976,71,16.0,1,IMPRACTICAL JOKERS
2231,Debris,2021,16+,71/100,0,1,0,0,tv_show,science fiction television program,United States,English,7.0,tt11640020,71,16.0,1,DEBRIS
2233,Solar Opposites,2020,18+,70/100,0,1,0,0,tv_show,reality television,United States,English,8.0/10,tt0092400,70,18.0,1,SOLAR OPPOSITES
2234,Trust,2018,18+,70/100,0,1,0,0,tv_show,reality television,United States,English,7.6/10,tt0092400,70,18.0,1,TRUST
2235,SIX,2017,18+,70/100,0,1,0,0,tv_show,reality television,United States,English,7.3/10,tt0092400,70,18.0,1,SIX
2236,Last Man Standing,2011,7+,70/100,0,1,0,0,tv_show,American television sitcom,United States,English,7.0,tt1828327,70,7.0,1,LAST MAN STANDING
2237,Body of Proof,2011,16+,70/100,0,1,0,0,tv_show,"comedy drama, police procedural, medical drama",United States,English,8.0,tt1587669,70,16.0,1,BODY OF PROOF
2238,The Hitchhiker's Guide to the Galaxy,1981,7+,70/100,0,1,1,0,tv_show,reality television,United States,English,8.0/10,tt0092400,70,7.0,1,THE HITCHHIKER'S GUIDE TO THE GALAXY
2239,Afro Samurai,2007,18+,70/100,0,1,0,0,tv_show,reality television,United States,English,7.7/10,tt0092400,70,18.0,1,AFRO SAMURAI
2240,S.W.A.T.,2017,16+,70/100,0,1,0,0,tv_show,"thriller television series, action film",United States,English,6.0,tt6111130,70,16.0,1,S.W.A.T.
2241,A Million Little Things,2018,16+,70/100,0,1,0,0,tv_show,"family drama, comedy drama",United States,English,7.0,tt7608248,70,16.0,1,A MILLION LITTLE THINGS
2242,For Life,2020,16+,70/100,0,1,0,0,tv_show,"police television drama, legal drama, thriller television series",United States,English,6.0,tt10327830,70,16.0,1,FOR LIFE
2243,Battlestar Galactica,1978,7+,70/100,0,1,0,0,tv_show,science fiction television program,United States,English,7.2,tt0076984,70,7.0,1,BATTLESTAR GALACTICA
2244,Alfred Hitchcock Presents,1955,16+,70/100,0,1,0,0,tv_show,"anthology series, thriller television series, horror television series",United States,English,8.5,tt0047708,70,16.0,1,ALFRED HITCHCOCK PRESENTS
2246,Flashpoint,2008,16+,70/100,0,1,1,0,tv_show,"police television drama, adventure television series","Canada, United States","English, Canadian English",10.0,tt1059475,70,16.0,1,FLASHPOINT
2247,The Detour,2016,18+,70/100,0,1,0,0,tv_show,sitcom,United States,English,8.0,tt4903242,70,18.0,1,THE DETOUR
2248,Greek,2007,16+,70/100,0,1,0,0,tv_show,reality television,United States,English,7.5/10,tt0092400,70,16.0,1,GREEK
2249,Casual,2015,18+,70/100,0,1,0,0,tv_show,"comedy drama, LGBT-related television series",United States,English,6.0,tt4577466,70,18.0,1,CASUAL
2250,Mary Kills People,2017,18+,70/100,0,1,0,0,tv_show,drama,Canada,English,9.0,tt6236572,70,18.0,1,MARY KILLS PEOPLE
2251,Mushi-Shi,2005,16+,70/100,0,1,1,0,tv_show,reality television,United States,English,8.5/10,tt0092400,70,16.0,1,MUSHI-SHI
2252,Baskets,2016,18+,70/100,0,1,0,0,tv_show,"comedy television series, LGBT-related television series",United States,English,9.0,tt3468798,70,18.0,1,BASKETS
2253,Touch,2012,16+,70/100,0,1,1,0,tv_show,reality television,United States,English,7.3/10,tt0092400,70,16.0,1,TOUCH
2254,Rurouni Kenshin,1996,16+,70/100,0,1,1,0,tv_show,reality television,United States,English,8.5/10,tt0092400,70,16.0,1,RUROUNI KENSHIN
2255,Big Sky,2020,16+,70/100,0,1,1,0,tv_show,television series based on a novel,United States,English,6.0,tt11794642,70,16.0,1,BIG SKY
2256,The Wrong Mans,2013,18+,70/100,0,1,0,0,tv_show,comedy drama,United Kingdom,English,7.7,tt2603596,70,18.0,1,THE WRONG MANS
2257,Chance,2016,18+,69/100,0,1,0,0,tv_show,reality television,United States,English,7.7/10,tt0092400,69,18.0,1,CHANCE
2258,The Split,2018,18+,69/100,0,1,0,0,tv_show,"drama television series, legal drama",United Kingdom,English,10.0,tt7631146,69,18.0,1,THE SPLIT
2259,Make It or Break It,2009,16+,69/100,0,1,0,0,tv_show,"drama television series, youth series",United States,English,9.0,tt1332030,69,16.0,1,MAKE IT OR BREAK IT
2261,Das Boot,2018,18+,69/100,0,1,0,0,tv_show,reality television,Germany,German,9.0,tt5830254,69,18.0,1,DAS BOOT
2262,Legit,2013,18+,69/100,0,1,0,0,tv_show,comedy television series,United States,English,9.0,tt2400391,69,18.0,1,LEGIT
2263,Breeders,2020,18+,69/100,0,1,0,0,tv_show,comedy television program,United Kingdom,English,8.0,tt8129450,69,18.0,1,BREEDERS
2264,Queen Sugar,2016,16+,69/100,0,1,0,0,tv_show,LGBT-related television series,United States,English,7.0,tt4419214,69,16.0,1,QUEEN SUGAR
2265,Drake & Josh,2004,all,69/100,0,1,0,0,tv_show,teen sitcom,United States,English,7.7,tt0363328,69,16.0,1,DRAKE & JOSH
2266,MasterChef,2010,16+,69/100,0,1,0,0,tv_show,"reality television, cooking show",United States,English,2.0,tt1694423,69,16.0,1,MASTERCHEF
2267,Young Rock,2021,16+,69/100,0,1,0,0,tv_show,reality television,United States,English,5.0,tt11639952,69,16.0,1,YOUNG ROCK
2268,The Eric Andre Show,2012,18+,69/100,0,1,0,0,tv_show,comedy,United States,English,10.0,tt2244495,69,18.0,1,THE ERIC ANDRE SHOW
2269,Animaniacs,1993,all,69/100,0,1,0,0,tv_show,reality television,United States,English,7.9/10,tt0092400,69,16.0,1,ANIMANIACS
2270,Man Seeking Woman,2015,18+,69/100,0,1,0,0,tv_show,sitcom,United States,English,8.0,tt4189492,69,18.0,1,MAN SEEKING WOMAN
2272,Pretty Little Liars: The Perfectionists,2019,16+,69/100,0,1,0,0,tv_show,"teen drama television, thriller television series, mystery television series, LGBT-related television series",United States,English,7.0,tt7413448,69,16.0,1,PRETTY LITTLE LIARS: THE PERFECTIONISTS
2273,Yu Yu Hakusho,1992,16+,69/100,0,1,0,0,tv_show,reality television,United States,English,8.4/10,tt0092400,69,16.0,1,YU YU HAKUSHO
2274,Brassic,2019,16+,69/100,0,1,0,0,tv_show,reality television,United States,English,8.3/10,tt0092400,69,16.0,1,BRASSIC
2275,Lodge 49,2018,16+,69/100,0,1,0,0,tv_show,comedy drama,United States,English,7.0,tt6128254,69,16.0,1,LODGE 49
2276,I Am the Night,2019,18+,69/100,0,1,0,0,tv_show,"drama television series, film based on book",United States,English,6.0,tt7186588,69,18.0,1,I AM THE NIGHT
2277,Hey Arnold!,1996,all,69/100,0,1,0,0,tv_show,reality television,United States,English,7.6/10,tt0092400,69,16.0,1,HEY ARNOLD!
2278,NOS4A2,2019,16+,69/100,0,1,0,0,tv_show,"horror television series, television series based on a novel",United States,English,7.0,tt5194792,69,16.0,1,NOS4A2
2279,The Glades,2010,16+,69/100,0,1,0,0,tv_show,police procedural,United States,English,8.0,tt1552112,69,16.0,1,THE GLADES
2280,The Bridge,2013,18+,69/100,1,1,0,0,tv_show,reality television,United States,English,7.6/10,tt0092400,69,18.0,1,THE BRIDGE
2282,Underground,2016,18+,69/100,0,1,1,0,tv_show,drama film,United States,English,8.0,tt4522400,69,18.0,1,UNDERGROUND
2284,A Teacher,2020,18+,69/100,0,1,0,0,tv_show,drama television series,United States,English,8.0,tt10680614,69,18.0,1,A TEACHER
2285,Danny Phantom,2004,7+,69/100,0,1,0,0,tv_show,reality television,United States,English,7.1/10,tt0092400,69,7.0,1,DANNY PHANTOM
2286,Sliders,1995,7+,69/100,0,1,0,0,tv_show,"science fiction television program, fantasy television series",United States,English,7.4,tt0112167,69,7.0,1,SLIDERS
2287,30 for 30,2009,7+,69/100,0,1,0,0,tv_show,reality television,United States,English,8.8/10,tt0092400,69,7.0,1,30 FOR 30
2288,Life in Pieces,2015,16+,69/100,0,1,1,0,tv_show,American television sitcom,United States,English,9.0,tt4384086,69,16.0,1,LIFE IN PIECES
2289,The Amazing Race,2001,7+,68/100,0,1,1,0,tv_show,"game show, reality competition",United States,English,9.0,tt0285335,68,7.0,1,THE AMAZING RACE
2290,Pitch,2016,16+,68/100,0,1,0,0,tv_show,reality television,United States,English,7.4/10,tt0092400,68,16.0,1,PITCH
2291,Numb3rs,2005,7+,68/100,0,1,0,0,tv_show,"police procedural, procedural television drama, drama television series",United States,English,7.0,tt0433309,68,7.0,1,NUMB3RS
2292,Roswell,1999,16+,68/100,0,1,0,0,tv_show,"science fiction television program, drama television series, youth series",United States,English,10.0,tt0201391,68,16.0,1,ROSWELL
2293,Tyrant,2014,18+,68/100,0,1,0,0,tv_show,"drama television series, LGBT-related television series",United States,English,7.0,tt2568204,68,18.0,1,TYRANT
2294,Legends,2014,16+,68/100,0,1,0,0,tv_show,"drama television series, television series based on a novel",United States,English,7.0,tt2402137,68,16.0,1,LEGENDS
2295,Angie Tribeca,2016,16+,68/100,0,1,0,0,tv_show,"parody, crime television series, mystery television series, comedy television series",United States,English,7.0,tt3597790,68,16.0,1,ANGIE TRIBECA
2296,FLCL,2000,18+,68/100,0,1,0,0,tv_show,reality television,United States,English,8.2/10,tt0092400,68,18.0,1,FLCL
2297,Rugrats,1991,all,68/100,0,1,0,0,tv_show,reality television,United States,English,7.4/10,tt0092400,68,16.0,1,RUGRATS
2298,Fosse/Verdon,2019,18+,68/100,0,1,0,0,tv_show,"drama television series, film based on book",United States,English,7.9,tt8746478,68,18.0,1,FOSSE/VERDON
2299,Assassination Classroom,2015,16+,68/100,0,1,0,0,tv_show,reality television,United States,English,8.0/10,tt0092400,68,16.0,1,ASSASSINATION CLASSROOM
2300,Top Chef,2006,16+,68/100,0,1,0,0,tv_show,"reality competition, cooking show",United States,English,7.0,tt0765425,68,16.0,1,TOP CHEF
2301,Ghost Whisperer,2005,7+,68/100,0,1,1,0,tv_show,"fantasy television series, drama television series",United States,English,8.0,tt0460644,68,7.0,1,GHOST WHISPERER
2302,Darker than Black,2007,16+,68/100,0,1,1,0,tv_show,reality television,United States,English,7.7/10,tt0092400,68,16.0,1,DARKER THAN BLACK
2303,Kaguya-sama: Love is War,2019,16+,68/100,0,1,0,0,tv_show,reality television,United States,English,8.4/10,tt0092400,68,16.0,1,KAGUYA-SAMA: LOVE IS WAR
2305,Ally McBeal,1997,16+,68/100,0,1,0,0,tv_show,"comedy drama, legal drama",United States,English,6.0,tt0118254,68,16.0,1,ALLY MCBEAL
2307,Everything's Gonna Be Okay,2020,16+,68/100,0,1,0,0,tv_show,comedy film,United States,English,10.0,tt8680006,68,16.0,1,EVERYTHING'S GONNA BE OKAY
2308,Psycho-Pass,2012,18+,68/100,0,1,1,0,tv_show,reality television,United States,English,8.2/10,tt0092400,68,18.0,1,PSYCHO-PASS
2309,The Powerpuff Girls,1998,7+,68/100,0,1,0,0,tv_show,reality television,United States,English,7.3/10,tt0092400,68,7.0,1,THE POWERPUFF GIRLS
2310,"Beverly Hills, 90210",1990,16+,68/100,0,1,0,0,tv_show,"soap opera, teen drama television",United States,English,6.6,tt0098749,68,16.0,1,"BEVERLY HILLS, 90210"
2311,"McCartney 3,2,1",2021,16+,68/100,0,1,0,0,tv_show,documentary,United States,English,9.0,tt13679628,68,16.0,1,"MCCARTNEY 3,2,1"
2312,Friday Night Dinner,2011,18+,68/100,0,1,0,0,tv_show,sitcom,United Kingdom,English,9.0,tt1844923,68,18.0,1,FRIDAY NIGHT DINNER
2313,Wu-Tang: An American Saga,2019,18+,68/100,0,1,0,0,tv_show,reality television,United States,English,8.2/10,tt0092400,68,18.0,1,WU-TANG: AN AMERICAN SAGA
2315,Hellsing Ultimate,2006,18+,68/100,0,1,0,0,tv_show,reality television,United States,English,8.3/10,tt0092400,68,18.0,1,HELLSING ULTIMATE
2316,Claws,2017,18+,68/100,0,1,0,0,tv_show,"comedy drama, LGBT-related television series",United States,English,7.5,tt5640558,68,18.0,1,CLAWS
2317,Marvel's M.O.D.O.K.,2021,18+,68/100,0,1,0,0,tv_show,reality television,United States,English,6.3/10,tt0092400,68,18.0,1,MARVEL'S M.O.D.O.K.
2318,Shark Tank,2009,7+,68/100,0,1,0,0,tv_show,reality television,United States,English,7.6,tt1442550,68,7.0,1,SHARK TANK
2319,Ghost Adventures,2008,13+,67/100,0,1,0,0,tv_show,"reality television, television documentary",United States,English,6.0,tt1319900,67,13.0,1,GHOST ADVENTURES
2320,Miranda,2009,7+,67/100,0,1,0,0,tv_show,reality television,United States,English,8.2/10,tt0092400,67,7.0,1,MIRANDA
2321,Making It,2018,7+,67/100,0,1,0,0,tv_show,reality television,United States,English,8.0,tt6874206,67,7.0,1,MAKING IT
2322,The Son,2017,16+,67/100,1,1,0,0,tv_show,"Westerns on television, drama television series, television series based on a novel",United States,English,8.0,tt3839822,67,16.0,1,THE SON
2323,10 Things I Hate About You,2009,16+,67/100,0,1,0,1,tv_show,"sitcom, teen sitcom",United States,English,7.0,tt1321805,67,16.0,1,10 THINGS I HATE ABOUT YOU
2325,Good Trouble,2019,16+,67/100,0,1,0,0,tv_show,"drama television series, LGBT-related television series",United States,English,7.0,tt7820906,67,16.0,1,GOOD TROUBLE
2326,Ben 10,2005,7+,67/100,0,1,0,0,tv_show,reality television,United States,English,7.3/10,tt0092400,67,7.0,1,BEN 10
2327,The Mick,2017,16+,67/100,0,1,0,0,tv_show,sitcom,United States,English,9.0,tt5638056,67,16.0,1,THE MICK
2328,WWE Raw,1993,7+,67/100,0,1,0,0,tv_show,"professional wrestling, sports entertainment",United States,"English, French, Spanish",5.0,tt0185103,67,7.0,1,WWE RAW
2329,Party of Five,1994,7+,67/100,0,1,0,0,tv_show,"drama television series, youth series",United States,English,6.8,tt0108894,67,7.0,1,PARTY OF FIVE
2330,Overlord,2015,18+,67/100,0,1,0,0,tv_show,reality television,United States,English,7.8/10,tt0092400,67,18.0,1,OVERLORD
2331,The Path,2016,18+,67/100,0,1,0,0,tv_show,drama television series,United States,English,6.0,tt4789576,67,18.0,1,THE PATH
2332,Descendants of the Sun,2016,16+,67/100,0,1,1,0,tv_show,"romance television series, action television series, comedy television series, drama television series",South Korea,Korean,9.0,tt4925000,67,16.0,1,DESCENDANTS OF THE SUN
2333,Single Parents,2018,7+,67/100,0,1,0,0,tv_show,comedy television series,United States,English,8.0,tt7845644,67,7.0,1,SINGLE PARENTS
2335,Deadliest Catch,2005,16+,67/100,0,1,0,0,tv_show,documentary film,United States,English,8.0,tt0446809,67,16.0,1,DEADLIEST CATCH
2336,Gangland Undercover,2015,16+,67/100,0,1,0,0,tv_show,reality television,"Canada, United States",English,9.0,tt4341996,67,16.0,1,GANGLAND UNDERCOVER
2337,ThunderCats,1985,7+,67/100,0,1,0,0,tv_show,reality television,United States,English,7.9/10,tt0092400,67,7.0,1,THUNDERCATS
2338,Shiki,2010,18+,67/100,0,1,0,0,tv_show,reality television,United States,English,7.7/10,tt0092400,67,18.0,1,SHIKI
2339,Rascal Does Not Dream of Bunny Girl Senpai,2018,16+,67/100,0,1,0,0,tv_show,reality television,United States,English,8.2/10,tt0092400,67,16.0,1,RASCAL DOES NOT DREAM OF BUNNY GIRL SENPAI
2340,Jane Eyre,2006,7+,67/100,0,1,1,0,tv_show,reality television,United States,English,8.3/10,tt0092400,67,7.0,1,JANE EYRE
2341,Kitchen Nightmares,2007,16+,67/100,0,1,0,0,tv_show,"reality television, cooking show",United States,English,8.0,tt0983514,67,16.0,1,KITCHEN NIGHTMARES
2342,Devious Maids,2013,7+,67/100,0,1,0,0,tv_show,"soap opera, comedy drama, LGBT-related television series",United States,English,8.0,tt2226342,67,7.0,1,DEVIOUS MAIDS
2343,My Wife and Kids,2001,7+,67/100,0,1,0,0,tv_show,sitcom,United States,English,7.0,tt0273855,67,7.0,1,MY WIFE AND KIDS
2344,Star vs. the Forces of Evil,2015,7+,67/100,0,1,0,1,tv_show,reality television,United States,English,8.0/10,tt0092400,67,7.0,1,STAR VS. THE FORCES OF EVIL
2345,Dark Side of the Ring,2019,16+,67/100,0,1,0,0,tv_show,documentary film,United States,English,10.0,tt9159144,67,16.0,1,DARK SIDE OF THE RING
2346,High School DxD,2012,18+,67/100,0,1,0,0,tv_show,reality television,United States,English,7.6/10,tt0092400,67,18.0,1,HIGH SCHOOL DXD
2347,Transplant,2020,16+,67/100,0,1,0,0,tv_show,reality television,United States,English,7.9/10,tt0092400,67,16.0,1,TRANSPLANT
2348,Apple Tree Yard,2017,16+,67/100,0,1,0,0,tv_show,drama,United Kingdom,English,8.0,tt5336698,67,16.0,1,APPLE TREE YARD
2349,9-1-1: Lone Star,2020,16+,67/100,0,1,0,0,tv_show,"police television drama, action television series, drama television series, LGBT-related television series",United States,English,7.0,tt10323338,67,16.0,1,9-1-1: LONE STAR
2352,Fruits Basket,2019,7+,66/100,0,1,0,0,tv_show,reality television,United States,English,8.6/10,tt0092400,66,7.0,1,FRUITS BASKET
2353,Siren,2018,7+,66/100,0,1,0,0,tv_show,reality television,United States,English,7.0/10,tt0092400,66,7.0,1,SIREN
2354,Holey Moley,2019,7+,66/100,0,1,0,0,tv_show,reality television,United States,English,8.0,tt10133226,66,7.0,1,HOLEY MOLEY
2355,Diabolik Lovers,2013,16+,66/100,0,1,0,0,tv_show,reality television,United States,English,5.2/10,tt0092400,66,16.0,1,DIABOLIK LOVERS
2356,Dates,2013,16+,66/100,0,1,0,0,tv_show,"drama television series, LGBT-related television series",United Kingdom,English,9.0,tt2964118,66,16.0,1,DATES
2357,Baby Daddy,2012,16+,66/100,0,1,0,0,tv_show,American television sitcom,United States,English,7.0,tt2177489,66,16.0,1,BABY DADDY
2358,Digimon Adventure,1999,7+,66/100,0,1,0,0,tv_show,reality television,United States,English,7.3/10,tt0092400,66,7.0,1,DIGIMON ADVENTURE
2360,The Long Road Home,2017,18+,66/100,0,1,0,0,tv_show,reality television,United States,English,7.5/10,tt0092400,66,18.0,1,THE LONG ROAD HOME
2361,Black Lagoon,2006,18+,66/100,0,1,0,0,tv_show,reality television,United States,English,8.0/10,tt0092400,66,18.0,1,BLACK LAGOON
2362,Taken,2017,18+,66/100,0,1,0,0,tv_show,"drama television series, thriller television series",United States,English,9.0,tt5134476,66,18.0,1,TAKEN
2363,Harrow,2018,16+,66/100,0,1,0,0,tv_show,reality television,United States,English,7.6/10,tt0092400,66,16.0,1,HARROW
2364,Walker,2021,16+,66/100,0,1,0,0,tv_show,reality television,United States,English,5.9/10,tt0092400,66,16.0,1,WALKER
2365,Catfish: The TV Show,2012,16+,66/100,0,1,0,0,tv_show,"docudrama, LGBT-related television series",United States,English,5.0,tt2498968,66,16.0,1,CATFISH: THE TV SHOW
2366,Treadstone,2019,18+,66/100,0,1,0,0,tv_show,"action television series, thriller television series, drama television series",United States,"English, Russian, Korean",8.0,tt8289480,66,18.0,1,TREADSTONE
2367,The Incredible Hulk,1977,7+,66/100,0,1,0,1,tv_show,"science fiction television program, adventure television series, fantasy television series, drama television series",United States,English,7.0,tt0077031,66,7.0,1,THE INCREDIBLE HULK
2368,"Sabrina, the Teenage Witch",1996,all,66/100,0,1,0,0,tv_show,reality television,United States,English,6.7/10,tt0092400,66,16.0,1,"SABRINA, THE TEENAGE WITCH"
2369,X-Men: Evolution,2000,7+,66/100,0,1,0,1,tv_show,reality television,United States,English,7.8/10,tt0092400,66,7.0,1,X-MEN: EVOLUTION
2370,Death Parade,2015,18+,66/100,0,1,0,0,tv_show,reality television,United States,English,7.9/10,tt0092400,66,18.0,1,DEATH PARADE
2371,NEXT,2020,16+,66/100,0,1,1,0,tv_show,reality television,United States,English,6.7/10,tt0092400,66,16.0,1,NEXT
2372,The Pink Panther,1964,all,66/100,0,1,1,0,tv_show,reality television,United States,English,7.6/10,tt0092400,66,16.0,1,THE PINK PANTHER
2373,Golden Time,2013,16+,66/100,0,1,0,0,tv_show,reality television,South Korea,Korean,7.5,tt2474948,66,16.0,1,GOLDEN TIME
2374,Dollface,2019,18+,66/100,0,1,0,0,tv_show,comedy television series,United States,English,10.0,tt7661046,66,18.0,1,DOLLFACE
2375,Taxi,1978,7+,66/100,0,1,0,0,tv_show,"entertainment television program, game show",Greece,Greek,5.8,tt13125512,66,7.0,1,TAXI
2376,Being Mary Jane,2014,16+,66/100,0,1,0,0,tv_show,drama television series,United States,English,4.0,tt2345481,66,16.0,1,BEING MARY JANE
2377,Drunk History,2013,16+,65/100,0,1,0,0,tv_show,comedy television series,United States,English,9.0,tt2712612,65,16.0,1,DRUNK HISTORY
2378,Twisted,2013,16+,65/100,0,1,0,0,tv_show,reality television,United States,English,7.3/10,tt0092400,65,16.0,1,TWISTED
2379,Brothers and Sisters,2006,16+,65/100,0,1,0,0,tv_show,reality television,United States,English,7.3/10,tt0092400,65,16.0,1,BROTHERS AND SISTERS
2380,Breakout Kings,2011,16+,65/100,0,1,0,0,tv_show,drama television series,United States,English,9.0,tt1590961,65,16.0,1,BREAKOUT KINGS
2382,Scott & Bailey,2011,7+,65/100,0,1,0,0,tv_show,"police procedural, detective fiction, crime drama film",United Kingdom,English,9.0,tt1843678,65,7.0,1,SCOTT & BAILEY
2383,Little Britain,2003,18+,65/100,0,1,0,0,tv_show,"satire, comedy television series",United Kingdom,English,8.0,tt0358856,65,18.0,1,LITTLE BRITAIN
2384,Law & Order: Organized Crime,2021,16+,65/100,0,1,0,0,tv_show,"police procedural, thriller television series, drama television series",United States,English,7.7,tt12677870,65,16.0,1,LAW & ORDER: ORGANIZED CRIME
2385,Pinky and the Brain,1995,7+,65/100,0,1,0,0,tv_show,reality television,United States,English,7.8/10,tt0092400,65,7.0,1,PINKY AND THE BRAIN
2387,Ergo Proxy,2006,18+,65/100,0,1,0,0,tv_show,reality television,United States,English,8.0/10,tt0092400,65,18.0,1,ERGO PROXY
2388,Noragami,2014,16+,65/100,0,1,0,0,tv_show,reality television,United States,English,7.9/10,tt0092400,65,16.0,1,NORAGAMI
2390,Primeval,2007,16+,65/100,0,1,0,0,tv_show,"science fiction television program, fantasy television series",United Kingdom,English,7.0,tt0808096,65,16.0,1,PRIMEVAL
2391,Face Off,2011,7+,65/100,0,1,0,0,tv_show,"reality television, game show, talent show",United States,English,10.0,tt1663641,65,7.0,1,FACE OFF
2392,Love Island,2015,18+,65/100,0,1,0,0,tv_show,reality television series,England,English,1.0,tt4770018,65,18.0,1,LOVE ISLAND
2393,Highlander: The Series,1992,16+,65/100,0,1,0,0,tv_show,"paranormal television program, science fiction television program, fantasy television series, action television series","United States, Canada, France",English,7.2,tt0103442,65,16.0,1,HIGHLANDER: THE SERIES
2395,Prison School,2015,18+,65/100,0,1,0,0,tv_show,reality television,United States,English,7.6/10,tt0092400,65,18.0,1,PRISON SCHOOL
2396,Good Luck Charlie,2010,all,65/100,0,1,0,1,tv_show,"sitcom, youth series",United States,English,8.0,tt1415889,65,16.0,1,GOOD LUCK CHARLIE
2397,Medium,2005,16+,65/100,0,1,0,0,tv_show,"paranormal television program, drama television series, thriller television series, legal drama",United States,English,7.2,tt0412175,65,16.0,1,MEDIUM
2398,Fire Force,2019,16+,65/100,0,1,0,0,tv_show,reality television,United States,English,7.7/10,tt0092400,65,16.0,1,FIRE FORCE
2399,Second Chance,2016,16+,65/100,0,1,0,0,tv_show,science fiction television program,United States,English,10.0,tt4378456,65,16.0,1,SECOND CHANCE
2400,American Housewife,2016,7+,65/100,0,1,0,0,tv_show,"LGBT-related television series, comedy television program",United States,English,8.0,tt5396394,65,7.0,1,AMERICAN HOUSEWIFE
2401,The First,2018,18+,65/100,0,1,0,0,tv_show,reality television,United States,English,6.7/10,tt0092400,65,18.0,1,THE FIRST
2403,Reprisal,2019,18+,65/100,0,1,0,0,tv_show,reality television,United States,English,7.5/10,tt0092400,65,18.0,1,REPRISAL
2404,Mushoku Tensei: Jobless Reincarnation,2021,16+,64/100,0,1,0,0,tv_show,reality television,United States,English,8.3/10,tt0092400,64,16.0,1,MUSHOKU TENSEI: JOBLESS REINCARNATION
2405,The Kids Are Alright,2018,7+,64/100,0,1,0,0,tv_show,reality television,United States,English,7.9/10,tt0092400,64,7.0,1,THE KIDS ARE ALRIGHT
2406,Remington Steele,1982,7+,64/100,0,1,0,0,tv_show,"crime television series, comedy television series",United States,English,7.3,tt0083470,64,7.0,1,REMINGTON STEELE
2407,Saved by the Bell,1989,all,64/100,0,1,0,0,tv_show,"teen sitcom, comedy film, American television sitcom",United States,English,7.0,tt0096694,64,16.0,1,SAVED BY THE BELL
2408,The Fades,2011,18+,64/100,0,1,0,0,tv_show,"paranormal television program, drama television series",United Kingdom,English,8.0,tt1772379,64,18.0,1,THE FADES
2409,My Teen Romantic Comedy SNAFU,2013,16+,64/100,0,1,0,0,tv_show,reality television,United States,English,7.9/10,tt0092400,64,16.0,1,MY TEEN ROMANTIC COMEDY SNAFU
2410,Station 19,2018,16+,64/100,0,1,0,0,tv_show,"action television series, drama television series",United States,English,10.0,tt7053188,64,16.0,1,STATION 19
2412,New Tricks,2003,7+,64/100,0,1,0,0,tv_show,"police procedural, drama television series",United Kingdom,English,9.0,tt0362357,64,7.0,1,NEW TRICKS
2414,The Mary Tyler Moore Show,1970,7+,64/100,0,1,0,0,tv_show,American television sitcom,United States,English,8.3,tt0065314,64,7.0,1,THE MARY TYLER MOORE SHOW
2415,Hill Street Blues,1981,16+,64/100,0,1,0,0,tv_show,"police procedural, drama television series",United States,English,8.2,tt0081873,64,16.0,1,HILL STREET BLUES
2416,Monster Musume: Everyday Life with Monster Girls,2015,18+,64/100,0,1,0,0,tv_show,reality television,United States,English,6.7/10,tt0092400,64,18.0,1,MONSTER MUSUME: EVERYDAY LIFE WITH MONSTER GIRLS
2417,The Conners,2018,7+,64/100,0,1,0,0,tv_show,sitcom,United States,English,4.0,tt8595140,64,7.0,1,THE CONNERS
2418,NYPD Blue,1993,16+,64/100,0,1,1,0,tv_show,"police procedural, drama television series",United States,English,9.0,tt0106079,64,16.0,1,NYPD BLUE
2419,CSI: Miami,2002,16+,64/100,0,1,0,0,tv_show,"police procedural, drama television series",United States,English,6.5,tt0313043,64,16.0,1,CSI: MIAMI
2420,Metalocalypse,2006,18+,64/100,0,1,0,0,tv_show,reality television,United States,English,10.0,tt3298820,64,18.0,1,METALOCALYPSE
2421,America's Got Talent,2006,7+,64/100,0,1,0,0,tv_show,"talent show, music program",United States,English,5.8,tt0759364,64,7.0,1,AMERICA'S GOT TALENT
2422,Fixer Upper,2013,all,64/100,0,1,0,0,tv_show,reality television,United States,English,6.0,tt4591390,64,16.0,1,FIXER UPPER
2424,DCI Banks,2011,16+,64/100,0,1,0,0,tv_show,"drama television series, crime television series",United Kingdom,English,9.0,tt1652216,64,16.0,1,DCI BANKS
2425,The Future Diary,2011,18+,64/100,0,1,0,0,tv_show,reality television,United States,English,7.6/10,tt0092400,64,18.0,1,THE FUTURE DIARY
2426,Childrens Hospital,2008,18+,64/100,0,1,0,0,tv_show,"satire, sitcom, parody, comedy television series",United States,English,10.0,tt1325113,64,18.0,1,CHILDRENS HOSPITAL
2427,The First 48,2004,18+,64/100,0,1,0,0,tv_show,reality television,United States,English,10.0,tt0423652,64,18.0,1,THE FIRST 48
2428,Chopped,2009,all,64/100,0,1,0,0,tv_show,"cooking show, game show",United States,English,6.0,tt1353281,64,16.0,1,CHOPPED
2429,Sense and Sensibility,2008,16+,64/100,0,1,1,0,tv_show,television series based on a novel,United Kingdom,English,10.0,tt0254768,64,16.0,1,SENSE AND SENSIBILITY
2430,House Hunters,1999,all,64/100,0,1,0,0,tv_show,reality television,United States,English,7.0,tt0369117,64,16.0,1,HOUSE HUNTERS
2431,Teenage Mutant Ninja Turtles,2012,7+,64/100,0,1,0,0,tv_show,reality television,United States,English,7.8/10,tt0092400,64,7.0,1,TEENAGE MUTANT NINJA TURTLES
2432,Flower of Evil,2020,16+,64/100,0,1,0,0,tv_show,"melodrama, thriller television series, romance television series, crime television series",South Korea,Korean,10.0,tt11691684,64,16.0,1,FLOWER OF EVIL
2434,Monogatari,2009,16+,64/100,0,1,0,0,tv_show,reality television,United States,English,8.0/10,tt0092400,64,16.0,1,MONOGATARI
2435,Prisoners of War,2010,16+,63/100,0,1,0,0,tv_show,drama television series,Israel,Hebrew,8.0,tt1676462,63,16.0,1,PRISONERS OF WAR
2436,Clique,2017,18+,63/100,0,1,0,0,tv_show,reality television,United States,English,7.0/10,tt0092400,63,18.0,1,CLIQUE
2437,Atlantis,2013,7+,63/100,0,1,0,0,tv_show,reality television,United States,English,6.6/10,tt0092400,63,7.0,1,ATLANTIS
2438,Travel Man: 48 Hours in...,2015,7+,63/100,0,1,0,0,tv_show,travel documentary,United Kingdom,English,10.0,tt4719744,63,7.0,1,TRAVEL MAN: 48 HOURS IN...
2439,Chowder,2007,7+,63/100,0,1,0,0,tv_show,reality television,United States,English,7.3/10,tt0092400,63,7.0,1,CHOWDER
2440,The Hardy Boys,2020,7+,63/100,0,1,0,0,tv_show,"action television series, family television series, teen drama television, adventure television series",Canada,English,8.0,tt11252090,63,7.0,1,THE HARDY BOYS
2442,Shots Fired,2017,16+,63/100,0,1,0,0,tv_show,drama television series,United States,English,7.0,tt5519456,63,16.0,1,SHOTS FIRED
2443,National Treasure,2016,16+,63/100,0,1,0,1,tv_show,reality television,United States,English,7.4/10,tt0092400,63,16.0,1,NATIONAL TREASURE
2444,The Familiar of Zero,2006,16+,63/100,0,1,0,0,tv_show,reality television,United States,English,7.0/10,tt0092400,63,16.0,1,THE FAMILIAR OF ZERO
2445,The Brady Bunch,1969,all,63/100,0,1,0,0,tv_show,comedy television series,United States,English,6.8,tt0063878,63,16.0,1,THE BRADY BUNCH
2446,Four Weddings and a Funeral,2019,18+,63/100,0,1,0,0,tv_show,reality television,United States,English,7.2/10,tt0092400,63,18.0,1,FOUR WEDDINGS AND A FUNERAL
2448,Hamilton's Pharmacopeia,2016,18+,63/100,0,1,0,0,tv_show,television documentary,United States,English,10.0,tt6090814,63,18.0,1,HAMILTON'S PHARMACOPEIA
2449,The New York Times Presents,2020,18+,63/100,0,1,0,0,tv_show,television documentary,United States,English,8.0,tt8629150,63,18.0,1,THE NEW YORK TIMES PRESENTS
2450,What's Wrong with Secretary Kim,2018,all,63/100,0,1,0,0,tv_show,"drama television series, television series based on a novel",South Korea,Korean,7.0,tt8242904,63,16.0,1,WHAT'S WRONG WITH SECRETARY KIM
2452,The Great North,2021,16+,63/100,0,1,0,0,tv_show,reality television,United States,English,6.5/10,tt0092400,63,16.0,1,THE GREAT NORTH
2453,The Ultimate Fighter,2005,16+,63/100,0,1,0,0,tv_show,"reality television, sports television program",United States,English,7.8,tt0445912,63,16.0,1,THE ULTIMATE FIGHTER
2455,Tiny Toon Adventures,1990,all,63/100,0,1,0,0,tv_show,reality television,United States,English,7.5/10,tt0092400,63,16.0,1,TINY TOON ADVENTURES
2456,Foster's Home for Imaginary Friends,2004,7+,63/100,0,1,0,0,tv_show,reality television,United States,English,7.6/10,tt0092400,63,7.0,1,FOSTER'S HOME FOR IMAGINARY FRIENDS
2457,The Tonight Show Starring Jimmy Fallon,2014,16+,63/100,0,1,0,0,tv_show,"late-night talk show, variety show",United States,English,7.0,tt3444938,63,16.0,1,THE TONIGHT SHOW STARRING JIMMY FALLON
2458,Barkskins,2020,18+,63/100,0,1,0,0,tv_show,television series based on a novel,United States,English,9.0,tt9426272,63,18.0,1,BARKSKINS
2459,River Monsters,2009,7+,63/100,0,1,1,0,tv_show,documentary,"United States, United Kingdom",English,8.0,tt1476750,63,7.0,1,RIVER MONSTERS
2460,The Dick Van Dyke Show,1961,all,63/100,0,1,0,0,tv_show,sitcom,United States,English,9.0,tt0054533,63,16.0,1,THE DICK VAN DYKE SHOW
2461,Yu-Gi-Oh! GX,2004,all,63/100,0,1,0,0,tv_show,reality television,United States,English,6.8/10,tt0092400,63,16.0,1,YU-GI-OH! GX
2462,Highschool of the Dead,2010,18+,63/100,0,1,0,0,tv_show,reality television,United States,English,7.2/10,tt0092400,63,18.0,1,HIGHSCHOOL OF THE DEAD
2464,While You Were Sleeping,2017,16+,63/100,0,1,0,1,tv_show,"romance television series, fantasy television series",South Korea,Korean,10.0,tt6256484,63,16.0,1,WHILE YOU WERE SLEEPING
2465,The Marvelous Misadventures of Flapjack,2008,7+,63/100,0,1,0,0,tv_show,reality television,United States,English,7.8/10,tt0092400,63,7.0,1,THE MARVELOUS MISADVENTURES OF FLAPJACK
2466,Difficult People,2015,18+,63/100,0,1,0,0,tv_show,"comedy television series, LGBT-related television series",United States,English,5.0,tt4676574,63,18.0,1,DIFFICULT PEOPLE
2467,Reba,2001,7+,63/100,0,1,0,0,tv_show,sitcom,United States,English,6.8,tt0284722,63,7.0,1,REBA
2468,The Event,2010,16+,62/100,0,1,0,0,tv_show,science fiction television program,United States,English,9.0,tt1582459,62,16.0,1,THE EVENT
2469,American Gothic,1995,7+,62/100,0,1,0,0,tv_show,drama television series,United States,English,8.1,tt0111880,62,7.0,1,AMERICAN GOTHIC
2470,Garfield and Friends,1988,7+,62/100,0,1,0,0,tv_show,reality television,United States,English,7.3/10,tt0092400,62,7.0,1,GARFIELD AND FRIENDS
2471,Home Economics,2021,7+,62/100,0,1,0,0,tv_show,"comedy television program, American television sitcom",United States,English,7.0,tt9214684,62,7.0,1,HOME ECONOMICS
2472,Clannad After Story,2009,7+,62/100,0,1,0,0,tv_show,reality television,United States,English,8.6/10,tt0092400,62,7.0,1,CLANNAD AFTER STORY
2473,The Choe Show,2021,16+,62/100,0,1,0,0,tv_show,"talk show, variety show",United States,American English,8.0,tt14535092,62,16.0,1,THE CHOE SHOW
2474,Bless This Mess,2019,7+,62/100,0,1,0,0,tv_show,sitcom,United States,English,7.0,tt9418572,62,7.0,1,BLESS THIS MESS
2475,Horrible Histories,2009,7+,62/100,0,1,1,0,tv_show,comedy television series,United Kingdom,English,9.0,tt1400819,62,7.0,1,HORRIBLE HISTORIES
2476,grown-ish,2018,16+,62/100,0,1,0,0,tv_show,"sitcom, LGBT-related television series, college life television program, comedy drama",United States,English,7.0,tt7018644,62,16.0,1,GROWN-ISH
2478,Duncanville,2020,16+,62/100,0,1,0,0,tv_show,reality television,United States,English,6.0/10,tt0092400,62,16.0,1,DUNCANVILLE
2479,The Guest Book,2017,18+,62/100,0,1,0,0,tv_show,"comedy television program, anthology series",United States,English,8.0,tt5990096,62,18.0,1,THE GUEST BOOK
2480,Speechless,2016,7+,62/100,0,1,0,0,tv_show,sitcom,United States,English,10.0,tt5592146,62,7.0,1,SPEECHLESS
2481,Intervention,2005,16+,62/100,0,1,0,0,tv_show,reality television,United States,English,7.9,tt0450920,62,16.0,1,INTERVENTION
2482,K.C. Undercover,2015,all,62/100,0,1,0,1,tv_show,"teen sitcom, American television sitcom",United States,English,10.0,tt3598030,62,16.0,1,K.C. UNDERCOVER
2483,The Three Stooges,1934,all,62/100,0,1,0,0,tv_show,reality television,United States,English,8.6/10,tt0092400,62,16.0,1,THE THREE STOOGES
2485,Dragon Ball GT,1996,7+,62/100,0,1,0,0,tv_show,reality television,United States,English,6.8/10,tt0092400,62,7.0,1,DRAGON BALL GT
2486,Melissa & Joey,2010,16+,62/100,0,1,0,0,tv_show,"comedy television series, American television sitcom",United States,English,6.0,tt1597420,62,16.0,1,MELISSA & JOEY
2487,The Bob Newhart Show,1972,all,62/100,0,1,0,0,tv_show,American television sitcom,United States,English,8.1,tt0068049,62,16.0,1,THE BOB NEWHART SHOW
2488,General Hospital,1963,16+,62/100,0,1,0,0,tv_show,"soap opera, medical drama, LGBT-related television series",United States,English,6.6,tt0056758,62,16.0,1,GENERAL HOSPITAL
2489,Lupin the Third,1971,16+,62/100,0,1,0,0,tv_show,reality television,United States,English,7.9/10,tt0092400,62,16.0,1,LUPIN THE THIRD
2490,Charlotte,2015,16+,62/100,0,1,0,0,tv_show,reality television,United States,English,7.6/10,tt0092400,62,16.0,1,CHARLOTTE
2491,Mr. Mayor,2021,16+,62/100,0,1,0,0,tv_show,sitcom,United States,English,8.0,tt10662034,62,16.0,1,MR. MAYOR
2492,Murder in the First,2014,18+,62/100,0,1,0,0,tv_show,crime film,United States,English,7.0,tt2402227,62,18.0,1,MURDER IN THE FIRST
2493,Jersey Shore: Family Vacation,2018,16+,62/100,0,1,0,0,tv_show,reality television,United States,English,7.0,tt7686456,62,16.0,1,JERSEY SHORE: FAMILY VACATION
2494,Family Matters,1989,all,62/100,0,1,0,0,tv_show,"American television sitcom, family television series",United States,English,6.6,tt0096579,62,16.0,1,FAMILY MATTERS
2497,24: Legacy,2017,16+,62/100,0,1,0,0,tv_show,"thriller television series, espionage television series, action television series",United States,English,6.3,tt5345490,62,16.0,1,24: LEGACY
2499,American Ninja Warrior,2009,7+,62/100,0,1,0,0,tv_show,"reality television, game show",United States,English,5.0,tt1587934,62,7.0,1,AMERICAN NINJA WARRIOR
2500,Seraph of the End,2015,13+,62/100,0,1,0,0,tv_show,reality television,United States,English,7.5/10,tt0092400,62,13.0,1,SERAPH OF THE END
2501,Deutschland 86,2018,16+,62/100,0,1,0,0,tv_show,"drama television series, espionage television series",Germany,German,7.0,tt6148324,62,16.0,1,DEUTSCHLAND 86
2502,Brickleberry,2012,18+,62/100,0,1,0,0,tv_show,reality television,United States,English,7.3/10,tt0092400,62,18.0,1,BRICKLEBERRY
2503,Ghosted,2017,7+,62/100,0,1,0,0,tv_show,science fiction television program,United States,English,7.0,tt6053538,62,7.0,1,GHOSTED
2504,Saving Hope,2012,16+,62/100,0,1,0,0,tv_show,"medical drama, LGBT-related television series",Canada,English,9.0,tt1954804,62,16.0,1,SAVING HOPE
2506,Married at First Sight,2014,7+,61/100,0,1,1,0,tv_show,reality television,Australia,English,3.0,tt4771108,61,7.0,1,MARRIED AT FIRST SIGHT
2508,The Voice,2011,7+,61/100,0,1,0,0,tv_show,singing talent show,United States,English,8.0,tt1839337,61,7.0,1,THE VOICE
2509,Wings,1990,7+,61/100,0,1,0,0,tv_show,American television sitcom,United States,English,7.3,tt0098948,61,7.0,1,WINGS
2510,American Pickers,2010,7+,61/100,0,1,0,0,tv_show,reality television,United States,English,7.0,tt1596786,61,7.0,1,AMERICAN PICKERS
2511,Nightwatch,2015,16+,61/100,0,1,1,0,tv_show,reality television,United States,English,8.8/10,tt0092400,61,16.0,1,NIGHTWATCH
2512,Gold Rush,2010,7+,61/100,0,1,0,0,tv_show,reality television,United States,English,8.0,tt1800864,61,7.0,1,GOLD RUSH
2513,The Riches,2007,18+,61/100,0,1,0,0,tv_show,"comedy drama, LGBT-related television series, crime television series",United States,English,10.0,tt0496343,61,18.0,1,THE RICHES
2514,Lark Rise to Candleford,2008,7+,61/100,0,1,0,0,tv_show,"drama television series, television series based on a novel",United Kingdom,English,10.0,tt1077744,61,7.0,1,LARK RISE TO CANDLEFORD
2515,Stan Against Evil,2016,16+,61/100,0,1,0,0,tv_show,"comedy television program, horror television series",United States,English,7.0,tt5722214,61,16.0,1,STAN AGAINST EVIL
2516,Homicide Hunter: Lt Joe Kenda,2011,16+,61/100,0,1,0,0,tv_show,reality television,United States,English,8.8/10,tt0092400,61,16.0,1,HOMICIDE HUNTER: LT JOE KENDA
2517,RuPaul's Drag Race: Untucked,2010,16+,61/100,0,1,0,0,tv_show,reality television,United States,English,8.0,tt1588754,61,16.0,1,RUPAUL'S DRAG RACE: UNTUCKED
2518,The Carmichael Show,2015,7+,61/100,0,1,0,0,tv_show,American television sitcom,United States,English,9.0,tt4307902,61,7.0,1,THE CARMICHAEL SHOW
2519,Moone Boy,2012,16+,61/100,0,1,0,0,tv_show,sitcom,United States,English,9.0,tt2319283,61,16.0,1,MOONE BOY
2520,Tyler Perry's The Haves and the Have Nots,2013,16+,61/100,0,1,0,0,tv_show,reality television,United States,English,6.0/10,tt0092400,61,16.0,1,TYLER PERRY'S THE HAVES AND THE HAVE NOTS
2522,Perfect Strangers,1986,7+,61/100,0,1,1,0,tv_show,comedy television series,United States,English,7.2,tt0090501,61,7.0,1,PERFECT STRANGERS
2523,The Practice,1997,16+,61/100,0,1,0,0,tv_show,legal drama,United States,English,7.7,tt0118437,61,16.0,1,THE PRACTICE
2525,Light as a Feather,2018,16+,61/100,0,1,0,0,tv_show,thriller television series,United States,English,4.0,tt8619822,61,16.0,1,LIGHT AS A FEATHER
2526,Burden of Truth,2018,16+,61/100,0,1,0,0,tv_show,drama,Canada,English,9.0,tt6987476,61,16.0,1,BURDEN OF TRUTH
2527,Mister Ed,1961,all,61/100,0,1,0,0,tv_show,sitcom,United States,English,6.9,tt0054557,61,16.0,1,MISTER ED
2528,Kamisama Kiss,2012,7+,61/100,0,1,0,0,tv_show,reality television,United States,English,8.1/10,tt0092400,61,7.0,1,KAMISAMA KISS
2530,Mike Tyson Mysteries,2014,16+,61/100,0,1,0,0,tv_show,reality television,United States,English,8.1/10,tt0092400,61,16.0,1,MIKE TYSON MYSTERIES
2531,American Gladiators,1988,7+,61/100,0,1,0,0,tv_show,game show,United States,English,9.0,tt1092447,61,7.0,1,AMERICAN GLADIATORS
2532,My Life as a Teenage Robot,2003,all,60/100,0,1,0,0,tv_show,reality television,United States,English,6.9/10,tt0092400,60,16.0,1,MY LIFE AS A TEENAGE ROBOT
2533,Felicity,1998,16+,60/100,0,1,0,0,tv_show,"drama television series, coming-of-age television program, college life television program",United States,English,6.9,tt0134247,60,16.0,1,FELICITY
2535,Expedition Unknown,2015,7+,60/100,0,1,0,0,tv_show,"documentary film, reality television",United States,English,10.0,tt4305162,60,7.0,1,EXPEDITION UNKNOWN
2536,Rosewood,2015,16+,60/100,0,1,0,0,tv_show,LGBT-related television series,United States,English,10.0,tt4465472,60,16.0,1,ROSEWOOD
2537,The Guardian,2001,7+,60/100,0,1,1,0,tv_show,drama television series,United States,English,7.0,tt0285370,60,7.0,1,THE GUARDIAN
2538,Jeremiah,2002,18+,60/100,0,1,1,0,tv_show,reality television,United States,English,7.0/10,tt0092400,60,18.0,1,JEREMIAH
2539,The Secret of Skinwalker Ranch,2020,7+,60/100,0,1,0,0,tv_show,reality television,United States,English,6.0,tt10589968,60,7.0,1,THE SECRET OF SKINWALKER RANCH
2540,Dharma & Greg,1997,16+,60/100,0,1,0,0,tv_show,"American television sitcom, comedy television series, romantic comedy",United States,English,6.4,tt0118303,60,16.0,1,DHARMA & GREG
2541,The Real Housewives of Beverly Hills,2010,16+,60/100,0,1,0,0,tv_show,reality television,United States,English,7.0,tt1720601,60,16.0,1,THE REAL HOUSEWIVES OF BEVERLY HILLS
2542,The Fall Guy,1981,16+,60/100,0,1,0,0,tv_show,"action television series, adventure television series, comedy television series",United States,English,7.1,tt0081859,60,16.0,1,THE FALL GUY
2543,Sealab 2021,2000,16+,60/100,0,1,1,0,tv_show,reality television,United States,English,7.9/10,tt0092400,60,16.0,1,SEALAB 2021
2544,The Incredible Dr. Pol,2011,7+,60/100,0,1,0,1,tv_show,"reality television, docu-soap",United States,English,8.0,tt2136396,60,7.0,1,THE INCREDIBLE DR. POL
2545,Whose Line Is It Anyway? (UK),1988,7+,60/100,0,1,0,0,tv_show,reality television,United States,English,8.2/10,tt0092400,60,7.0,1,WHOSE LINE IS IT ANYWAY? (UK)
2546,The Fruit of Grisaia,2014,18+,60/100,0,1,0,0,tv_show,reality television,United States,English,7.1/10,tt0092400,60,18.0,1,THE FRUIT OF GRISAIA
2547,St. Elsewhere,1982,7+,60/100,0,1,0,0,tv_show,"comedy drama, medical drama",United States,English,8.0,tt0083483,60,7.0,1,ST. ELSEWHERE
2548,Ben 10: Omniverse,2012,7+,60/100,0,1,0,0,tv_show,reality television,United States,English,6.0/10,tt0092400,60,7.0,1,BEN 10: OMNIVERSE
2550,Naked and Afraid,2013,16+,60/100,0,1,0,0,tv_show,reality television,United States,English,7.0,tt3007640,60,16.0,1,NAKED AND AFRAID
2551,Woke,2020,18+,60/100,0,1,0,0,tv_show,LGBT-related television series,France,French,9.0,tt6472922,60,18.0,1,WOKE
2553,Mr. Pickles,2014,18+,60/100,0,1,0,0,tv_show,reality television,United States,English,7.4/10,tt0092400,60,18.0,1,MR. PICKLES
2554,The Moodys,2019,16+,60/100,0,1,0,0,tv_show,comedy,Australia,English,9.0,tt3184748,60,16.0,1,THE MOODYS
2555,Being Erica,2009,16+,60/100,0,1,1,0,tv_show,"comedy drama, LGBT-related television series",Canada,English,10.0,tt1149608,60,16.0,1,BEING ERICA
2556,Dual Survival,2010,16+,60/100,0,1,0,0,tv_show,documentary film,United States,English,10.0,tt1673441,60,16.0,1,DUAL SURVIVAL
2557,Dimension 404,2017,16+,60/100,0,1,0,0,tv_show,science fiction television program,United States,English,7.0,tt5798078,60,16.0,1,DIMENSION 404
2558,Diff'rent Strokes,1978,all,60/100,0,1,0,0,tv_show,sitcom,United States,English,9.0,tt0077003,60,16.0,1,DIFF'RENT STROKES
2559,Bad Banks,2018,7+,60/100,0,1,0,0,tv_show,reality television,United States,English,7.9/10,tt0092400,60,7.0,1,BAD BANKS
2560,Kojak,1973,16+,60/100,0,1,0,0,tv_show,"crime television series, drama television series, police television drama",United States,English,7.1,tt0069599,60,16.0,1,KOJAK
2561,Robin of Sherwood,1984,7+,60/100,0,1,1,0,tv_show,"fantasy television series, historical drama, action television series, drama film",United Kingdom,English,8.4,tt0086791,60,7.0,1,ROBIN OF SHERWOOD
2562,Ranma ½,1989,16+,60/100,0,1,0,0,tv_show,reality television,United States,English,7.9/10,tt0092400,60,16.0,1,RANMA ½
2563,McLeod's Daughters,2001,16+,60/100,0,1,0,0,tv_show,drama television series,Australia,English,7.0,tt0292414,60,16.0,1,MCLEOD'S DAUGHTERS
2564,Life Below Zero,2013,7+,60/100,0,1,0,1,tv_show,television documentary,United States,English,8.0,tt2964642,60,7.0,1,LIFE BELOW ZERO
2566,mixed-ish,2019,7+,60/100,0,1,0,0,tv_show,sitcom,United States,English,7.0,tt10276062,60,7.0,1,MIXED-ISH
2567,Mountain Men,2012,7+,60/100,0,1,0,0,tv_show,reality television,United States,English,9.0,tt2202488,60,7.0,1,MOUNTAIN MEN
2569,Baywatch,1989,7+,60/100,0,1,1,0,tv_show,drama television series,United States,English,5.5,tt0096542,60,7.0,1,BAYWATCH
2570,Shut Eye,2016,18+,59/100,0,1,0,0,tv_show,"drama television series, LGBT-related television series",United States,English,9.0,tt5520392,59,18.0,1,SHUT EYE
2571,Dietland,2018,18+,59/100,0,1,0,0,tv_show,"black comedy, television series based on a novel",United States,English,6.0,tt5869202,59,18.0,1,DIETLAND
2572,Yona of the Dawn,2014,16+,59/100,0,1,0,0,tv_show,reality television,United States,English,8.1/10,tt0092400,59,16.0,1,YONA OF THE DAWN
2573,The Hustler,2021,7+,59/100,0,1,0,0,tv_show,reality television,United States,English,7.7/10,tt0092400,59,7.0,1,THE HUSTLER
2574,Man v. Food,2008,all,59/100,0,1,0,0,tv_show,"documentary film, cooking show, reality show",United States,English,7.3,tt1342711,59,16.0,1,MAN V. FOOD
2576,Teen Titans Go!,2013,7+,59/100,0,1,0,0,tv_show,reality television,United States,English,5.4/10,tt0092400,59,7.0,1,TEEN TITANS GO!
2577,Designing Women,1986,7+,59/100,0,1,0,0,tv_show,American television sitcom,United States,English,7.3,tt0090418,59,7.0,1,DESIGNING WOMEN
2578,Into the Dark,2018,18+,59/100,0,1,0,0,tv_show,horror fiction,United States,English,6.0,tt8427140,59,18.0,1,INTO THE DARK
2579,Mobile Suit Gundam Wing,2000,13+,59/100,0,1,0,0,tv_show,reality television,United States,English,8.1/10,tt0092400,59,13.0,1,MOBILE SUIT GUNDAM WING
2580,Damien,2016,16+,59/100,0,1,0,0,tv_show,reality television,United States,English,6.9/10,tt0092400,59,16.0,1,DAMIEN
2581,Mistresses,2013,16+,59/100,0,1,0,0,tv_show,"drama television series, soap opera, LGBT-related television series",United States,English,10.0,tt2295809,59,16.0,1,MISTRESSES
2582,The Lord of the Skies,2013,16+,59/100,0,1,0,0,tv_show,reality television,United States,English,6.8/10,tt0092400,59,16.0,1,THE LORD OF THE SKIES
2583,Snow White with the Red Hair,2015,16+,59/100,0,1,0,0,tv_show,reality television,United States,English,7.8/10,tt0092400,59,16.0,1,SNOW WHITE WITH THE RED HAIR
2584,The Masked Singer,2019,7+,59/100,0,1,0,0,tv_show,"singing talent show, reality television, reality show, game show",United States,English,5.0,tt7670568,59,7.0,1,THE MASKED SINGER
2585,Danganronpa: The Animation,2013,18+,59/100,0,1,0,0,tv_show,reality television,United States,English,6.9/10,tt0092400,59,18.0,1,DANGANRONPA: THE ANIMATION
2586,Hellsing,2001,18+,59/100,0,1,0,0,tv_show,reality television,United States,English,7.9/10,tt0092400,59,18.0,1,HELLSING
2587,Fate/stay night,2006,18+,59/100,0,1,0,0,tv_show,reality television,United States,English,7.3/10,tt0092400,59,18.0,1,FATE/STAY NIGHT
2588,Uncle,2014,16+,59/100,0,1,0,0,tv_show,reality television,United States,English,7.9/10,tt0092400,59,16.0,1,UNCLE
2589,Deadly Women,2005,16+,59/100,0,1,1,0,tv_show,reality television,"Australia, United States",English,10.0,tt1319260,59,16.0,1,DEADLY WOMEN
2590,Ironside,1967,7+,59/100,0,1,0,0,tv_show,crime television series,United States,English,10.0,tt0061266,59,7.0,1,IRONSIDE
2592,D.Gray-man,2006,16+,59/100,0,1,0,0,tv_show,reality television,United States,English,7.7/10,tt0092400,59,16.0,1,D.GRAY-MAN
2593,Space Dandy,2014,16+,59/100,0,1,0,0,tv_show,reality television,United States,English,8.1/10,tt0092400,59,16.0,1,SPACE DANDY
2594,Songland,2019,7+,59/100,0,1,0,0,tv_show,"reality show, talent show",United States,English,8.0,tt9165752,59,7.0,1,SONGLAND
2595,Running Wild with Bear Grylls,2014,7+,59/100,0,1,0,1,tv_show,docu-soap,United States,English,3.0,tt3816666,59,7.0,1,RUNNING WILD WITH BEAR GRYLLS
2596,Living Single,1993,7+,59/100,0,1,0,0,tv_show,sitcom,United States,English,7.7,tt0106056,59,7.0,1,LIVING SINGLE
2597,My 600-lb Life,2012,16+,59/100,0,1,0,0,tv_show,reality television,United States,English,10.0,tt2152112,59,16.0,1,MY 600-LB LIFE
2598,Naked and Afraid XL,2015,16+,59/100,0,1,0,0,tv_show,reality television,United States,English,9.0,tt4791250,59,16.0,1,NAKED AND AFRAID XL
2600,Popeye the Sailor,1960,all,59/100,0,1,0,0,tv_show,reality television,United States,English,7.1/10,tt0092400,59,16.0,1,POPEYE THE SAILOR
2601,20/20,1978,16+,59/100,0,1,0,0,tv_show,news program,United States,English,6.0,tt0124932,59,16.0,1,20/20
2602,The Thundermans,2013,all,59/100,0,1,0,0,tv_show,"teen sitcom, American television sitcom",United States,English,7.0,tt2712516,59,16.0,1,THE THUNDERMANS
2603,90 Day Fiancé,2014,16+,59/100,0,1,0,0,tv_show,reality television,United States,English,7.0,tt3469050,59,16.0,1,90 DAY FIANCÉ
2604,Duck Dynasty,2012,7+,59/100,0,1,0,0,tv_show,reality television,United States,English,6.0,tt2229907,59,7.0,1,DUCK DYNASTY
2605,Pasión prohibida,2013,16+,59/100,0,1,0,0,tv_show,"drama television series, romance television series",United States,"Spanish, English",10.0,tt2636446,59,16.0,1,PASIÓN PROHIBIDA
2606,No Man's Land,2020,16+,59/100,0,1,0,0,tv_show,reality television,United States,English,7.7/10,tt0092400,59,16.0,1,NO MAN'S LAND
2607,Upstairs Downstairs,2010,7+,59/100,0,1,0,0,tv_show,"drama television series, period drama film",United Kingdom,English,8.0,tt1782352,59,7.0,1,UPSTAIRS DOWNSTAIRS
2608,The Bastard Executioner,2015,18+,59/100,0,1,0,0,tv_show,"historical television series, drama television series",United States,English,9.0,tt4218618,59,18.0,1,THE BASTARD EXECUTIONER
2610,The Food That Built America,2019,7+,59/100,0,1,0,0,tv_show,reality television,United States,English,10.0,tt10098248,59,7.0,1,THE FOOD THAT BUILT AMERICA
2611,Hang Ups,2018,16+,59/100,0,1,0,0,tv_show,teen sitcom,United Kingdom,English,8.0,tt7411444,59,16.0,1,HANG UPS
2612,Star,2016,16+,59/100,0,1,0,0,tv_show,reality television,United States,English,6.7/10,tt0092400,59,16.0,1,STAR
2614,Saving Grace,2007,18+,59/100,0,1,0,0,tv_show,"fantasy television series, crime television series, drama television series",United States,English,7.6,tt0830900,59,18.0,1,SAVING GRACE
2615,Full Metal Panic!,2002,16+,58/100,0,1,0,0,tv_show,reality television,United States,English,7.7/10,tt0092400,58,16.0,1,FULL METAL PANIC!
2616,America's Funniest Home Videos,1989,7+,58/100,0,1,0,1,tv_show,comedy television program,United States,English,3.0,tt0098740,58,7.0,1,AMERICA'S FUNNIEST HOME VIDEOS
2617,BuzzFeed Unsolved - True Crime,2016,16+,58/100,0,1,1,0,tv_show,reality television,United States,English,8.9/10,tt0092400,58,16.0,1,BUZZFEED UNSOLVED - TRUE CRIME
2618,Log Horizon,2013,16+,58/100,0,1,0,0,tv_show,reality television,United States,English,7.7/10,tt0092400,58,16.0,1,LOG HORIZON
2619,Son of Zorn,2016,16+,58/100,0,1,0,0,tv_show,sitcom,United States,English,9.0,tt4798814,58,16.0,1,SON OF ZORN
2620,Him & Her,2010,16+,58/100,0,1,0,0,tv_show,"sitcom, LGBT-related television series",United Kingdom,English,9.0,tt1493923,58,16.0,1,HIM & HER
2621,World Trigger,2014,16+,58/100,0,1,0,0,tv_show,reality television,United States,English,7.5/10,tt0092400,58,16.0,1,WORLD TRIGGER
2622,Clarence,2014,7+,58/100,0,1,0,0,tv_show,reality television,United States,English,6.6/10,tt0092400,58,7.0,1,CLARENCE
2623,Kenan,2021,7+,58/100,0,1,0,0,tv_show,reality television,United States,English,5.6/10,tt0092400,58,7.0,1,KENAN
2624,Mayo Chiki!,2011,18+,58/100,0,1,0,0,tv_show,reality television,United States,English,7.0/10,tt0092400,58,18.0,1,MAYO CHIKI!
2625,Haven't You Heard? I'm Sakamoto,2016,16+,58/100,0,1,0,0,tv_show,reality television,United States,English,7.2/10,tt0092400,58,16.0,1,HAVEN'T YOU HEARD? I'M SAKAMOTO
2626,Hard Sun,2018,18+,58/100,0,1,0,0,tv_show,science fiction television program,United Kingdom,English,9.0,tt6402362,58,18.0,1,HARD SUN
2627,Crime Scene Kitchen,2021,16+,58/100,0,1,0,0,tv_show,cooking show,United States,English,10.0,tt14409846,58,16.0,1,CRIME SCENE KITCHEN
2628,Dance Moms,2011,7+,58/100,0,1,0,0,tv_show,"reality television, talent show",United States,English,1.0,tt1991410,58,7.0,1,DANCE MOMS
2629,Gordon Ramsay's 24 Hours to Hell and Back,2018,16+,58/100,0,1,0,0,tv_show,reality television,United States,English,7.0,tt7768166,58,16.0,1,GORDON RAMSAY'S 24 HOURS TO HELL AND BACK
2630,The White Shadow,1978,16+,58/100,0,1,0,0,tv_show,reality television,United States,English,8.0,tt0077101,58,16.0,1,THE WHITE SHADOW
2631,X Company,2015,16+,58/100,0,1,0,0,tv_show,thriller television series,Canada,English,9.0,tt4338336,58,16.0,1,X COMPANY
2632,Step by Step,1991,all,58/100,0,1,0,0,tv_show,comedy television series,United States,English,6.6,tt0101205,58,16.0,1,STEP BY STEP
2633,False Flag,2015,16+,58/100,0,1,0,0,tv_show,"drama television series, thriller television series",Israel,Hebrew,9.0,tt5091684,58,16.0,1,FALSE FLAG
2634,Housebroken,2021,16+,58/100,0,1,0,0,tv_show,reality television,United States,English,5.9/10,tt0092400,58,16.0,1,HOUSEBROKEN
2635,Jimmy Kimmel Live!,2003,16+,58/100,0,1,0,0,tv_show,late-night talk show,United States,English,6.4,tt0320037,58,16.0,1,JIMMY KIMMEL LIVE!
2636,The Cleveland Show,2009,16+,58/100,0,1,0,0,tv_show,reality television,United States,English,5.5/10,tt0092400,58,16.0,1,THE CLEVELAND SHOW
2637,Midnight Sun,2016,16+,58/100,1,1,0,0,tv_show,reality television,United States,English,7.5/10,tt0092400,58,16.0,1,MIDNIGHT SUN
2638,Dice,2016,18+,58/100,0,1,0,0,tv_show,reality television,United States,English,7.5/10,tt0092400,58,18.0,1,DICE
2639,Primeval: New World,2012,16+,58/100,0,1,0,0,tv_show,science fiction television program,Canada,English,8.0,tt2295953,58,16.0,1,PRIMEVAL: NEW WORLD
2640,7th Heaven,1996,7+,58/100,0,1,1,0,tv_show,drama television series,United States,English,5.3,tt0115083,58,7.0,1,7TH HEAVEN
2641,Cutthroat Kitchen,2013,all,58/100,0,1,0,0,tv_show,"game show, cooking show",United States,English,9.0,tt2930446,58,16.0,1,CUTTHROAT KITCHEN
2642,Married,2014,18+,58/100,0,1,0,0,tv_show,sitcom,United States,English,8.1,tt0092400,58,18.0,1,MARRIED
2643,Land of Honor,2014,16+,58/100,0,1,0,0,tv_show,drama television series,United States,"Spanish, English",10.0,tt4017986,58,16.0,1,LAND OF HONOR
2644,The UnXplained,2019,16+,58/100,0,1,0,0,tv_show,reality television,United States,English,6.0,tt10098498,58,16.0,1,THE UNXPLAINED
2645,Deadbeat,2014,16+,58/100,0,1,0,0,tv_show,"paranormal television program, comedy television series",United States,English,8.0,tt3147316,58,16.0,1,DEADBEAT
2646,Alone Together,2018,16+,58/100,0,1,0,0,tv_show,reality television,United States,English,9.0,tt5615840,58,16.0,1,ALONE TOGETHER
2648,Chivalry of a Failed Knight,2015,18+,58/100,0,1,0,0,tv_show,reality television,United States,English,7.4/10,tt0092400,58,18.0,1,CHIVALRY OF A FAILED KNIGHT
2649,Intruders,2014,18+,58/100,0,1,1,0,tv_show,reality television,United States,English,6.7/10,tt0092400,58,18.0,1,INTRUDERS
2650,Kimi ni Todoke: From Me to You,2009,all,58/100,0,1,0,0,tv_show,reality television,United States,English,7.8/10,tt0092400,58,16.0,1,KIMI NI TODOKE: FROM ME TO YOU
2651,WWE Friday Night SmackDown,1999,7+,58/100,0,1,0,0,tv_show,"sports entertainment, professional wrestling",United States,"American English, Spanish, French",7.3,tt0227972,58,7.0,1,WWE FRIDAY NIGHT SMACKDOWN
2652,Coronation Street,1960,7+,58/100,0,1,0,0,tv_show,soap opera,United Kingdom,English,5.6,tt0053494,58,7.0,1,CORONATION STREET
2653,Dirty Sexy Money,2007,7+,58/100,0,1,0,0,tv_show,"drama television series, LGBT-related television series",United States,English,9.0,tt0960136,58,7.0,1,DIRTY SEXY MONEY
2654,The Accident,2019,16+,58/100,0,1,0,0,tv_show,drama television series,United Kingdom,"English, British Sign Language, Welsh",6.0,tt9145372,58,16.0,1,THE ACCIDENT
2655,Kenichi: The Mightiest Disciple,2006,16+,58/100,0,1,1,0,tv_show,reality television,United States,English,8.2/10,tt0092400,58,16.0,1,KENICHI: THE MIGHTIEST DISCIPLE
2656,Archangel,2005,18+,58/100,0,1,0,0,tv_show,reality television,United States,English,6.5/10,tt0092400,58,18.0,1,ARCHANGEL
2657,Persona 4 The Animation,2011,7+,58/100,0,1,0,0,tv_show,reality television,United States,English,7.6/10,tt0092400,58,7.0,1,PERSONA 4 THE ANIMATION
2658,Melrose Place,1992,16+,57/100,0,1,1,0,tv_show,"soap opera, youth series",United States,English,6.0,tt0103491,57,16.0,1,MELROSE PLACE
2660,SHIMONETA: A Boring World Where the Concept of Dirty Jokes Doesn't Exist,2015,18+,57/100,0,1,0,0,tv_show,reality television,United States,English,7.0/10,tt0092400,57,18.0,1,SHIMONETA: A BORING WORLD WHERE THE CONCEPT OF DIRTY JOKES DOESN'T EXIST
2661,Restaurant: Impossible,2011,all,57/100,0,1,0,0,tv_show,reality television,United States,English,7.0,tt1771742,57,16.0,1,RESTAURANT: IMPOSSIBLE
2662,The Legend of the Blue Sea,2016,16+,57/100,0,1,0,0,tv_show,"fantasy television series, romance television series, comedy television series, drama television series",South Korea,Korean,9.0,tt5766194,57,16.0,1,THE LEGEND OF THE BLUE SEA
2663,Alias Smith and Jones,1971,7+,57/100,0,1,0,0,tv_show,Westerns on television,United States,English,7.6,tt0066625,57,7.0,1,ALIAS SMITH AND JONES
2664,Justice League Action,2016,7+,57/100,0,1,0,0,tv_show,reality television,United States,English,7.6/10,tt0092400,57,7.0,1,JUSTICE LEAGUE ACTION
2665,Helstrom,2020,16+,57/100,0,1,0,0,tv_show,"drama television series, fantasy television series, horror television series, superhero television program",United States,English,8.0,tt10266874,57,16.0,1,HELSTROM
2666,Packed to the Rafters,2008,18+,57/100,0,1,0,0,tv_show,drama television series,Australia,English,5.0,tt1132600,57,18.0,1,PACKED TO THE RAFTERS
2667,Oh My Venus,2015,16+,57/100,0,1,0,0,tv_show,"romance film, comedy film, drama film",South Korea,Korean,9.0,tt5189944,57,16.0,1,OH MY VENUS
2668,Banished,2015,18+,57/100,0,1,1,0,tv_show,drama,United Kingdom,English,8.0,tt3508050,57,18.0,1,BANISHED
2669,Bizarre Foods with Andrew Zimmern,2006,7+,57/100,0,1,0,0,tv_show,reality television,United States,English,9.0,tt1138645,57,7.0,1,BIZARRE FOODS WITH ANDREW ZIMMERN
2670,Blood Blockade Battlefront,2015,18+,57/100,0,1,0,0,tv_show,reality television,United States,English,7.3/10,tt0092400,57,18.0,1,BLOOD BLOCKADE BATTLEFRONT
2671,Curious George,2006,all,57/100,0,1,0,0,tv_show,reality television,United States,English,7.2/10,tt0092400,57,16.0,1,CURIOUS GEORGE
2672,Guilty Crown,2011,16+,57/100,0,1,0,0,tv_show,reality television,United States,English,7.1/10,tt0092400,57,16.0,1,GUILTY CROWN
2673,Outlaw Star,1998,16+,57/100,0,1,0,0,tv_show,reality television,United States,English,7.9/10,tt0092400,57,16.0,1,OUTLAW STAR
2674,The Real Housewives of New York City,2008,16+,57/100,0,1,0,0,tv_show,reality television,United States,English,8.0,tt1191056,57,16.0,1,THE REAL HOUSEWIVES OF NEW YORK CITY
2675,Storage Wars,2010,7+,57/100,0,1,1,0,tv_show,reality television,United States,English,6.3,tt1785123,57,7.0,1,STORAGE WARS
2676,Bluff City Law,2019,16+,57/100,0,1,0,0,tv_show,"legal drama, LGBT-related television series",United States,English,10.0,tt10312776,57,16.0,1,BLUFF CITY LAW
2677,Bad Girls Club,2006,16+,57/100,0,1,0,0,tv_show,reality television,United States,English,4.7/10,tt0092400,57,16.0,1,BAD GIRLS CLUB
2678,The Bisexual,2018,16+,57/100,0,1,0,0,tv_show,"drama television series, comedy television series, LGBT-related television series","United Kingdom, United States",English,5.0,tt8050586,57,16.0,1,THE BISEXUAL
2679,McHale's Navy,1962,all,57/100,0,1,0,0,tv_show,American television sitcom,United States,English,7.4,tt0055689,57,16.0,1,MCHALE'S NAVY
2681,The Four: Battle for Stardom,2018,16+,57/100,0,1,0,0,tv_show,singing talent show,United States,English,1.0,tt7235406,57,16.0,1,THE FOUR: BATTLE FOR STARDOM
2682,"Doogie Howser, M.D.",1989,7+,57/100,0,1,0,0,tv_show,"medical drama, teen sitcom, comedy drama",United States,English,7.0,tt0096569,57,7.0,1,"DOOGIE HOWSER, M.D."
2683,House Hunters International,2006,all,57/100,0,1,0,0,tv_show,reality television,United States,English,8.0,tt0795129,57,16.0,1,HOUSE HUNTERS INTERNATIONAL
2684,Shark,2006,16+,57/100,0,1,0,0,tv_show,legal drama,United States,English,10.0,tt0805666,57,16.0,1,SHARK
2685,Sasquatch,2021,18+,57/100,0,1,0,0,tv_show,reality television,United States,English,6.2/10,tt0092400,57,18.0,1,SASQUATCH
2686,The Electric Company,1971,all,57/100,0,1,1,0,tv_show,reality television,United States,English,8.2,tt0066651,57,16.0,1,THE ELECTRIC COMPANY
2687,Akudama Drive,2020,18+,57/100,0,1,0,0,tv_show,reality television,United States,English,7.5/10,tt0092400,57,18.0,1,AKUDAMA DRIVE
2688,Love & Hip Hop Atlanta,2012,16+,57/100,0,1,0,0,tv_show,reality television,United States,English,5.5/10,tt0092400,57,16.0,1,LOVE & HIP HOP ATLANTA
2689,Good Doctor,2013,16+,57/100,0,1,0,0,tv_show,"medical drama, drama film, romance film",South Korea,Korean,6.0,tt3184708,57,16.0,1,GOOD DOCTOR
2690,Alaska: The Last Frontier,2011,16+,57/100,0,1,0,0,tv_show,documentary film,United States,English,6.0,tt1877010,57,16.0,1,ALASKA: THE LAST FRONTIER
2692,Sonic Boom,2014,7+,57/100,0,1,0,0,tv_show,reality television,United States,English,6.9/10,tt0092400,57,7.0,1,SONIC BOOM
2694,Graves,2016,18+,57/100,0,1,0,0,tv_show,reality television,United States,English,6.6/10,tt0092400,57,18.0,1,GRAVES
2695,The Secret of Crickley Hall,2012,16+,56/100,0,1,0,0,tv_show,"drama television series, television series based on a novel",United Kingdom,English,9.0,tt2294227,56,16.0,1,THE SECRET OF CRICKLEY HALL
2696,Locked Up Abroad,2008,16+,56/100,0,1,0,0,tv_show,reality television,United Kingdom,English,8.4,tt0765433,56,16.0,1,LOCKED UP ABROAD
2697,School Rumble,2004,7+,56/100,0,1,0,0,tv_show,reality television,United States,English,7.8/10,tt0092400,56,7.0,1,SCHOOL RUMBLE
2698,Princess Tutu,2002,16+,56/100,0,1,1,0,tv_show,reality television,United States,English,8.1/10,tt0092400,56,16.0,1,PRINCESS TUTU
2699,Date a Live,2013,16+,56/100,0,1,0,0,tv_show,reality television,United States,English,7.0/10,tt0092400,56,16.0,1,DATE A LIVE
2700,Devil May Cry,2007,16+,56/100,0,1,0,0,tv_show,reality television,United States,English,7.1/10,tt0092400,56,16.0,1,DEVIL MAY CRY
2701,MasterChef Junior,2013,all,56/100,0,1,0,0,tv_show,reality television,United States,English,6.0,tt3038248,56,16.0,1,MASTERCHEF JUNIOR
2702,Utopia Falls,2020,7+,56/100,0,1,0,0,tv_show,"science fiction, drama, music","Canada, United States",English,8.0,tt10193046,56,7.0,1,UTOPIA FALLS
2703,Fear Factor,2001,7+,56/100,0,1,0,0,tv_show,game show,United States,English,7.0,tt0278191,56,7.0,1,FEAR FACTOR
2704,Hellevator,2015,18+,56/100,0,1,0,0,tv_show,reality television,United States,English,5.0,tt4787000,56,18.0,1,HELLEVATOR
2705,Aesthetica of a Rogue Hero,2012,18+,56/100,0,1,0,0,tv_show,reality television,United States,English,7.1/10,tt0092400,56,18.0,1,AESTHETICA OF A ROGUE HERO
2706,"Drugs, Inc.",2010,16+,56/100,0,1,0,0,tv_show,television documentary,United States,English,8.0,tt1688779,56,16.0,1,"DRUGS, INC."
2707,Pure,2017,18+,56/100,0,1,0,0,tv_show,reality television,United States,English,7.0/10,tt0092400,56,18.0,1,PURE
2708,Dr. Pimple Popper,2018,16+,56/100,0,1,0,0,tv_show,reality television,United States,English,7.0,tt8564914,56,16.0,1,DR. PIMPLE POPPER
2709,The Biggest Loser,2004,7+,56/100,0,1,0,0,tv_show,reality television,United States,English,9.0,tt0429318,56,7.0,1,THE BIGGEST LOSER
2710,Filthy Rich,2020,16+,56/100,0,1,0,0,tv_show,comedy drama,United States,English,7.0,tt10327526,56,16.0,1,FILTHY RICH
2711,Grimgar of Fantasy and Ash,2016,16+,56/100,0,1,0,0,tv_show,reality television,United States,English,7.4/10,tt0092400,56,16.0,1,GRIMGAR OF FANTASY AND ASH
2712,Bless the Harts,2019,16+,56/100,0,1,0,0,tv_show,reality television,United States,English,5.4/10,tt0092400,56,16.0,1,BLESS THE HARTS
2713,Celebrity Family Feud,2008,7+,56/100,0,1,0,0,tv_show,game show,United States,English,1.0,tt1249208,56,7.0,1,CELEBRITY FAMILY FEUD
2714,xxxHOLiC,2006,16+,56/100,0,1,0,0,tv_show,thriller,Japan,Japanese,7.0,tt2651338,56,16.0,1,XXXHOLIC
2715,Bloom,2019,16+,56/100,0,1,0,0,tv_show,reality television,United States,English,6.7/10,tt0092400,56,16.0,1,BLOOM
2716,Paradox,2009,16+,56/100,1,1,1,0,tv_show,reality television,United States,English,7.0/10,tt0092400,56,16.0,1,PARADOX
2717,Worst Cooks in America,2010,all,56/100,0,1,0,0,tv_show,reality television,United States,English,8.0,tt1570957,56,16.0,1,WORST COOKS IN AMERICA
2718,Keeping Up with the Kardashians,2007,16+,56/100,0,1,0,0,tv_show,"docu-soap, reality show",United States,English,2.9,tt1086761,56,16.0,1,KEEPING UP WITH THE KARDASHIANS
2719,Blossom,1990,all,56/100,0,1,0,0,tv_show,"American television sitcom, teen sitcom",United States,English,6.1,tt0101050,56,16.0,1,BLOSSOM
2720,Taste the Nation with Padma Lakshmi,2020,16+,56/100,0,1,0,0,tv_show,television documentary,United States,English,10.0,tt12244950,56,16.0,1,TASTE THE NATION WITH PADMA LAKSHMI
2721,Digimon Tamers,2001,7+,56/100,0,1,0,0,tv_show,reality television,United States,English,7.7/10,tt0092400,56,7.0,1,DIGIMON TAMERS
2722,"BOFURI: I Don’t Want to Get Hurt, so I’ll Max Out My Defense.",2020,16+,56/100,0,1,0,0,tv_show,reality television,United States,English,7.5/10,tt0092400,56,16.0,1,"BOFURI: I DON’T WANT TO GET HURT, SO I’LL MAX OUT MY DEFENSE."
2723,Cake Boss,2009,7+,56/100,0,1,0,0,tv_show,"docu-reality, culinary art",United States,English,6.6,tt1444382,56,7.0,1,CAKE BOSS
2724,Tyler Perry's If Loving You Is Wrong,2014,16+,56/100,0,1,0,0,tv_show,reality television,United States,English,5.8/10,tt0092400,56,16.0,1,TYLER PERRY'S IF LOVING YOU IS WRONG
2725,Plastic Memories,2015,16+,56/100,0,1,0,0,tv_show,reality television,United States,English,7.4/10,tt0092400,56,16.0,1,PLASTIC MEMORIES
2726,Love It or List It,2008,all,56/100,0,1,0,0,tv_show,"reality television, home renovation show","Canada, United States",English,3.0,tt1773182,56,16.0,1,LOVE IT OR LIST IT
2727,Dragnet,1967,7+,56/100,0,1,0,0,tv_show,police procedural,United States,English,7.5,tt0043194,56,7.0,1,DRAGNET
2728,"Say ""I Love You.""",2012,16+,56/100,0,1,0,0,tv_show,reality television,United States,English,7.4/10,tt0092400,56,16.0,1,"SAY ""I LOVE YOU."""
2729,Rev.,2010,16+,56/100,0,1,0,0,tv_show,reality television,United States,English,7.9/10,tt0092400,56,16.0,1,REV.
2730,Axe Cop,2013,18+,56/100,0,1,0,0,tv_show,reality television,United States,English,7.4/10,tt0092400,56,18.0,1,AXE COP
2731,The Secret Life of the American Teenager,2008,16+,55/100,0,1,0,0,tv_show,"drama television series, LGBT-related television series, youth series",United States,English,5.0,tt1179817,55,16.0,1,THE SECRET LIFE OF THE AMERICAN TEENAGER
2732,Extreme Ghostbusters,1997,7+,55/100,0,1,0,0,tv_show,reality television,United States,English,6.9/10,tt0092400,55,7.0,1,EXTREME GHOSTBUSTERS
2733,OK K.O.! Let's Be Heroes,2017,7+,55/100,0,1,0,0,tv_show,reality television,United States,English,7.0/10,tt0092400,55,7.0,1,OK K.O.! LET'S BE HEROES
2734,頭文字D First Stage,1998,7+,55/100,0,1,0,0,tv_show,reality television,United States,English,8.4/10,tt0092400,55,7.0,1,頭文字D FIRST STAGE
2735,The Firm,2012,16+,55/100,0,1,1,0,tv_show,reality television,United States,English,7.1/10,tt0092400,55,16.0,1,THE FIRM
2736,The Titan Games,2019,all,55/100,0,1,0,0,tv_show,sports television program,United States,English,6.0,tt7967262,55,16.0,1,THE TITAN GAMES
2737,Attack on Titan: Junior High,2015,16+,55/100,0,1,0,0,tv_show,reality television,United States,English,7.1/10,tt0092400,55,16.0,1,ATTACK ON TITAN: JUNIOR HIGH
2738,To Love-Ru,2008,18+,55/100,0,1,0,0,tv_show,reality television,United States,English,6.9/10,tt0092400,55,18.0,1,TO LOVE-RU
2739,Rosario + Vampire,2008,18+,55/100,0,1,0,0,tv_show,reality television,United States,English,7.0/10,tt0092400,55,18.0,1,ROSARIO + VAMPIRE
2740,All Saints,1998,16+,55/100,0,1,0,0,tv_show,"drama television series, LGBT-related television series, medical drama",Australia,English,10.0,tt0163924,55,16.0,1,ALL SAINTS
2741,Fast N' Loud,2012,16+,55/100,0,1,0,0,tv_show,reality television,United States,English,7.0,tt2346169,55,16.0,1,FAST N' LOUD
2742,Upper Middle Bogan,2013,16+,55/100,0,1,0,0,tv_show,comedy television series,Australia,English,9.0,tt2401525,55,16.0,1,UPPER MIDDLE BOGAN
2743,Toilet-Bound Hanako-kun,2020,16+,55/100,0,1,0,0,tv_show,reality television,United States,English,7.6/10,tt0092400,55,16.0,1,TOILET-BOUND HANAKO-KUN
2744,Barbarians Rising,2016,18+,55/100,0,1,0,0,tv_show,reality television,United States,English,8.0,tt5807292,55,18.0,1,BARBARIANS RISING
2745,Prey,2014,16+,55/100,0,1,0,0,tv_show,reality television,United States,English,7.2/10,tt0092400,55,16.0,1,PREY
2747,Silk Stalkings,1991,16+,55/100,0,1,0,0,tv_show,"crime television series, drama television series",United States,English,8.0,tt0101198,55,16.0,1,SILK STALKINGS
2748,Match Game,1973,7+,55/100,0,1,1,0,tv_show,panel game,United States,English,7.5,tt0055688,55,7.0,1,MATCH GAME
2749,The Most Dangerous Animal of All,2020,16+,55/100,0,1,0,0,tv_show,reality television,United States,English,6.3/10,tt0092400,55,16.0,1,THE MOST DANGEROUS ANIMAL OF ALL
2750,Arifureta: From Commonplace to World's Strongest,2019,16+,55/100,0,1,0,0,tv_show,reality television,United States,English,7.0/10,tt0092400,55,16.0,1,ARIFURETA: FROM COMMONPLACE TO WORLD'S STRONGEST
2751,Renegade,1992,16+,55/100,0,1,0,0,tv_show,action television series,United States,English,6.0,tt0103524,55,16.0,1,RENEGADE
2752,Disappeared,2009,7+,55/100,0,1,0,0,tv_show,"true crime, television documentary",United States,English,9.0,tt1563280,55,7.0,1,DISAPPEARED
2753,My Favorite Martian,1963,all,55/100,0,1,0,1,tv_show,"fantasy television series, science fiction television program, American television sitcom",United States,English,7.2,tt0056775,55,16.0,1,MY FAVORITE MARTIAN
2754,Wise Man’s Grandchild,2019,16+,55/100,0,1,0,0,tv_show,reality television,United States,English,6.8/10,tt0092400,55,16.0,1,WISE MAN’S GRANDCHILD
2755,The Slap,2015,16+,55/100,0,1,1,0,tv_show,drama television series,Australia,English,8.0,tt1823011,55,16.0,1,THE SLAP
2756,Daniel Deronda,2002,16+,55/100,0,1,0,0,tv_show,reality television,United States,English,7.2/10,tt0092400,55,16.0,1,DANIEL DERONDA
2757,90 Day Fiancé: Before the 90 Days,2017,16+,55/100,0,1,0,0,tv_show,reality television,United States,English,6.8/10,tt0092400,55,16.0,1,90 DAY FIANCÉ: BEFORE THE 90 DAYS
2758,Love Thy Neighbor,2013,7+,55/100,0,1,0,0,tv_show,comedy television series,United States,English,1.0,tt2834032,55,7.0,1,LOVE THY NEIGHBOR
2759,Infinite Stratos,2011,18+,55/100,0,1,0,0,tv_show,reality television,United States,English,6.7/10,tt0092400,55,18.0,1,INFINITE STRATOS
2760,A Certain Scientific Railgun,2009,16+,55/100,0,1,0,0,tv_show,reality television,United States,English,7.6/10,tt0092400,55,16.0,1,A CERTAIN SCIENTIFIC RAILGUN
2761,Taggart,1983,18+,55/100,0,1,0,0,tv_show,"crime television series, police television drama, drama television series",United Kingdom,English,7.4,tt0088621,55,18.0,1,TAGGART
2762,Call Me Kat,2021,7+,55/100,0,1,0,0,tv_show,American television sitcom,United States,English,8.0,tt10985096,55,7.0,1,CALL ME KAT
2763,My Love Story!!,2015,16+,55/100,0,1,0,0,tv_show,reality television,United States,English,7.8/10,tt0092400,55,16.0,1,MY LOVE STORY!!
2764,Digimon Adventure:,2020,all,55/100,0,1,0,0,tv_show,reality television,United States,English,7.4/10,tt0092400,55,16.0,1,DIGIMON ADVENTURE:
2766,City Homicide,2007,16+,55/100,0,1,0,0,tv_show,"drama television series, police procedural",Australia,English,8.0,tt1024932,55,16.0,1,CITY HOMICIDE
2767,The Lucy Show,1962,7+,55/100,0,1,0,0,tv_show,American television sitcom,United States,English,6.0,tt0055686,55,7.0,1,THE LUCY SHOW
2768,Bering Sea Gold,2012,all,55/100,0,1,0,0,tv_show,reality television,United States,English,9.0,tt2182427,55,16.0,1,BERING SEA GOLD
2769,Dog with a Blog,2012,all,55/100,0,1,0,1,tv_show,"sitcom, children's television series",United States,English,7.0,tt2222135,55,16.0,1,DOG WITH A BLOG
2770,Beyond Scared Straight,2011,18+,55/100,0,1,0,0,tv_show,television documentary,United States,English,1.0,tt1707374,55,18.0,1,BEYOND SCARED STRAIGHT
2771,Deutschland 89,2020,16+,55/100,0,1,0,0,tv_show,"drama television series, espionage television series",Germany,German,9.0,tt8760304,55,16.0,1,DEUTSCHLAND 89
2772,The Smile Has Left Your Eyes,2018,all,55/100,0,1,0,0,tv_show,"thriller television series, drama television series, mystery television series, romance television series",South Korea,Korean,9.0,tt8696768,55,16.0,1,THE SMILE HAS LEFT YOUR EYES
2773,Bakuman。,2010,16+,55/100,0,1,0,0,tv_show,reality television,United States,English,8.0/10,tt0092400,55,16.0,1,BAKUMAN。
2774,Castaways,2018,7+,55/100,0,1,0,0,tv_show,reality show,United States,English,10.0,tt8589128,55,7.0,1,CASTAWAYS
2776,Iron Chef America,2005,all,54/100,0,1,0,0,tv_show,reality television,United States,English,7.1,tt0441718,54,16.0,1,IRON CHEF AMERICA
2777,Your Pretty Face Is Going to Hell,2013,18+,54/100,0,1,0,0,tv_show,"comedy television series, slapstick, black comedy",United States,English,10.0,tt2362694,54,18.0,1,YOUR PRETTY FACE IS GOING TO HELL
2778,Jersey Shore,2009,16+,54/100,0,1,0,0,tv_show,"reality television, docu-soap",United States,English,1.0,tt1563069,54,16.0,1,JERSEY SHORE
2779,Tim and Eric's Bedtime Stories,2014,18+,54/100,0,1,0,0,tv_show,anthology series,United States,English,10.0,tt3292726,54,18.0,1,TIM AND ERIC'S BEDTIME STORIES
2780,ID: INVADED,2020,18+,54/100,0,1,0,0,tv_show,reality television,United States,English,7.7/10,tt0092400,54,18.0,1,ID: INVADED
2781,Undercover Boss,2010,7+,54/100,0,1,0,0,tv_show,reality television,United States,English,8.0,tt1442553,54,7.0,1,UNDERCOVER BOSS
2782,Sex&Drugs&Rock&Roll,2015,16+,54/100,0,1,0,0,tv_show,comedy,United States,English,10.0,tt3594982,54,16.0,1,SEX&DRUGS&ROCK&ROLL
2783,Vanished,2006,18+,54/100,0,1,0,0,tv_show,reality television,United States,English,7.0/10,tt0092400,54,18.0,1,VANISHED
2784,Skin Wars,2014,16+,54/100,0,1,0,0,tv_show,reality television,United States,English,3.0,tt3231286,54,16.0,1,SKIN WARS
2785,Hollywood Game Night,2013,7+,54/100,0,1,0,0,tv_show,game show,United States,English,1.0,tt3037520,54,7.0,1,HOLLYWOOD GAME NIGHT
2786,A Christmas Carol,2019,18+,54/100,0,1,0,1,tv_show,reality television,United States,English,7.2/10,tt0092400,54,18.0,1,A CHRISTMAS CAROL
2787,Black Narcissus,2020,18+,54/100,0,1,0,0,tv_show,television series based on a novel,United Kingdom,English,8.0,tt8001136,54,18.0,1,BLACK NARCISSUS
2789,Pramface,2012,16+,54/100,0,1,0,0,tv_show,sitcom,United Kingdom,English,9.0,tt2239949,54,16.0,1,PRAMFACE
2790,Buzzfeed Unsolved - Supernatural,2016,16+,54/100,0,1,1,0,tv_show,reality television,United States,English,8.7/10,tt0092400,54,16.0,1,BUZZFEED UNSOLVED - SUPERNATURAL
2791,The Lowe Files,2017,7+,54/100,0,1,1,0,tv_show,reality television,United States,English,10.0,tt7214622,54,7.0,1,THE LOWE FILES
2792,When the Weather is Fine,2020,16+,54/100,0,1,0,0,tv_show,"drama film, romance film",South Korea,Korean,9.0,tt11535086,54,16.0,1,WHEN THE WEATHER IS FINE
2793,Kämpfer,2009,18+,54/100,0,1,0,0,tv_show,reality television,United States,English,6.2/10,tt0092400,54,18.0,1,KÄMPFER
2794,City So Real,2020,16+,54/100,0,1,0,0,tv_show,television documentary,United States,English,4.0,tt11469904,54,16.0,1,CITY SO REAL
2795,American Idol,2002,7+,54/100,0,1,0,0,tv_show,singing talent show,United States,English,4.3,tt0319931,54,7.0,1,AMERICAN IDOL
2796,Lincoln Heights,2007,7+,54/100,0,1,0,0,tv_show,drama television series,United States,English,10.0,tt0775374,54,7.0,1,LINCOLN HEIGHTS
2797,Some Girls,2012,16+,54/100,0,1,0,0,tv_show,reality television,United States,English,7.7/10,tt0092400,54,16.0,1,SOME GIRLS
2798,The Asterisk War,2015,16+,54/100,0,1,0,0,tv_show,reality television,United States,English,6.9/10,tt0092400,54,16.0,1,THE ASTERISK WAR
2799,The Housewife and the Hustler,2021,16+,54/100,0,1,0,0,tv_show,reality television,United States,English,6.4/10,tt0092400,54,16.0,1,THE HOUSEWIFE AND THE HUSTLER
2800,Nura: Rise of the Yokai Clan,2010,16+,54/100,0,1,0,0,tv_show,reality television,United States,English,7.6/10,tt0092400,54,16.0,1,NURA: RISE OF THE YOKAI CLAN
2801,Find Me in Paris,2018,all,54/100,0,1,0,0,tv_show,"romance film, LGBT-related television series","France, Germany",English,7.0,tt7150060,54,16.0,1,FIND ME IN PARIS
2802,Devils' Line,2018,18+,54/100,0,1,0,0,tv_show,reality television,United States,English,6.9/10,tt0092400,54,18.0,1,DEVILS' LINE
2803,Wander Over Yonder,2013,7+,54/100,0,1,0,1,tv_show,reality television,United States,English,7.2/10,tt0092400,54,7.0,1,WANDER OVER YONDER
2804,The Qwaser of Stigmata,2010,18+,54/100,0,1,0,0,tv_show,reality television,United States,English,5.6/10,tt0092400,54,18.0,1,THE QWASER OF STIGMATA
2805,Trust Me,2017,16+,54/100,0,1,0,0,tv_show,reality television,United States,English,7.0/10,tt0092400,54,16.0,1,TRUST ME
2806,Dream Corp LLC,2016,16+,54/100,0,1,0,0,tv_show,comedy,United States,English,10.0,tt5475704,54,16.0,1,DREAM CORP LLC
2807,Top Gear,2010,7+,54/100,0,1,1,0,tv_show,"automotive television show, entertainment television program, factual television program",United Kingdom,English,8.7,tt1628033,54,7.0,1,TOP GEAR
2808,Swamp People,2010,7+,54/100,0,1,1,0,tv_show,"documentary film, reality television",United States,English,6.2,tt1747551,54,7.0,1,SWAMP PEOPLE
2809,Still 17,2018,16+,54/100,0,1,0,0,tv_show,"comedy film, romance film, drama television series",South Korea,Korean,7.0,tt8648696,54,16.0,1,STILL 17
2810,Kiri,2018,16+,54/100,0,1,0,0,tv_show,reality television,United States,English,6.7/10,tt0092400,54,16.0,1,KIRI
2811,Baghdad Central,2020,16+,54/100,0,1,0,0,tv_show,"crime thriller film, neo-noir",United Kingdom,"English, Arabic",8.0,tt7411098,54,16.0,1,BAGHDAD CENTRAL
2812,Haganai: I Don't Have Many Friends,2011,18+,54/100,0,1,0,0,tv_show,reality television,United States,English,7.1/10,tt0092400,54,18.0,1,HAGANAI: I DON'T HAVE MANY FRIENDS
2813,Coupling,2000,7+,53/100,0,1,0,0,tv_show,sitcom,United Kingdom,English,8.5,tt0237123,53,7.0,1,COUPLING
2814,Witchblade,2006,18+,53/100,0,1,0,0,tv_show,reality television,United States,English,6.5,tt0274298,53,18.0,1,WITCHBLADE
2815,The Bachelor,2002,16+,53/100,0,1,0,0,tv_show,reality television,United States,English,3.0,tt0313038,53,16.0,1,THE BACHELOR
2816,Just Between Lovers,2017,16+,53/100,0,1,0,0,tv_show,"Korean drama, drama film, romance film",South Korea,English,8.0,tt7521898,53,16.0,1,JUST BETWEEN LOVERS
2817,Doc McStuffins,2012,all,53/100,0,1,0,1,tv_show,reality television,United States,English,6.6/10,tt0092400,53,16.0,1,DOC MCSTUFFINS
2818,The Sister,2020,16+,53/100,0,1,0,0,tv_show,reality television,United States,English,5.7/10,tt0092400,53,16.0,1,THE SISTER
2819,To Tell the Truth,2016,7+,53/100,0,1,0,0,tv_show,panel game,United States,English,7.7,tt0048907,53,7.0,1,TO TELL THE TRUTH
2820,Bachelor in Paradise,2014,16+,53/100,0,1,0,0,tv_show,reality television,United States,English,1.0,tt3780132,53,16.0,1,BACHELOR IN PARADISE
2821,Hikaru no Go,2001,all,53/100,0,1,0,0,tv_show,"Chinese television drama, fantasy television series",People's Republic of China,Chinese,10.0,tt13364846,53,16.0,1,HIKARU NO GO
2822,Everyone Is Doing Great,2021,16+,53/100,0,1,0,0,tv_show,reality television,United States,English,8.0,tt7082442,53,16.0,1,EVERYONE IS DOING GREAT
2823,Bring It!,2014,7+,53/100,0,1,1,0,tv_show,reality television,United States,English,6.7/10,tt0092400,53,7.0,1,BRING IT!
2824,Criminal Justice,2008,16+,53/100,0,1,0,0,tv_show,drama television series,United Kingdom,English,10.0,tt1188927,53,16.0,1,CRIMINAL JUSTICE
2825,Street Outlaws,2013,7+,53/100,0,1,0,0,tv_show,reality television,United States,English,2.0,tt3027156,53,7.0,1,STREET OUTLAWS
2826,Zomboat!,2019,16+,53/100,0,1,0,0,tv_show,reality television,United States,English,7.0/10,tt0092400,53,16.0,1,ZOMBOAT!
2827,Accel World,2012,16+,53/100,0,1,0,0,tv_show,reality television,United States,English,7.1/10,tt0092400,53,16.0,1,ACCEL WORLD
2828,Beat Shazam,2017,16+,53/100,0,1,0,0,tv_show,game show,United States,English,5.0,tt6917254,53,16.0,1,BEAT SHAZAM
2829,Eden of the East,2009,18+,53/100,0,1,0,0,tv_show,reality television,United States,English,7.6/10,tt0092400,53,18.0,1,EDEN OF THE EAST
2830,Saints & Sinners,2016,16+,53/100,0,1,0,0,tv_show,"LGBT-related television series, soap opera",United States,English,10.0,tt5336934,53,16.0,1,SAINTS & SINNERS
2831,America's Most Wanted,1988,7+,53/100,0,1,0,0,tv_show,reality television,United States,English,7.2,tt0094415,53,7.0,1,AMERICA'S MOST WANTED
2832,Seed,2013,18+,53/100,0,1,0,0,tv_show,reality television,United States,English,5.6/10,tt0092400,53,18.0,1,SEED
2833,"I Love You, America",2017,18+,53/100,0,1,0,0,tv_show,talk show,United States,English,10.0,tt7509270,53,18.0,1,"I LOVE YOU, AMERICA"
2834,Young Hercules,1998,7+,53/100,0,1,0,0,tv_show,"action television series, children's television series, fantasy television series",United States,English,6.0,tt0169516,53,7.0,1,YOUNG HERCULES
2835,The Commish,1991,16+,53/100,0,1,0,0,tv_show,"comedy drama, crime television series",United States,English,7.1,tt0101069,53,16.0,1,THE COMMISH
2836,Vanderpump Rules,2013,16+,53/100,0,1,0,0,tv_show,reality television,United States,English,1.0,tt2343157,53,16.0,1,VANDERPUMP RULES
2837,Zeke and Luther,2009,7+,53/100,0,1,0,0,tv_show,teen sitcom,United States,English,6.4,tt1189346,53,7.0,1,ZEKE AND LUTHER
2838,Oreimo,2010,16+,53/100,0,1,0,0,tv_show,reality television,United States,English,6.4/10,tt0092400,53,16.0,1,OREIMO
2839,Treehouse Masters,2013,7+,53/100,0,1,0,0,tv_show,reality television,United States,English,7.2,tt2838492,53,7.0,1,TREEHOUSE MASTERS
2840,The Real Housewives of Atlanta,2008,16+,53/100,0,1,0,0,tv_show,reality television,United States,English,1.0,tt1252370,53,16.0,1,THE REAL HOUSEWIVES OF ATLANTA
2841,Bedlam,2011,16+,53/100,0,1,0,0,tv_show,horror fiction,United Kingdom,English,8.0,tt1822448,53,16.0,1,BEDLAM
2842,Slayers,1995,7+,53/100,0,1,0,0,tv_show,reality television,United States,English,7.5/10,tt0092400,53,7.0,1,SLAYERS
2843,The Gong Show,1976,7+,53/100,0,1,0,0,tv_show,reality television,United States,English,7.0,tt0133303,53,7.0,1,THE GONG SHOW
2844,James May's Man Lab,2010,16+,53/100,0,1,1,0,tv_show,documentary film,United Kingdom,English,7.8,tt1750269,53,16.0,1,JAMES MAY'S MAN LAB
2845,Mr. D,2012,16+,53/100,0,1,0,0,tv_show,reality television,United States,English,6.6/10,tt0092400,53,16.0,1,MR. D
2846,Kick Buttowski: Suburban Daredevil,2010,7+,53/100,0,1,0,1,tv_show,reality television,United States,English,6.6/10,tt0092400,53,7.0,1,KICK BUTTOWSKI: SUBURBAN DAREDEVIL
2847,The Real Housewives of Potomac,2016,16+,53/100,0,1,0,0,tv_show,reality television,United States,English,10.0,tt5327970,53,16.0,1,THE REAL HOUSEWIVES OF POTOMAC
2848,"Good Morning, Miss Bliss",1988,all,53/100,0,1,0,0,tv_show,"teen sitcom, American television sitcom",United States,English,6.7,tt0092363,53,16.0,1,"GOOD MORNING, MISS BLISS"
2849,Astra Lost in Space,2019,16+,53/100,0,1,0,0,tv_show,reality television,United States,English,8.1/10,tt0092400,53,16.0,1,ASTRA LOST IN SPACE
2850,Nurses,2020,7+,52/100,0,1,0,0,tv_show,American television sitcom,United States,English,9.0,tt0101158,52,7.0,1,NURSES
2851,Dragon Quest: The Adventure of Dai,2020,16+,52/100,0,1,0,0,tv_show,reality television,United States,English,8.2/10,tt0092400,52,16.0,1,DRAGON QUEST: THE ADVENTURE OF DAI
2852,Feed the Beast,2016,16+,52/100,0,1,0,0,tv_show,drama television series,United States,English,8.0,tt5363766,52,16.0,1,FEED THE BEAST
2853,A Wilderness of Error,2020,18+,52/100,0,1,0,0,tv_show,reality television,United States,English,3.0,tt4504936,52,18.0,1,A WILDERNESS OF ERROR
2855,Devil May Care,2021,18+,52/100,0,1,0,0,tv_show,reality television,United States,English,6.0/10,tt0092400,52,18.0,1,DEVIL MAY CARE
2856,Handy Manny,2006,all,52/100,0,1,0,1,tv_show,reality television,United States,English,5.6/10,tt0092400,52,16.0,1,HANDY MANNY
2857,Deca-Dence,2020,16+,52/100,0,1,0,0,tv_show,reality television,United States,English,7.0/10,tt0092400,52,16.0,1,DECA-DENCE
2859,Love Island Australia,2018,18+,52/100,0,1,0,0,tv_show,reality television,Australia,English,7.0,tt8467296,52,18.0,1,LOVE ISLAND AUSTRALIA
2860,The Circus,2016,16+,52/100,0,1,0,0,tv_show,reality television,United States,English,7.0/10,tt0092400,52,16.0,1,THE CIRCUS
2861,WWE NXT,2010,7+,52/100,0,1,0,0,tv_show,"professional wrestling, reality television",United States,English,8.0,tt1601141,52,7.0,1,WWE NXT
2865,Ruyi's Royal Love in the Palace,2018,16+,52/100,0,1,1,0,tv_show,Jidaigeki,People's Republic of China,Putonghua,10.0,tt7817930,52,16.0,1,RUYI'S ROYAL LOVE IN THE PALACE
2866,Trafficked with Mariana van Zeller,2020,16+,52/100,0,1,0,0,tv_show,reality television,United States,English,8.0,tt10370750,52,16.0,1,TRAFFICKED WITH MARIANA VAN ZELLER
2867,Hillary,2020,7+,52/100,0,1,0,0,tv_show,reality television,United States,English,6.5/10,tt0092400,52,7.0,1,HILLARY
2868,La Patrona,2013,16+,52/100,0,1,0,0,tv_show,telenovela,Mexico,Spanish,9.0,tt2585808,52,16.0,1,LA PATRONA
2869,Maison close,2010,18+,52/100,0,1,0,0,tv_show,LGBT-related television series,France,French,7.0,tt1521186,52,18.0,1,MAISON CLOSE
2870,Shahs of Sunset,2012,16+,52/100,0,1,0,0,tv_show,reality television,United States,English,8.0,tt1997999,52,16.0,1,SHAHS OF SUNSET
2872,Tanked,2011,7+,52/100,0,1,0,0,tv_show,reality television,United States,English,5.0,tt1849622,52,7.0,1,TANKED
2873,Little Women: LA,2014,16+,52/100,0,1,1,0,tv_show,reality television,United States,English,5.0,tt3761278,52,16.0,1,LITTLE WOMEN: LA
2874,Quick Draw,2013,16+,52/100,0,1,0,0,tv_show,comedy television series,United States,English,9.0,tt2883562,52,16.0,1,QUICK DRAW
2875,Food Network Star,2005,7+,52/100,0,1,0,0,tv_show,reality television,United States,English,6.4,tt0461727,52,7.0,1,FOOD NETWORK STAR
2876,Three Sheets,2006,18+,52/100,0,1,0,0,tv_show,reality television,United States,English,10.0,tt0818464,52,18.0,1,THREE SHEETS
2877,F*ck That's Delicious,2016,18+,52/100,0,1,0,0,tv_show,reality television,United States,English,8.0/10,tt0092400,52,18.0,1,F*CK THAT'S DELICIOUS
2878,Blood-C,2011,18+,52/100,0,1,0,0,tv_show,reality television,United States,English,6.3/10,tt0092400,52,18.0,1,BLOOD-C
2879,Unusual Suspects,2010,16+,52/100,0,1,0,0,tv_show,television documentary,United States,English,8.0,tt1546360,52,16.0,1,UNUSUAL SUSPECTS
2881,Food Paradise,2007,all,51/100,0,1,0,0,tv_show,reality television,United States,English,10.0,tt1200227,51,16.0,1,FOOD PARADISE
2882,Black Jesus,2014,18+,51/100,0,1,0,0,tv_show,American television sitcom,United States,English,10.0,tt3589872,51,18.0,1,BLACK JESUS
2883,The Dick Cavett Show,1968,16+,51/100,0,1,0,0,tv_show,talk show,United States,English,8.3,tt0063894,51,16.0,1,THE DICK CAVETT SHOW
2884,ItaKiss,2008,16+,51/100,0,1,0,0,tv_show,reality television,United States,English,7.4/10,tt0092400,51,16.0,1,ITAKISS
2885,Monsterland,2020,16+,51/100,0,1,0,0,tv_show,reality television,United States,American English,6.0,tt10404698,51,16.0,1,MONSTERLAND
2886,The Aliens,2016,7+,51/100,0,1,0,0,tv_show,science fiction television program,United Kingdom,English,8.0,tt5458832,51,7.0,1,THE ALIENS
2887,Webster,1983,all,51/100,0,1,0,0,tv_show,American television sitcom,United States,English,9.0,tt0085109,51,16.0,1,WEBSTER
2888,Getting On,2009,16+,51/100,0,1,0,0,tv_show,sitcom,United Kingdom,English,3.0,tt1468773,51,16.0,1,GETTING ON
2889,Kono Oto Tomare!: Sounds of Life,2019,7+,51/100,0,1,0,0,tv_show,reality television,United States,English,8.0/10,tt0092400,51,7.0,1,KONO OTO TOMARE!: SOUNDS OF LIFE
2890,Dante's Cove,2005,18+,51/100,0,1,0,0,tv_show,"soap opera, LGBT-related television series, drama television series",United States,English,8.0,tt0414731,51,18.0,1,DANTE'S COVE
2891,Freakish,2016,16+,51/100,0,1,0,0,tv_show,horror fiction,United States,English,6.2,tt5875646,51,16.0,1,FREAKISH
2892,Chuggington,2008,all,51/100,0,1,0,0,tv_show,reality television,United States,English,5.9/10,tt0092400,51,16.0,1,CHUGGINGTON
2893,The Hills,2006,7+,51/100,0,1,1,0,tv_show,reality television,United States,English,1.0,tt0489598,51,7.0,1,THE HILLS
2894,The Awesomes,2013,16+,51/100,0,1,0,0,tv_show,reality television,United States,English,7.3/10,tt0092400,51,16.0,1,THE AWESOMES
2895,Plunderer,2020,16+,51/100,0,1,0,0,tv_show,reality television,United States,English,6.4/10,tt0092400,51,16.0,1,PLUNDERER
2896,Yu-Gi-Oh! 5D's,2008,13+,51/100,0,1,1,0,tv_show,reality television,United States,English,6.8/10,tt0092400,51,13.0,1,YU-GI-OH! 5D'S
2897,Too Cute,2011,7+,51/100,0,1,0,0,tv_show,documentary film,United States,English,10.0,tt2197519,51,7.0,1,TOO CUTE
2898,Hollyoaks,1995,16+,51/100,0,1,0,0,tv_show,"soap opera, drama television series, youth series",United Kingdom,English,4.6,tt0112004,51,16.0,1,HOLLYOAKS
2899,Absolute Duo,2015,18+,51/100,0,1,0,0,tv_show,reality television,United States,English,6.4/10,tt0092400,51,18.0,1,ABSOLUTE DUO
2900,Total Divas,2013,16+,51/100,0,1,0,0,tv_show,reality television,United States,English,10.0,tt3056472,51,16.0,1,TOTAL DIVAS
2901,What Would You Do?,2008,7+,51/100,0,1,0,0,tv_show,"television news magazine, hidden camera show",United States,English,10.0,tt1361787,51,7.0,1,WHAT WOULD YOU DO?
2902,Born This Way,2015,7+,51/100,0,1,0,0,tv_show,reality television,United States,English,8.5/10,tt0092400,51,7.0,1,BORN THIS WAY
2903,The Menendez Murders: Erik Tells All,2017,16+,51/100,0,1,0,0,tv_show,reality television,United States,English,7.5/10,tt0092400,51,16.0,1,THE MENENDEZ MURDERS: ERIK TELLS ALL
2904,Late Night with Seth Meyers,2014,16+,51/100,0,1,0,0,tv_show,late-night talk show,United States,American English,8.0,tt3513388,51,16.0,1,LATE NIGHT WITH SETH MEYERS
2905,Is This a Zombie?,2011,18+,51/100,0,1,0,0,tv_show,reality television,United States,English,7.1/10,tt0092400,51,18.0,1,IS THIS A ZOMBIE?
2906,Flavor of Love,2006,16+,51/100,0,1,0,0,tv_show,reality television,United States,English,4.8,tt0488262,51,16.0,1,FLAVOR OF LOVE
2907,Momma Named Me Sheriff,2019,18+,51/100,0,1,0,0,tv_show,reality television,United States,English,8.0,tt11305746,51,18.0,1,MOMMA NAMED ME SHERIFF
2908,Hunderby,2012,16+,51/100,0,1,0,0,tv_show,reality television,United Kingdom,English,10.0,tt2375858,51,16.0,1,HUNDERBY
2909,World of Dance,2017,7+,51/100,0,1,0,0,tv_show,talent show,United States,English,7.3,tt5895884,51,7.0,1,WORLD OF DANCE
2910,Gap Year,2017,16+,51/100,0,1,0,0,tv_show,comedy,United Kingdom,English,8.0,tt5793948,51,16.0,1,GAP YEAR
2911,The Driver,2014,16+,51/100,0,1,0,0,tv_show,drama television series,United Kingdom,English,6.9,tt3956604,51,16.0,1,THE DRIVER
2912,In My Skin,2020,16+,51/100,0,1,0,0,tv_show,"comedy, black comedy film, drama fiction",United Kingdom,English,9.0,tt8594528,51,16.0,1,IN MY SKIN
2913,Rin-ne,2015,16+,51/100,0,1,0,0,tv_show,reality television,United States,English,6.6/10,tt0092400,51,16.0,1,RIN-NE
2914,Cults and Extreme Belief,2018,16+,51/100,0,1,0,0,tv_show,reality television,United States,English,7.4,tt8457940,51,16.0,1,CULTS AND EXTREME BELIEF
2915,Napoleon Dynamite,2012,7+,51/100,0,1,0,0,tv_show,reality television,United States,English,6.4/10,tt0092400,51,7.0,1,NAPOLEON DYNAMITE
2916,Man Up!,2011,7+,51/100,0,1,0,0,tv_show,American television sitcom,United States,English,10.0,tt1828238,51,7.0,1,MAN UP!
2917,Butterfly,2018,16+,51/100,0,1,0,0,tv_show,reality television,United States,English,6.4/10,tt0092400,51,16.0,1,BUTTERFLY
2918,Worth It,2016,16+,51/100,0,1,1,0,tv_show,reality television,United States,English,8.6/10,tt0092400,51,16.0,1,WORTH IT
2919,Blood Lad,2013,16+,51/100,0,1,0,0,tv_show,reality television,United States,English,7.1/10,tt0092400,51,16.0,1,BLOOD LAD
2920,The F Word,2005,18+,50/100,0,1,0,0,tv_show,cooking show,United Kingdom,English,10.0,tt0490035,50,18.0,1,THE F WORD
2921,Siblings,2014,16+,50/100,0,1,0,0,tv_show,reality television,United Kingdom,English,7.0,tt3449528,50,16.0,1,SIBLINGS
2922,Law & Order True Crime,2017,16+,50/100,0,1,0,0,tv_show,"anthology series, true crime, drama television series",United States,English,9.0,tt6110318,50,16.0,1,LAW & ORDER TRUE CRIME
2923,"The $100,000 Pyramid",2016,16+,50/100,0,1,0,0,tv_show,reality television,United States,English,7.0,tt11718300,50,16.0,1,"THE $100,000 PYRAMID"
2924,Stars Align,2019,16+,50/100,0,1,0,0,tv_show,reality television,United States,English,7.2/10,tt0092400,50,16.0,1,STARS ALIGN
2925,Blast of Tempest,2012,16+,50/100,0,1,0,0,tv_show,reality television,United States,English,7.6/10,tt0092400,50,16.0,1,BLAST OF TEMPEST
2926,Ask This Old House,2002,all,50/100,0,1,0,0,tv_show,reality television,United States,English,10.0,tt0369081,50,16.0,1,ASK THIS OLD HOUSE
2927,East Los High,2013,16+,50/100,0,1,0,0,tv_show,"teen drama television, LGBT-related television series",United States,"English, Spanish",9.0,tt2312036,50,16.0,1,EAST LOS HIGH
2928,Sister Wives,2010,16+,50/100,0,1,0,0,tv_show,reality television,United States,English,5.0,tt1721666,50,16.0,1,SISTER WIVES
2929,Place to Place,2012,7+,50/100,0,1,0,0,tv_show,reality television,United States,English,6.7/10,tt0092400,50,7.0,1,PLACE TO PLACE
2932,The New Detectives,1996,7+,50/100,0,1,0,0,tv_show,television documentary,United States,English,4.0,tt0279573,50,7.0,1,THE NEW DETECTIVES
2933,Who The (Bleep) Did I Marry?,2010,7+,50/100,0,1,0,0,tv_show,television documentary,United States,English,6.8,tt1705096,50,7.0,1,WHO THE (BLEEP) DID I MARRY?
2934,Crossing Swords,2020,18+,50/100,0,1,0,0,tv_show,reality television,United States,English,6.6/10,tt0092400,50,18.0,1,CROSSING SWORDS
2935,Baka and Test: Summon the Beasts,2010,7+,50/100,0,1,0,0,tv_show,reality television,United States,English,7.3/10,tt0092400,50,7.0,1,BAKA AND TEST: SUMMON THE BEASTS
2936,Marido en Alquiler,2013,16+,50/100,0,1,0,0,tv_show,telenovela,United States,Spanish,8.0,tt2877678,50,16.0,1,MARIDO EN ALQUILER
2937,Boy Band,2017,16+,50/100,0,1,0,0,tv_show,reality television,United States,English,1.0,tt6977146,50,16.0,1,BOY BAND
2938,Threesome,2011,18+,50/100,0,1,0,0,tv_show,comedy television series,United Kingdom,English,3.0,tt2071322,50,18.0,1,THREESOME
2939,Maken-Ki! Battling Venus,2011,18+,50/100,0,1,0,0,tv_show,reality television,United States,English,6.1/10,tt0092400,50,18.0,1,MAKEN-KI! BATTLING VENUS
2940,Sherman's Showcase,2019,18+,50/100,0,1,0,0,tv_show,reality television,United States,English,10.0,tt7422812,50,18.0,1,SHERMAN'S SHOWCASE
2941,Yashahime: Princess Half-Demon,2020,16+,50/100,0,1,0,0,tv_show,reality television,United States,English,7.2/10,tt0092400,50,16.0,1,YASHAHIME: PRINCESS HALF-DEMON
2942,Outbreak Company,2013,16+,50/100,0,1,0,0,tv_show,reality television,United States,English,6.8/10,tt0092400,50,16.0,1,OUTBREAK COMPANY
2943,Marriage Boot Camp: Reality Stars,2014,16+,50/100,0,1,0,0,tv_show,reality television,United States,English,1.0,tt2932120,50,16.0,1,MARRIAGE BOOT CAMP: REALITY STARS
2944,Dagashi Kashi,2016,16+,50/100,0,1,0,0,tv_show,reality television,United States,English,6.2/10,tt0092400,50,16.0,1,DAGASHI KASHI
2945,Fashion House,2006,18+,50/100,0,1,0,0,tv_show,soap opera,United States,English,2.0,tt0787407,50,18.0,1,FASHION HOUSE
2946,Southern Gothic,2020,16+,50/100,0,1,0,0,tv_show,reality television,United States,English,7.0/10,tt0092400,50,16.0,1,SOUTHERN GOTHIC
2947,I Am Frankie,2017,all,50/100,0,1,0,0,tv_show,"science fiction television program, drama television series",United States,English,8.0,tt5620962,50,16.0,1,I AM FRANKIE
2949,Our Cartoon President,2018,16+,50/100,0,1,0,0,tv_show,reality television,United States,English,5.1/10,tt0092400,50,16.0,1,OUR CARTOON PRESIDENT
2950,Marrying Millions,2019,16+,49/100,0,1,0,0,tv_show,reality television,United States,English,5.0/10,tt0092400,49,16.0,1,MARRYING MILLIONS
2951,Our Last Crusade or the Rise of a New World,2020,16+,49/100,0,1,0,0,tv_show,reality television,United States,English,6.4/10,tt0092400,49,16.0,1,OUR LAST CRUSADE OR THE RISE OF A NEW WORLD
2952,The Furchester Hotel,2014,all,49/100,0,1,0,0,tv_show,children's television series,United Kingdom,English,7.4,tt3562366,49,16.0,1,THE FURCHESTER HOTEL
2953,Little Mosque on the Prairie,2007,7+,49/100,0,1,0,0,tv_show,comedy television series,Canada,English,7.0,tt0923293,49,7.0,1,LITTLE MOSQUE ON THE PRAIRIE
2954,The Wallflower,2006,16+,49/100,0,1,0,0,tv_show,reality television,United States,English,7.4/10,tt0092400,49,16.0,1,THE WALLFLOWER
2955,The Real Housewives of Orange County,2006,16+,49/100,0,1,0,0,tv_show,reality television,United States,English,5.0,tt0497079,49,16.0,1,THE REAL HOUSEWIVES OF ORANGE COUNTY
2956,Married to Medicine,2013,16+,49/100,0,1,0,0,tv_show,reality television,United States,English,10.0,tt2543378,49,16.0,1,MARRIED TO MEDICINE
2958,The Real Housewives of New Jersey,2009,16+,49/100,0,1,0,0,tv_show,reality television,United States,English,3.0,tt1411598,49,16.0,1,THE REAL HOUSEWIVES OF NEW JERSEY
2959,Cold Squad,1998,16+,49/100,0,1,0,0,tv_show,police procedural,Canada,English,6.9,tt0138959,49,16.0,1,COLD SQUAD
2960,The Murder of Laci Peterson,2017,16+,49/100,0,1,1,0,tv_show,reality television,United States,English,6.0,tt7293016,49,16.0,1,THE MURDER OF LACI PETERSON
2961,Uta no Prince-sama,2011,16+,49/100,0,1,0,0,tv_show,reality television,United States,English,6.7/10,tt0092400,49,16.0,1,UTA NO PRINCE-SAMA
2962,Alone: The Beast,2020,7+,49/100,0,1,0,0,tv_show,reality television,United States,English,5.8/10,tt0092400,49,7.0,1,ALONE: THE BEAST
2964,Stacked,2005,7+,49/100,0,1,0,0,tv_show,American television sitcom,United States,English,7.0,tt0448303,49,7.0,1,STACKED
2965,Caillou,1998,all,49/100,0,1,1,0,tv_show,reality television,United States,English,4.0/10,tt0092400,49,16.0,1,CAILLOU
2966,Snake City,2014,16+,49/100,0,1,0,0,tv_show,reality television,South Africa,English,8.0,tt7349460,49,16.0,1,SNAKE CITY
2968,StarTalk with Neil deGrasse Tyson,2015,all,49/100,0,1,1,0,tv_show,reality television,United States,English,7.8/10,tt0092400,49,16.0,1,STARTALK WITH NEIL DEGRASSE TYSON
2969,Wasted,2016,18+,49/100,0,1,0,0,tv_show,reality television,United States,English,7.4/10,tt0092400,49,18.0,1,WASTED
2970,Astro Boy,1980,all,49/100,0,1,1,0,tv_show,reality television,United States,English,7.3/10,tt0092400,49,16.0,1,ASTRO BOY
2971,Total Wipeout,2009,16+,49/100,0,1,1,0,tv_show,game show,United Kingdom,English,1.0,tt1294955,49,16.0,1,TOTAL WIPEOUT
2972,Hetalia,2009,18+,49/100,0,1,0,0,tv_show,reality television,United States,English,7.4/10,tt0092400,49,18.0,1,HETALIA
2973,Air Gear,2006,18+,49/100,0,1,0,0,tv_show,reality television,United States,English,7.2/10,tt0092400,49,18.0,1,AIR GEAR
2974,Press Your Luck,2019,7+,49/100,0,1,0,0,tv_show,game show,United States,English,7.5,tt0136655,49,7.0,1,PRESS YOUR LUCK
2975,BLUE DRAGON,2007,16+,49/100,0,1,0,0,tv_show,reality television,United States,English,6.4/10,tt0092400,49,16.0,1,BLUE DRAGON
2976,恋と選挙とチョコレート,2012,18+,49/100,0,1,0,0,tv_show,reality television,United States,English,6.6/10,tt0092400,49,18.0,1,恋と選挙とチョコレート
2977,Black Blood Brothers,2006,16+,49/100,0,1,0,0,tv_show,reality television,United States,English,7.1/10,tt0092400,49,16.0,1,BLACK BLOOD BROTHERS
2978,Below the Surface,2017,16+,49/100,0,1,0,0,tv_show,"drama television series, crime thriller film, thriller film",Denmark,"Danish, English",5.0,tt5180734,49,16.0,1,BELOW THE SURFACE
2980,Arliss,1996,16+,49/100,0,1,0,0,tv_show,sitcom,United States,English,7.1,tt0115101,49,16.0,1,ARLISS
2981,The Gumby Show,1955,all,48/100,0,1,1,0,tv_show,reality television,United States,English,7.0/10,tt0092400,48,16.0,1,THE GUMBY SHOW
2982,Are You Smarter Than a 5th Grader?,2007,7+,48/100,0,1,0,0,tv_show,reality television,Australia,English,6.0,tt1175617,48,7.0,1,ARE YOU SMARTER THAN A 5TH GRADER?
2983,Maxxx,2020,16+,48/100,0,1,0,0,tv_show,reality television,United States,English,6.4/10,tt0092400,48,16.0,1,MAXXX
2984,Jeopardy! The Greatest of All Time,2020,7+,48/100,0,1,0,0,tv_show,reality television,United States,English,8.7/10,tt0092400,48,7.0,1,JEOPARDY! THE GREATEST OF ALL TIME
2985,The Strange Calls,2012,18+,48/100,0,1,0,0,tv_show,comedy television series,Australia,English,8.0,tt2268019,48,18.0,1,THE STRANGE CALLS
2986,Victoria's Secret Fashion Show,1999,18+,48/100,0,1,0,0,tv_show,reality television,United States,English,8.1/10,tt0092400,48,18.0,1,VICTORIA'S SECRET FASHION SHOW
2987,Flavor of Love Girls: Charm School,2007,16+,48/100,0,1,0,0,tv_show,reality television,United States,English,8.0,tt0896084,48,16.0,1,FLAVOR OF LOVE GIRLS: CHARM SCHOOL
2988,Card Sharks,2019,7+,48/100,0,1,0,0,tv_show,quiz show,United States,English,10.0,tt0127991,48,7.0,1,CARD SHARKS
2989,America: Our Defining Hours,2020,16+,48/100,0,1,0,0,tv_show,reality television,United States,English,10.0,tt0092400,48,16.0,1,AMERICA: OUR DEFINING HOURS
2990,The Killer Speaks,2013,16+,48/100,0,1,0,0,tv_show,documentary film,United States,English,3.0,tt2860762,48,16.0,1,THE KILLER SPEAKS
2992,Nutri Ventures – The Quest for the 7 Kingdoms,2013,all,48/100,0,1,0,0,tv_show,reality television,United States,English,7.8/10,tt0092400,48,16.0,1,NUTRI VENTURES – THE QUEST FOR THE 7 KINGDOMS
2993,Call Your Mother,2021,7+,48/100,0,1,0,0,tv_show,sitcom,United States,English,4.0,tt11058114,48,7.0,1,CALL YOUR MOTHER
2994,Lincoln: Divided We Stand,2021,16+,48/100,0,1,0,0,tv_show,reality television,United States,English,7.6/10,tt0092400,48,16.0,1,LINCOLN: DIVIDED WE STAND
2995,Toopy and Binoo,2005,all,48/100,0,1,0,0,tv_show,"comedy television series, children's television series","Canada, United States",English,8.0,tt0459161,48,16.0,1,TOOPY AND BINOO
2996,Miz & Mrs,2018,16+,48/100,0,1,0,0,tv_show,reality show,United States,English,10.0,tt8050736,48,16.0,1,MIZ & MRS
2997,The Loop,2006,16+,48/100,0,1,0,0,tv_show,sitcom,United States,English,7.3,tt0460655,48,16.0,1,THE LOOP
2998,Weakest Link,2001,7+,48/100,0,1,0,0,tv_show,reality television,Hong Kong,Cantonese,5.5,tt0281521,48,7.0,1,WEAKEST LINK
2999,Property Brothers: Buying and Selling,2012,all,48/100,0,1,0,0,tv_show,reality television,Canada,English,8.0,tt2272112,48,16.0,1,PROPERTY BROTHERS: BUYING AND SELLING
3000,Breaking Amish,2012,16+,48/100,0,1,0,0,tv_show,reality television,United States,English,5.1,tt2386354,48,16.0,1,BREAKING AMISH
3002,Cleopatra in Space,2020,all,48/100,0,1,0,0,tv_show,reality television,United States,English,10.0,tt11343400,48,16.0,1,CLEOPATRA IN SPACE
3003,Mental Samurai,2019,7+,48/100,0,1,0,0,tv_show,game show,United States,English,10.0,tt8888210,48,7.0,1,MENTAL SAMURAI
3004,The Adventures of Paddington Bear,1997,all,48/100,0,1,0,0,tv_show,reality television,United States,English,7.1/10,tt0092400,48,16.0,1,THE ADVENTURES OF PADDINGTON BEAR
3005,A Very Brady Renovation,2019,16+,48/100,0,1,0,0,tv_show,reality television series,United States,English,6.0,tt9278110,48,16.0,1,A VERY BRADY RENOVATION
3006,Saved by the Bell: The College Years,1993,7+,48/100,0,1,0,0,tv_show,"teen sitcom, American television sitcom",United States,English,9.0,tt0106122,48,7.0,1,SAVED BY THE BELL: THE COLLEGE YEARS
3007,"Demon Lord, Retry!",2019,16+,48/100,0,1,0,0,tv_show,reality television,United States,English,6.8/10,tt0092400,48,16.0,1,"DEMON LORD, RETRY!"
3008,Don't,2020,16+,48/100,0,1,0,0,tv_show,comedy television series,Greece,Greek,3.0,tt3264772,48,16.0,1,DON'T
3009,Uncle Grandpa,2013,7+,48/100,0,1,0,0,tv_show,reality television,United States,English,4.3/10,tt0092400,48,7.0,1,UNCLE GRANDPA
3010,Behind Bars: Rookie Year,2015,16+,48/100,0,1,0,0,tv_show,reality television,United States,English,7.8/10,tt0092400,48,16.0,1,BEHIND BARS: ROOKIE YEAR
3011,Black Cat,2005,7+,48/100,0,1,0,0,tv_show,reality television,United States,English,7.1/10,tt0092400,48,7.0,1,BLACK CAT
3012,Metástasis,2014,16+,48/100,0,1,0,0,tv_show,police film,"United States, Colombia",Spanish,1.0,tt3190448,48,16.0,1,METÁSTASIS
3014,Lucas Bros Moving Co,2013,18+,48/100,0,1,0,0,tv_show,reality television,United States,English,7.0/10,tt0092400,48,18.0,1,LUCAS BROS MOVING CO
3015,Total Bellas,2016,16+,48/100,0,1,0,0,tv_show,reality television,United States,English,10.0,tt5646172,48,16.0,1,TOTAL BELLAS
3016,Aria the Scarlet Ammo,2011,16+,48/100,0,1,0,0,tv_show,reality television,United States,English,6.7/10,tt0092400,48,16.0,1,ARIA THE SCARLET AMMO
3017,Chopped Junior,2015,16+,48/100,0,1,0,0,tv_show,reality television,United States,English,6.3,tt5226884,48,16.0,1,CHOPPED JUNIOR
3018,Heartstrings,2011,16+,47/100,0,1,0,0,tv_show,drama television series,South Korea,Korean,10.0,tt2623064,47,16.0,1,HEARTSTRINGS
3019,Dancing with the Stars,2005,7+,47/100,0,1,0,0,tv_show,"talent show, dance competition",United States,American English,2.0,tt0463398,47,7.0,1,DANCING WITH THE STARS
3020,The Other Guy,2017,18+,47/100,0,1,0,0,tv_show,reality television,Australia,English,10.0,tt6934964,47,18.0,1,THE OTHER GUY
3022,The Kennedys,2015,7+,47/100,0,1,0,0,tv_show,"drama television series, historical television series","United States, Canada",American English,7.0,tt1567215,47,7.0,1,THE KENNEDYS
3023,Holiday Baking Championship,2014,all,47/100,0,1,0,0,tv_show,reality television,United States,English,9.0,tt4226226,47,16.0,1,HOLIDAY BAKING CHAMPIONSHIP
3024,Capital One College Bowl,2021,16+,47/100,0,1,0,0,tv_show,reality television,United States,English,5.4/10,tt0092400,47,16.0,1,CAPITAL ONE COLLEGE BOWL
3025,Love & Hip Hop Hollywood,2014,16+,47/100,0,1,0,0,tv_show,reality television,United States,English,5.1/10,tt0092400,47,16.0,1,LOVE & HIP HOP HOLLYWOOD
3026,Corpse Princess,2008,7+,47/100,0,1,0,0,tv_show,reality television,United States,English,6.9/10,tt0092400,47,7.0,1,CORPSE PRINCESS
3027,The Wall,2016,7+,47/100,0,1,1,0,tv_show,game show,United States,English,2.0,tt6304194,47,7.0,1,THE WALL
3028,Divorce Court,1999,16+,47/100,0,1,0,0,tv_show,reality television,Australia,English,4.2/10,tt0092400,47,16.0,1,DIVORCE COURT
3029,Unikitty!,2017,7+,47/100,0,1,0,0,tv_show,reality television,United States,English,5.6/10,tt0092400,47,7.0,1,UNIKITTY!
3030,Sheriff Callie's Wild West,2013,all,47/100,0,1,0,1,tv_show,reality television,United States,English,6.5/10,tt0092400,47,16.0,1,SHERIFF CALLIE'S WILD WEST
3031,Miles from Tomorrowland,2015,all,47/100,0,1,0,1,tv_show,reality television,United States,English,6.6/10,tt0092400,47,16.0,1,MILES FROM TOMORROWLAND
3032,Caribbean Life,2014,all,47/100,0,1,0,0,tv_show,reality television,United States,English,8.0,tt3667052,47,16.0,1,CARIBBEAN LIFE
3033,Psychic Detective Yakumo,2010,16+,47/100,0,1,0,0,tv_show,"mystery fiction, drama television series",Japan,Japanese,9.0,tt1715081,47,16.0,1,PSYCHIC DETECTIVE YAKUMO
3034,Monster Rancher,1999,7+,47/100,0,1,1,0,tv_show,reality television,United States,English,7.1/10,tt0092400,47,7.0,1,MONSTER RANCHER
3035,Big Windup!,2007,7+,47/100,0,1,0,0,tv_show,reality television,United States,English,7.7/10,tt0092400,47,7.0,1,BIG WINDUP!
3036,Duenos Del Paraiso,2015,16+,47/100,0,1,0,0,tv_show,"action television series, drama television series, crime television series","United States, Chile","Spanish, English",3.0,tt3975034,47,16.0,1,DUENOS DEL PARAISO
3037,To Catch a Smuggler,2012,7+,47/100,0,1,0,0,tv_show,reality television,United States,English,10.0,tt12597878,47,7.0,1,TO CATCH A SMUGGLER
3038,Fugget About It,2012,18+,47/100,0,1,0,0,tv_show,reality television,United States,English,6.0/10,tt0092400,47,18.0,1,FUGGET ABOUT IT
3039,Yu-Gi-Oh! Arc-V,2014,7+,47/100,0,1,1,0,tv_show,reality television,United States,English,6.3/10,tt0092400,47,7.0,1,YU-GI-OH! ARC-V
3040,Bong Appétit,2016,16+,47/100,0,1,0,0,tv_show,reality television,United States,English,10.0,tt6834076,47,16.0,1,BONG APPÉTIT
3041,Nosotros los Guapos,2016,13+,47/100,0,1,0,0,tv_show,"comedy, satire",Mexico,Spanish,10.0,tt7112114,47,13.0,1,NOSOTROS LOS GUAPOS
3042,Max Steel,2000,7+,47/100,0,1,0,0,tv_show,reality television,United States,English,6.3/10,tt0092400,47,7.0,1,MAX STEEL
3043,"Golan, The Insatiable",2013,16+,47/100,0,1,0,0,tv_show,reality television,United States,English,6.9/10,tt0092400,47,16.0,1,"GOLAN, THE INSATIABLE"
3044,Dead Boss,2012,16+,46/100,0,1,0,0,tv_show,sitcom,United Kingdom,English,8.0,tt2201416,46,16.0,1,DEAD BOSS
3045,Pinky Dinky Doo,2006,all,46/100,0,1,0,0,tv_show,reality television,United States,English,6.4/10,tt0092400,46,16.0,1,PINKY DINKY DOO
3046,No Guns Life,2019,16+,46/100,0,1,0,0,tv_show,reality television,United States,English,6.8/10,tt0092400,46,16.0,1,NO GUNS LIFE
3047,The Munsters Today,1988,16+,46/100,0,1,0,0,tv_show,American television sitcom,United States,English,10.0,tt0094518,46,16.0,1,THE MUNSTERS TODAY
3048,The First 48 Presents: Homicide Squad Atlanta,2019,16+,46/100,0,1,1,0,tv_show,reality television,United States,English,8.3/10,tt0092400,46,16.0,1,THE FIRST 48 PRESENTS: HOMICIDE SQUAD ATLANTA
3049,Hello Kitty's Furry Tale Theater,1987,all,46/100,0,1,0,0,tv_show,reality television,United States,English,6.4/10,tt0092400,46,16.0,1,HELLO KITTY'S FURRY TALE THEATER
3050,Ladhood,2019,16+,46/100,0,1,0,0,tv_show,reality television,United Kingdom,English,9.0,tt11333564,46,16.0,1,LADHOOD
3051,Space Brothers,2012,16+,46/100,0,1,0,0,tv_show,reality television,United States,English,8.1/10,tt0092400,46,16.0,1,SPACE BROTHERS
3052,Little Women: Atlanta,2016,16+,46/100,0,1,1,0,tv_show,reality television,United States,English,10.0,tt5690880,46,16.0,1,LITTLE WOMEN: ATLANTA
3053,Arte,2020,16+,46/100,0,1,0,0,tv_show,reality television,United States,English,7.0/10,tt0092400,46,16.0,1,ARTE
3054,"Ready, Steady, Wiggle!",2013,all,46/100,0,1,0,0,tv_show,reality television,United States,English,7.8/10,tt0092400,46,16.0,1,"READY, STEADY, WIGGLE!"
3055,The Hotwives of Orlando,2014,16+,46/100,0,1,0,0,tv_show,sitcom,United States,English,10.0,tt3453512,46,16.0,1,THE HOTWIVES OF ORLANDO
3056,"Ruff-Ruff, Tweet and Dave",2015,all,46/100,0,1,0,0,tv_show,reality television,United States,English,7.8,tt4457140,46,16.0,1,"RUFF-RUFF, TWEET AND DAVE"
3057,Yu-Gi-Oh! Zexal,2011,7+,46/100,0,1,1,0,tv_show,reality television,United States,English,5.0/10,tt0092400,46,7.0,1,YU-GI-OH! ZEXAL
3058,Breadwinners,2005,7+,46/100,0,1,0,0,tv_show,reality television,United States,English,2.5/10,tt0092400,46,7.0,1,BREADWINNERS
3059,Soul Eater Not!,2014,16+,46/100,0,1,0,0,tv_show,reality television,United States,English,5.7/10,tt0092400,46,16.0,1,SOUL EATER NOT!
3060,The Only Way Is Essex,2010,16+,46/100,0,1,0,0,tv_show,reality television,United Kingdom,English,1.0,tt1737565,46,16.0,1,THE ONLY WAY IS ESSEX
3061,Living With Fran,2005,16+,46/100,0,1,0,0,tv_show,American television sitcom,United States,English,5.8,tt0402471,46,16.0,1,LIVING WITH FRAN
3062,Mythbusters Jr.,2019,7+,46/100,0,1,0,0,tv_show,reality television,United States,English,9.0,tt8265286,46,7.0,1,MYTHBUSTERS JR.
3063,Cake,2019,18+,46/100,0,1,0,0,tv_show,reality television,United States,English,6.2/10,tt0092400,46,18.0,1,CAKE
3064,Major Lazer,2015,18+,46/100,0,1,0,0,tv_show,cartoon,United States,English,10.0,tt4612950,46,18.0,1,MAJOR LAZER
3065,NASA's Unexplained Files,2012,all,46/100,0,1,0,0,tv_show,documentary film,United States,English,3.0,tt3952194,46,16.0,1,NASA'S UNEXPLAINED FILES
3068,Brothers Conflict,2013,16+,46/100,0,1,0,0,tv_show,reality television,United States,English,6.1/10,tt0092400,46,16.0,1,BROTHERS CONFLICT
3069,Astroblast!,2014,all,46/100,0,1,0,0,tv_show,reality television,United States,English,6.6/10,tt0092400,46,16.0,1,ASTROBLAST!
3070,Rosa Diamante,2012,16+,46/100,0,1,0,0,tv_show,telenovela,Mexico,Spanish,10.0,tt2270670,46,16.0,1,ROSA DIAMANTE
3071,Urara Meirocho,2017,16+,46/100,0,1,0,0,tv_show,reality television,United States,English,7.4/10,tt0092400,46,16.0,1,URARA MEIROCHO
3072,Hakumei and Mikochi,2018,16+,46/100,0,1,0,0,tv_show,reality television,United States,English,7.4/10,tt0092400,46,16.0,1,HAKUMEI AND MIKOCHI
3073,Crimes of the Century,2013,16+,46/100,0,1,0,0,tv_show,reality television,United States,English,7.1/10,tt0092400,46,16.0,1,CRIMES OF THE CENTURY
3074,Undefeated Bahamut Chronicle,2016,16+,45/100,0,1,0,0,tv_show,reality television,United States,English,6.5/10,tt0092400,45,16.0,1,UNDEFEATED BAHAMUT CHRONICLE
3075,The New Adventures of Figaro Pho,2015,all,45/100,0,1,0,0,tv_show,fantasy television series,Australia,English,8.2,tt5016516,45,16.0,1,THE NEW ADVENTURES OF FIGARO PHO
3076,When Nature Calls with Helen Mirren,2021,7+,45/100,0,1,0,0,tv_show,reality television,United States,English,3.0,tt14494422,45,7.0,1,WHEN NATURE CALLS WITH HELEN MIRREN
3077,Kono Yuusha ga Ore Tueee Kuse ni Shinchou Sugiru,2019,16+,45/100,0,1,0,0,tv_show,reality television,United States,English,7.4/10,tt0092400,45,16.0,1,KONO YUUSHA GA ORE TUEEE KUSE NI SHINCHOU SUGIRU
3078,Tiny House Hunters,2014,all,45/100,0,1,0,0,tv_show,reality television,United States,English,6.2/10,tt0092400,45,16.0,1,TINY HOUSE HUNTERS
3079,Bleak House,1985,16+,45/100,0,1,0,0,tv_show,"drama television series, television series based on a novel",United Kingdom,English,8.3,tt0442632,45,16.0,1,BLEAK HOUSE
3080,Hip Hop Uncovered,2021,16+,45/100,0,1,0,0,tv_show,television documentary,United States,English,10.0,tt10773770,45,16.0,1,HIP HOP UNCOVERED
3081,More Than Friends,2020,16+,45/100,0,1,0,0,tv_show,romantic comedy,South Korea,English,8.0,tt12879170,45,16.0,1,MORE THAN FRIENDS
3082,Street Outlaws: Memphis,2018,16+,45/100,0,1,0,0,tv_show,reality television,United States,English,6.6/10,tt0092400,45,16.0,1,STREET OUTLAWS: MEMPHIS
3083,Part of Me,2014,16+,45/100,0,1,0,0,tv_show,reality television,United States,English,8.4/10,tt0092400,45,16.0,1,PART OF ME
3084,LEGO Friends,2012,all,45/100,0,1,1,0,tv_show,reality television,United States,English,5.3,tt4049416,45,16.0,1,LEGO FRIENDS
3085,Flea Market Flip,2012,all,45/100,0,1,0,0,tv_show,reality television,United States,English,6.0,tt2432822,45,16.0,1,FLEA MARKET FLIP
3086,Rock the Block,2019,all,45/100,0,1,0,0,tv_show,reality television,United States,English,6.7/10,tt0092400,45,16.0,1,ROCK THE BLOCK
3087,Appare-Ranman!,2020,16+,45/100,0,1,0,0,tv_show,reality television,United States,English,6.9/10,tt0092400,45,16.0,1,APPARE-RANMAN!
3088,Kids Behind Bars: Life or Parole,2019,16+,45/100,0,1,1,0,tv_show,reality television,United States,English,7.2/10,tt0092400,45,16.0,1,KIDS BEHIND BARS: LIFE OR PAROLE
3089,The Case That Haunts Me,2018,16+,45/100,0,1,0,0,tv_show,reality television,United States,English,7.7/10,tt0092400,45,16.0,1,THE CASE THAT HAUNTS ME
3090,Senryu Girl,2019,7+,45/100,0,1,0,0,tv_show,reality television,United States,English,7.0/10,tt0092400,45,7.0,1,SENRYU GIRL
3091,Alguien Te Mira,2010,7+,45/100,0,1,0,0,tv_show,telenovela,United States,Spanish,6.0,tt1748418,45,7.0,1,ALGUIEN TE MIRA
3092,All Night,2018,16+,45/100,0,1,0,0,tv_show,reality television,United States,English,7.0,tt7292950,45,16.0,1,ALL NIGHT
3093,El Clon,2000,16+,45/100,0,1,0,0,tv_show,telenovela,"United States, Colombia, Brazil",Spanish,5.0,tt1596029,45,16.0,1,EL CLON
3094,1969,2019,16+,45/100,0,1,0,0,tv_show,reality television,United States,English,7.0/10,tt0092400,45,16.0,1,1969
3095,Long Island Medium,2011,7+,45/100,0,1,0,0,tv_show,reality television,United States,English,1.0,tt2010806,45,7.0,1,LONG ISLAND MEDIUM
3096,Buddy Complex,2013,16+,45/100,0,1,0,0,tv_show,reality television,United States,English,7.3/10,tt0092400,45,16.0,1,BUDDY COMPLEX
3097,Kaleido Star,2003,16+,45/100,0,1,0,0,tv_show,reality television,United States,English,7.8/10,tt0092400,45,16.0,1,KALEIDO STAR
3098,.hack,2002,7+,45/100,0,1,0,0,tv_show,reality television,United States,English,6.9/10,tt0092400,45,7.0,1,.HACK
3099,The Tower of Druaga: The Aegis of Uruk,2008,7+,45/100,0,1,0,0,tv_show,reality television,United States,English,6.7/10,tt0092400,45,7.0,1,THE TOWER OF DRUAGA: THE AEGIS OF URUK
3100,Indebted,2020,16+,45/100,0,1,0,0,tv_show,sitcom,United States,English,3.0,tt9686380,45,16.0,1,INDEBTED
3101,Psychic Kids,2008,16+,45/100,0,1,0,0,tv_show,reality television,United States,English,1.0,tt1169839,45,16.0,1,PSYCHIC KIDS
3102,Stone Quackers,2014,18+,45/100,0,1,0,0,tv_show,reality television,United States,English,6.8/10,tt0092400,45,18.0,1,STONE QUACKERS
3103,Wicked Tuna: Outer Banks,2014,16+,45/100,0,1,0,1,tv_show,reality television,United States,English,6.0,tt4248510,45,16.0,1,WICKED TUNA: OUTER BANKS
3104,Genius Junior,2018,all,45/100,0,1,0,0,tv_show,game show,United States,English,7.7,tt7439546,45,16.0,1,GENIUS JUNIOR
3105,I Love Jenni,2011,7+,45/100,0,1,0,0,tv_show,reality television,United States,English,6.6,tt1816839,45,7.0,1,I LOVE JENNI
3106,Bloque de Búsqueda,2016,16+,45/100,0,1,0,0,tv_show,telenovela,Colombia,Spanish,10.0,tt5354818,45,16.0,1,BLOQUE DE BÚSQUEDA
3107,VanDread,2000,16+,45/100,0,1,0,0,tv_show,reality television,United States,English,7.1/10,tt0092400,45,16.0,1,VANDREAD
3109,Broken Angel,2013,16+,45/100,0,1,0,0,tv_show,"drama television series, crime television series, mystery television series, romantic thriller",United States,"Spanish, English",3.0,tt3072546,45,16.0,1,BROKEN ANGEL
3110,Trolls: TrollsTopia,2020,7+,45/100,0,1,0,0,tv_show,reality television,United States,English,7.1/10,tt0092400,45,7.0,1,TROLLS: TROLLSTOPIA
3111,Blippi,2014,all,45/100,0,1,1,0,tv_show,reality television,United States,English,5.0,tt6594882,45,16.0,1,BLIPPI
3113,Jann,2019,16+,44/100,0,1,0,0,tv_show,reality television,United States,English,7.1/10,tt0092400,44,16.0,1,JANN
3114,The Boonies,2016,16+,44/100,0,1,0,0,tv_show,reality television,United States,English,7.3/10,tt0092400,44,16.0,1,THE BOONIES
3115,Britain's Best Home Cook,2018,16+,44/100,0,1,0,0,tv_show,reality television,United Kingdom,English,10.0,tt8364940,44,16.0,1,BRITAIN'S BEST HOME COOK
3116,Cardfight!! Vanguard,2011,16+,44/100,0,1,0,0,tv_show,reality television,United States,English,7.2/10,tt0092400,44,16.0,1,CARDFIGHT!! VANGUARD
3117,Mrs. Piggle-Wiggle,1994,all,44/100,0,1,0,0,tv_show,reality television,United States,English,1.0,tt0108868,44,16.0,1,MRS. PIGGLE-WIGGLE
3118,Spoilers,2012,16+,44/100,0,1,0,0,tv_show,reality television,United States,English,5.0,tt2404125,44,16.0,1,SPOILERS
3119,S·A特优生,2008,16+,44/100,0,1,0,0,tv_show,reality television,United States,English,7.3/10,tt0092400,44,16.0,1,S·A特优生
3120,"Pinky, Elmyra & the Brain",1998,16+,44/100,0,1,0,0,tv_show,reality television,United States,English,5.8/10,tt0092400,44,16.0,1,"PINKY, ELMYRA & THE BRAIN"
3121,The Millionaire Matchmaker,2008,7+,44/100,0,1,0,0,tv_show,reality television,United States,English,1.0,tt1024167,44,7.0,1,THE MILLIONAIRE MATCHMAKER
3122,Azur Lane,2019,16+,44/100,0,1,0,0,tv_show,reality television,United States,English,6.0/10,tt0092400,44,16.0,1,AZUR LANE
3123,WWE Main Event,2012,7+,44/100,0,1,0,0,tv_show,reality television,United States,English,10.0,tt2659152,44,7.0,1,WWE MAIN EVENT
3124,House Hunters Renovation,2012,all,44/100,0,1,0,0,tv_show,reality television,United States,English,5.0,tt3519870,44,16.0,1,HOUSE HUNTERS RENOVATION
3125,The Dude Perfect Show,2016,7+,44/100,0,1,0,0,tv_show,reality television,United States,English,6.8,tt5512420,44,7.0,1,THE DUDE PERFECT SHOW
3126,Endlings,2020,7+,44/100,0,1,0,0,tv_show,science fiction television program,Canada,English,5.6,tt10267798,44,7.0,1,ENDLINGS
3127,Celebrity Wheel of Fortune,2021,7+,44/100,0,1,0,0,tv_show,reality television,United States,English,10.0,tt13438882,44,7.0,1,CELEBRITY WHEEL OF FORTUNE
3128,The Chew,2011,7+,44/100,0,1,0,0,tv_show,talk show,United States,English,8.0,tt2071236,44,7.0,1,THE CHEW
3129,The Show Must Go On: The Queen + Adam Lambert Story,2019,16+,44/100,1,1,0,0,tv_show,reality television,United States,English,7.8/10,tt0092400,44,16.0,1,THE SHOW MUST GO ON: THE QUEEN + ADAM LAMBERT STORY
3130,Return to Downton Abbey: A Grand Event,2019,16+,44/100,0,1,0,0,tv_show,reality television,United States,English,6.5/10,tt0092400,44,16.0,1,RETURN TO DOWNTON ABBEY: A GRAND EVENT
3131,D.Gray-man Hallow,2016,16+,44/100,0,1,0,0,tv_show,reality television,United States,English,7.6/10,tt0092400,44,16.0,1,D.GRAY-MAN HALLOW
3132,Ellen's Game of Games,2017,7+,44/100,0,1,0,0,tv_show,"game show, reality television, comedy television series",United States,English,1.0,tt7369770,44,7.0,1,ELLEN'S GAME OF GAMES
3133,Nina's World,2015,all,44/100,0,1,0,0,tv_show,reality television,"United States, Canada",English,10.0,tt5899102,44,16.0,1,NINA'S WORLD
3134,Charlie Rose,1991,all,44/100,0,1,0,0,tv_show,talk show,United States,English,7.5,tt0270116,44,16.0,1,CHARLIE ROSE
3135,Love in the Time of Corona,2020,16+,44/100,0,1,0,0,tv_show,romantic comedy,United States,English,1.0,tt12624862,44,16.0,1,LOVE IN THE TIME OF CORONA
3136,El Fantasma de Elena,2010,16+,43/100,0,1,0,0,tv_show,telenovela,United States,Spanish,6.9,tt1730842,43,16.0,1,EL FANTASMA DE ELENA
3137,Holly Hobbie,2018,7+,43/100,0,1,0,0,tv_show,musical film,"Canada, United States",English,10.0,tt8602408,43,7.0,1,HOLLY HOBBIE
3138,Eater's Guide to the World,2020,16+,43/100,0,1,0,0,tv_show,reality television,United States,English,6.7,tt10276462,43,16.0,1,EATER'S GUIDE TO THE WORLD
3139,Samurai Harem,2009,18+,43/100,0,1,0,0,tv_show,reality television,United States,English,6.0/10,tt0092400,43,18.0,1,SAMURAI HAREM
3140,Negima!,2005,7+,43/100,0,1,0,0,tv_show,reality television,United States,English,6.2/10,tt0092400,43,7.0,1,NEGIMA!
3141,Australia's Next Top Model,2005,16+,43/100,0,1,0,0,tv_show,reality television,Australia,English,9.0,tt0835977,43,16.0,1,AUSTRALIA'S NEXT TOP MODEL
3142,Love Connection,2017,16+,43/100,0,1,0,0,tv_show,reality television,United States,English,8.0,tt0170968,43,16.0,1,LOVE CONNECTION
3143,Forged in Fire: Beat the Judges,2020,7+,43/100,0,1,0,0,tv_show,reality television,United States,English,8.6/10,tt0092400,43,7.0,1,FORGED IN FIRE: BEAT THE JUDGES
3144,Spring Baking Championship,2015,all,43/100,0,1,0,0,tv_show,food reality television,United States,English,2.0,tt4658614,43,16.0,1,SPRING BAKING CHAMPIONSHIP
3145,Big Block SingSong,2012,all,43/100,0,1,0,0,tv_show,reality television,United States,English,10.0,tt0092400,43,16.0,1,BIG BLOCK SINGSONG
3146,Nabari no Ou,2008,16+,43/100,0,1,0,0,tv_show,reality television,United States,English,6.5/10,tt0092400,43,16.0,1,NABARI NO OU
3147,Name That Tune,2021,7+,43/100,0,1,0,0,tv_show,reality television,United States,English,4.9/10,tt0092400,43,7.0,1,NAME THAT TUNE
3148,Littlekenny,2019,16+,43/100,0,1,0,0,tv_show,reality television,United States,English,6.9/10,tt0092400,43,16.0,1,LITTLEKENNY
3149,My Super Sweet 16,2005,7+,43/100,0,1,0,0,tv_show,reality television,United States,English,1.0,tt0445890,43,7.0,1,MY SUPER SWEET 16
3150,Deadly Wives,2013,16+,43/100,0,1,0,0,tv_show,reality television,United States,English,8.4/10,tt0092400,43,16.0,1,DEADLY WIVES
3151,Kendra on Top,2012,7+,43/100,0,1,0,0,tv_show,reality television,United States,English,1.0,tt2328067,43,7.0,1,KENDRA ON TOP
3152,I Can See Your Voice,2020,7+,43/100,0,1,0,0,tv_show,game show,United States,English,6.0,tt11710130,43,7.0,1,I CAN SEE YOUR VOICE
3153,The Con,2020,16+,43/100,0,1,0,0,tv_show,reality television,United States,English,7.3/10,tt0092400,43,16.0,1,THE CON
3154,Battleground,2012,16+,43/100,0,1,0,0,tv_show,reality television,United States,English,7.8/10,tt0092400,43,16.0,1,BATTLEGROUND
3155,Hitler's Last Stand,2018,16+,43/100,0,1,0,0,tv_show,reality television,United States,English,6.3,tt8675140,43,16.0,1,HITLER'S LAST STAND
3156,Nightline,1980,7+,43/100,0,1,0,0,tv_show,reality television,New Zealand,English,5.7/10,tt0092400,43,7.0,1,NIGHTLINE
3157,Special Forces,2012,16+,43/100,0,1,1,0,tv_show,reality television,United States,English,9.0/10,tt0092400,43,16.0,1,SPECIAL FORCES
3158,Juana la virgen,2002,16+,42/100,0,1,0,0,tv_show,"telenovela, romance film",Venezuela,Spanish,5.8,tt0312151,42,16.0,1,JUANA LA VIRGEN
3159,Lost Gold of World War II,2019,7+,42/100,0,1,0,0,tv_show,reality television,United States,English,6.5/10,tt0092400,42,7.0,1,LOST GOLD OF WORLD WAR II
3160,Hayate the Combat Butler,2007,16+,42/100,0,1,0,0,tv_show,reality television,Taiwan,English,6.6,tt6420718,42,16.0,1,HAYATE THE COMBAT BUTLER
3162,"Underworld, Inc.",2015,16+,42/100,0,1,0,0,tv_show,reality television,United States,English,7.1/10,tt0092400,42,16.0,1,"UNDERWORLD, INC."
3163,When Sharks Attack,2013,16+,42/100,0,1,0,1,tv_show,reality television,United States,English,6.6/10,tt0092400,42,16.0,1,WHEN SHARKS ATTACK
3164,High School USA!,2013,18+,42/100,0,1,0,0,tv_show,reality television,United States,English,6.4/10,tt0092400,42,18.0,1,HIGH SCHOOL USA!
3165,Pooch Perfect,2021,7+,42/100,0,1,0,0,tv_show,"reality television, game show",United Kingdom,English,1.0,tt10919454,42,7.0,1,POOCH PERFECT
3166,El Mariachi,2014,16+,42/100,0,1,0,0,tv_show,thriller,United States,Spanish,7.7,tt3135476,42,16.0,1,EL MARIACHI
3167,The Mighty Ones,2020,7+,42/100,0,1,0,0,tv_show,"comedy television series, fantasy television series",United States,English,10.0,tt11714946,42,7.0,1,THE MIGHTY ONES
3168,Garo: The Animation,2014,all,42/100,0,1,0,0,tv_show,reality television,United States,English,6.7/10,tt0092400,42,16.0,1,GARO: THE ANIMATION
3169,Arms Alchemy,2006,18+,42/100,0,1,0,0,tv_show,reality television,United States,English,6.9/10,tt0092400,42,18.0,1,ARMS ALCHEMY
3170,Who Killed Jeffrey Epstein?,2020,16+,42/100,0,1,0,0,tv_show,reality television,United States,English,6.3/10,tt0092400,42,16.0,1,WHO KILLED JEFFREY EPSTEIN?
3171,Where's Waldo?,2020,all,42/100,0,1,0,0,tv_show,reality television,United States,English,7.5/10,tt0092400,42,16.0,1,WHERE'S WALDO?
3172,Mad Mad House,2004,16+,42/100,0,1,0,0,tv_show,reality television,United States,English,6.6,tt0380926,42,16.0,1,MAD MAD HOUSE
3173,Abandoned,2012,16+,42/100,0,1,1,0,tv_show,reality television,United States,English,10.0,tt0092400,42,16.0,1,ABANDONED
3174,Blade Dance of Elementalers,2014,16+,42/100,0,1,0,0,tv_show,reality television,United States,English,6.7/10,tt0092400,42,16.0,1,BLADE DANCE OF ELEMENTALERS
3175,Zou,2012,16+,42/100,0,1,0,0,tv_show,reality television,United States,English,6.9/10,tt0092400,42,16.0,1,ZOU
3176,Toddlers & Tiaras,2009,7+,42/100,0,1,0,0,tv_show,reality television,United States,English,2.0,tt1364951,42,7.0,1,TODDLERS & TIARAS
3177,Dead By Dawn,2019,16+,42/100,0,1,0,0,tv_show,reality television,United States,English,7.2/10,tt0092400,42,16.0,1,DEAD BY DAWN
3178,Girls Beyond the Wasteland,2016,16+,42/100,0,1,0,0,tv_show,reality television,United States,English,5.5/10,tt0092400,42,16.0,1,GIRLS BEYOND THE WASTELAND
3179,Gordon Ramsay's Home Cooking,2013,16+,42/100,0,1,0,0,tv_show,reality television,United Kingdom,English,8.4,tt3949700,42,16.0,1,GORDON RAMSAY'S HOME COOKING
3180,60 Days In: Narcoland,2019,16+,42/100,0,1,0,0,tv_show,reality television,United States,English,5.9/10,tt0092400,42,16.0,1,60 DAYS IN: NARCOLAND
3181,Basilisk,2005,18+,42/100,0,1,0,0,tv_show,reality television,United States,English,4.8/10,tt0092400,42,18.0,1,BASILISK
3182,Tree Fu Tom,2012,all,42/100,0,1,0,0,tv_show,"comedy television series, live action/animated television series",United Kingdom,English,4.0,tt2299207,42,16.0,1,TREE FU TOM
3183,Runaways,2012,16+,42/100,0,1,0,0,tv_show,"action television series, fantasy television series, LGBT-related television series, science fiction television program",United States,English,9.0,tt1236246,42,16.0,1,RUNAWAYS
3184,The Impostor,2014,16+,42/100,0,1,0,0,tv_show,reality television,United States,English,7.6/10,tt0092400,42,16.0,1,THE IMPOSTOR
3185,Madagascar: A Little Wild,2020,all,42/100,0,1,0,0,tv_show,reality television,United States,English,5.7/10,tt0092400,42,16.0,1,MADAGASCAR: A LITTLE WILD
3186,NY-LON,2004,18+,42/100,0,1,0,0,tv_show,drama television series,United Kingdom,English,7.0,tt0421417,42,18.0,1,NY-LON
3187,WTF Baron Davis,2019,18+,42/100,0,1,0,0,tv_show,reality television,United States,English,8.1/10,tt0092400,42,18.0,1,WTF BARON DAVIS
3188,Ancient Top 10,2016,16+,42/100,0,1,0,0,tv_show,reality television,United States,English,7.8/10,tt0092400,42,16.0,1,ANCIENT TOP 10
3189,I Am Cait,2015,16+,42/100,0,1,0,0,tv_show,"reality television series, LGBT-related television series",United States,English,3.6,tt4733278,42,16.0,1,I AM CAIT
3190,Pickle & Peanut,2015,7+,41/100,0,1,0,1,tv_show,reality television,United States,English,4.3/10,tt0092400,41,7.0,1,PICKLE & PEANUT
3191,Infinite Dendrogram,2020,16+,41/100,0,1,0,0,tv_show,reality television,United States,English,5.8/10,tt0092400,41,16.0,1,INFINITE DENDROGRAM
3192,Jamie's Quick & Easy Food,2017,all,41/100,0,1,0,0,tv_show,reality television,United Kingdom,English,8.4/10,tt0092400,41,16.0,1,JAMIE'S QUICK & EASY FOOD
3193,Aquarion,2005,18+,41/100,0,1,0,0,tv_show,reality television,United States,English,6.5/10,tt0092400,41,18.0,1,AQUARION
3194,Inside the NFL,1977,7+,41/100,0,1,0,0,tv_show,American football film,United States,English,1.0,tt0331136,41,7.0,1,INSIDE THE NFL
3195,Gensomaden Saiyuki,2000,16+,41/100,0,1,0,0,tv_show,reality television,United States,English,7.4/10,tt0092400,41,16.0,1,GENSOMADEN SAIYUKI
3196,Swiss Family Robinson,1974,7+,41/100,0,1,0,1,tv_show,television series based on a novel,Canada,English,10.0,tt0068137,41,7.0,1,SWISS FAMILY ROBINSON
3197,The Toe Bro,2019,16+,41/100,0,1,0,0,tv_show,reality television,United States,English,7.9/10,tt0092400,41,16.0,1,THE TOE BRO
3198,Anyone But Me,2009,16+,41/100,0,1,0,0,tv_show,reality television,United States,English,7.2/10,tt0092400,41,16.0,1,ANYONE BUT ME
3199,The Dating Guy,2009,18+,41/100,0,1,0,0,tv_show,reality television,Canada,English,4.0,tt1344959,41,18.0,1,THE DATING GUY
3200,Celebs Go Dating,2016,18+,41/100,0,1,0,0,tv_show,reality television,United Kingdom,English,1.0,tt5993484,41,18.0,1,CELEBS GO DATING
3201,Planet Sheen,2010,7+,41/100,0,1,0,0,tv_show,reality television,United States,English,3.0/10,tt0092400,41,7.0,1,PLANET SHEEN
3202,College Hill,2004,16+,41/100,0,1,0,0,tv_show,reality television,United States,English,5.5/10,tt0092400,41,16.0,1,COLLEGE HILL
3203,To LOVEる -とらぶる- ダークネス2nd,2012,16+,41/100,0,1,0,0,tv_show,reality television,United States,English,7.2/10,tt0092400,41,16.0,1,TO LOVEる -とらぶる- ダークネス2ND
3204,Good Morning America,1975,all,41/100,0,1,0,0,tv_show,"news program, talk show",United States,English,2.0,tt0072506,41,16.0,1,GOOD MORNING AMERICA
3205,Who Wants to Be a Millionaire,2020,16+,41/100,0,1,0,0,tv_show,game show,United States,American English,7.0,tt0211178,41,16.0,1,WHO WANTS TO BE A MILLIONAIRE
3206,Joe and Jack,2012,all,41/100,0,1,0,0,tv_show,reality television,Ireland,English,9.0,tt2734194,41,16.0,1,JOE AND JACK
3207,Kidô senshi Gandamu: The Origin I - Aoi hitomi no kyasubaru,2015,16+,40/100,0,1,0,0,tv_show,reality television,United States,English,7.6/10,tt0092400,40,16.0,1,KIDÔ SENSHI GANDAMU: THE ORIGIN I - AOI HITOMI NO KYASUBARU
3209,The Young Turks,2005,16+,40/100,0,1,1,0,tv_show,talk show,United States,English,1.0,tt1714810,40,16.0,1,THE YOUNG TURKS
3210,Home Free,2015,all,40/100,0,1,0,0,tv_show,American television sitcom,United States,English,7.6,tt0106027,40,16.0,1,HOME FREE
3211,Paradise Run,2016,all,40/100,0,1,0,0,tv_show,reality television,United States,English,8.0,tt5361346,40,16.0,1,PARADISE RUN
3212,Murder on the Internet,2017,16+,40/100,0,1,1,0,tv_show,reality television,United States,English,6.7/10,tt0092400,40,16.0,1,MURDER ON THE INTERNET
3213,A3!,2020,16+,40/100,0,1,0,0,tv_show,reality television,United States,English,6.5/10,tt0092400,40,16.0,1,A3!
3214,Game of Talents,2021,16+,40/100,0,1,0,0,tv_show,game show,United States,English,6.0,tt13629660,40,16.0,1,GAME OF TALENTS
3215,Jack Hanna's Into the Wild,2007,16+,40/100,0,1,0,0,tv_show,reality television,United States,English,8.0,tt1224033,40,16.0,1,JACK HANNA'S INTO THE WILD
3216,How It Works,2007,all,40/100,0,1,0,0,tv_show,reality television,United States,English,8.3/10,tt0092400,40,16.0,1,HOW IT WORKS
3217,ClassicaLoid,2016,16+,40/100,0,1,0,0,tv_show,reality television,United States,English,6.4/10,tt0092400,40,16.0,1,CLASSICALOID
3218,Kings of Pain,2019,16+,40/100,0,1,0,0,tv_show,reality television,United States,English,10.0,tt11091524,40,16.0,1,KINGS OF PAIN
3219,The View,1997,16+,40/100,0,1,0,0,tv_show,talk show,United States,English,2.4,tt0123366,40,16.0,1,THE VIEW
3220,The Celebrity Dating Game,2021,16+,40/100,0,1,0,0,tv_show,reality television,United States,English,10.0,tt0058795,40,16.0,1,THE CELEBRITY DATING GAME
3221,Rurangi,2020,16+,40/100,0,1,0,0,tv_show,reality television,New Zealand,English,4.0,tt11177950,40,16.0,1,RURANGI
3223,American Greed: The Fugitives,2012,16+,40/100,0,1,0,0,tv_show,reality television,United States,English,8.3/10,tt0092400,40,16.0,1,AMERICAN GREED: THE FUGITIVES
3224,Mighty Magiswords,2015,7+,40/100,0,1,0,0,tv_show,reality television,United States,English,4.9/10,tt0092400,40,7.0,1,MIGHTY MAGISWORDS
3225,The Paynes,2018,16+,40/100,0,1,0,0,tv_show,sitcom,United States,English,4.0,tt6482686,40,16.0,1,THE PAYNES
3226,Basketball Wives LA,2011,7+,40/100,0,1,0,0,tv_show,reality television,United States,English,4.1,tt2057544,40,7.0,1,BASKETBALL WIVES LA
3227,Forensic Factor,2003,18+,40/100,0,1,1,0,tv_show,television documentary,Canada,English,6.8,tt0420403,40,18.0,1,FORENSIC FACTOR
3229,The Weekly,2019,18+,40/100,0,1,0,0,tv_show,television documentary,United States,English,8.0,tt8629150,40,18.0,1,THE WEEKLY
3230,Connecting...,2020,7+,40/100,0,1,0,0,tv_show,reality television,United States,English,5.1/10,tt0092400,40,7.0,1,CONNECTING...
3231,Atlas Of Cursed Places,2020,16+,40/100,0,1,0,0,tv_show,reality television,United States,English,5.2/10,tt0092400,40,16.0,1,ATLAS OF CURSED PLACES
3232,The School That Tried to End Racism,2020,16+,40/100,0,1,0,0,tv_show,reality television,United States,English,10.0,tt0092400,40,16.0,1,THE SCHOOL THAT TRIED TO END RACISM
3233,Jim Henson Presents Mother Goose Stories,1990,all,40/100,0,1,0,0,tv_show,reality television,United States,English,8.3/10,tt0092400,40,16.0,1,JIM HENSON PRESENTS MOTHER GOOSE STORIES
3234,Side Effects,2013,16+,39/100,0,1,0,0,tv_show,reality television,United States,English,7.4/10,tt0092400,39,16.0,1,SIDE EFFECTS
3235,Rock of Love with Bret Michaels,2007,18+,39/100,0,1,0,0,tv_show,reality television,United States,English,10.0,tt0965393,39,18.0,1,ROCK OF LOVE WITH BRET MICHAELS
3236,Bajo el Mismo Cielo,2015,16+,39/100,0,1,0,0,tv_show,telenovela,United States,Spanish,7.2,tt4433296,39,16.0,1,BAJO EL MISMO CIELO
3237,American Scandals,2015,16+,39/100,0,1,0,0,tv_show,reality television,United States,English,8.3/10,tt0092400,39,16.0,1,AMERICAN SCANDALS
3238,Eva La Trailera,2017,16+,39/100,0,1,0,0,tv_show,telenovela,United States,English,7.0,tt5191206,39,16.0,1,EVA LA TRAILERA
3239,Born Behind Bars,2017,16+,39/100,0,1,0,0,tv_show,reality television,United States,English,8.1/10,tt0092400,39,16.0,1,BORN BEHIND BARS
3240,Torn from the Headlines: The New York Post Reports,2020,16+,39/100,0,1,0,0,tv_show,reality television,United States,English,7.1/10,tt0092400,39,16.0,1,TORN FROM THE HEADLINES: THE NEW YORK POST REPORTS
3241,Seven Year Switch,2015,16+,39/100,0,1,0,0,tv_show,reality television,Australia,English,4.4,tt6696750,39,16.0,1,SEVEN YEAR SWITCH
3242,Dog love,2010,7+,39/100,0,1,0,0,tv_show,reality television,United States,English,6.6/10,tt0092400,39,7.0,1,DOG LOVE
3243,The Hotwives of Las Vegas,2015,16+,39/100,0,1,0,0,tv_show,reality television,United States,English,6.6/10,tt0092400,39,16.0,1,THE HOTWIVES OF LAS VEGAS
3244,The Happy Days of Garry Marshall,2020,16+,39/100,0,1,0,0,tv_show,reality television,United States,English,8.3/10,tt0092400,39,16.0,1,THE HAPPY DAYS OF GARRY MARSHALL
3245,Driven,2020,16+,39/100,0,1,0,0,tv_show,reality television,United States,English,7.4/10,tt0092400,39,16.0,1,DRIVEN
3246,Hungry Henry,2014,16+,39/100,0,1,0,0,tv_show,"animation, children's television series",Israel,Hebrew,8.2,tt6964618,39,16.0,1,HUNGRY HENRY
3247,Mother Up!,2013,16+,39/100,0,1,0,0,tv_show,reality television,United States,English,5.0,tt3107224,39,16.0,1,MOTHER UP!
3248,Smile Down the Runway,2020,16+,39/100,0,1,0,0,tv_show,reality television,United States,English,6.8/10,tt0092400,39,16.0,1,SMILE DOWN THE RUNWAY
3249,A Day in the Life,2011,16+,39/100,0,1,0,0,tv_show,reality television,United States,English,5.9/10,tt0092400,39,16.0,1,A DAY IN THE LIFE
3250,Close Up with The Hollywood Reporter,2015,16+,39/100,0,1,0,0,tv_show,reality television,United States,English,7.2,tt4931888,39,16.0,1,CLOSE UP WITH THE HOLLYWOOD REPORTER
3251,Special 7: Special Crime Investigation Unit,2019,16+,39/100,0,1,0,0,tv_show,reality television,United States,English,6.4/10,tt0092400,39,16.0,1,SPECIAL 7: SPECIAL CRIME INVESTIGATION UNIT
3252,205 Live,2016,7+,39/100,0,1,0,0,tv_show,reality television,United States,American English,6.2,tt6286394,39,7.0,1,205 LIVE
3253,Greta Thunberg: A Year to Change the World,2021,16+,39/100,0,1,0,0,tv_show,reality television,United States,English,4.6/10,tt0092400,39,16.0,1,GRETA THUNBERG: A YEAR TO CHANGE THE WORLD
3254,Many Sides of Jane,2019,16+,39/100,0,1,0,0,tv_show,reality television,United States,English,6.1/10,tt0092400,39,16.0,1,MANY SIDES OF JANE
3255,The Riveras,2016,7+,39/100,0,1,0,0,tv_show,reality television,United States,English,10.0,tt6222252,39,7.0,1,THE RIVERAS
3256,Steve Harvey's Funderdome,2017,7+,39/100,0,1,0,0,tv_show,reality television,United States,English,9.0,tt7005048,39,7.0,1,STEVE HARVEY'S FUNDERDOME
3257,Cherries Wild,2021,16+,39/100,0,1,0,0,tv_show,game show,United States,English,1.0,tt13683120,39,16.0,1,CHERRIES WILD
3258,"Oh Jerome, No",2019,16+,39/100,0,1,0,0,tv_show,reality television,United States,English,8.0/10,tt0092400,39,16.0,1,"OH JEROME, NO"
3259,The Last Days of Phil Hartman,2019,16+,39/100,0,1,0,0,tv_show,reality television,United States,English,7.8/10,tt0092400,39,16.0,1,THE LAST DAYS OF PHIL HARTMAN
3260,Afterlost,2019,16+,39/100,0,1,0,0,tv_show,reality television,United States,English,5.2/10,tt0092400,39,16.0,1,AFTERLOST
3261,VICE Investigates,2019,18+,39/100,0,1,0,0,tv_show,reality television,United States,English,6.8/10,tt0092400,39,18.0,1,VICE INVESTIGATES
3262,Struggle Meals,2017,16+,38/100,0,1,0,0,tv_show,reality television,United States,English,10.0,tt0092400,38,16.0,1,STRUGGLE MEALS
3263,Zorro the Chronicles,2015,all,38/100,0,1,0,0,tv_show,reality television,United States,English,7.3/10,tt0092400,38,16.0,1,ZORRO THE CHRONICLES
3264,Truth & Iliza,2017,7+,38/100,0,1,0,0,tv_show,"late-night talk show, news satire",United States,English,5.5/10,tt0092400,38,7.0,1,TRUTH & ILIZA
3265,Life of Kylie,2017,16+,38/100,0,1,0,0,tv_show,reality television,United States,English,2.0,tt6772826,38,16.0,1,LIFE OF KYLIE
3266,WWE Superstars,2009,7+,38/100,0,1,0,0,tv_show,"sports entertainment, professional wrestling",United States,American English,3.0,tt1401882,38,7.0,1,WWE SUPERSTARS
3267,Worst Bakers in America,2016,16+,38/100,0,1,0,0,tv_show,reality television,United States,English,1.0,tt6117020,38,16.0,1,WORST BAKERS IN AMERICA
3268,Showtime at the Apollo,1987,all,38/100,0,1,0,0,tv_show,reality television,United States,English,6.7,tt0240272,38,16.0,1,SHOWTIME AT THE APOLLO
3269,Nightcap,2016,7+,38/100,0,1,0,0,tv_show,reality television,United States,English,5.0/10,tt0092400,38,7.0,1,NIGHTCAP
3270,After School Dice Club,2019,16+,38/100,0,1,0,0,tv_show,reality television,United States,English,6.6/10,tt0092400,38,16.0,1,AFTER SCHOOL DICE CLUB
3271,Up to Speed,2012,16+,38/100,0,1,0,0,tv_show,reality television,United States,English,2.0,tt2188577,38,16.0,1,UP TO SPEED
3272,Spartan: Ultimate Team Challenge,2016,7+,38/100,0,1,0,0,tv_show,reality television,United States,English,5.9,tt5809140,38,7.0,1,SPARTAN: ULTIMATE TEAM CHALLENGE
3273,The Wildlife Docs,2013,all,38/100,0,1,0,0,tv_show,reality television,United States,English,8.1,tt3468670,38,16.0,1,THE WILDLIFE DOCS
3274,Behind Closed Doors,2011,16+,38/100,0,1,1,0,tv_show,reality television,United States,English,7.2/10,tt0092400,38,16.0,1,BEHIND CLOSED DOORS
3275,Open Door,2019,16+,38/100,0,1,0,0,tv_show,reality television,United States,English,6.5/10,tt0092400,38,16.0,1,OPEN DOOR
3276,Dot.,2016,all,38/100,0,1,0,0,tv_show,reality television,United States,English,7.1/10,tt0092400,38,16.0,1,DOT.
3277,Dead Again,2014,16+,38/100,0,1,0,0,tv_show,reality television,United States,English,7.4/10,tt0092400,38,16.0,1,DEAD AGAIN
3278,Supernoobs,2015,7+,38/100,0,1,0,0,tv_show,reality television,United States,English,3.6/10,tt0092400,38,7.0,1,SUPERNOOBS
3279,Phenoms,2018,7+,38/100,0,1,0,0,tv_show,reality television,United States,English,7.4/10,tt0092400,38,7.0,1,PHENOMS
3280,The Burger Show,2018,16+,38/100,0,1,0,0,tv_show,reality television,United States,English,7.7/10,tt0092400,38,16.0,1,THE BURGER SHOW
3281,Anderson Cooper 360°,2003,16+,38/100,0,1,0,0,tv_show,reality television,United States,English,4.9/10,tt0092400,38,16.0,1,ANDERSON COOPER 360°
3282,The Proposal,2018,16+,38/100,0,1,0,0,tv_show,reality television,United States,English,1.9/10,tt0092400,38,16.0,1,THE PROPOSAL
3283,Behind the Mask,2013,16+,38/100,0,1,0,0,tv_show,reality television,United States,English,7.4/10,tt0092400,38,16.0,1,BEHIND THE MASK
3284,Bloomberg Game Changers,2010,16+,38/100,0,1,0,0,tv_show,reality television,United States,English,7.8/10,tt0092400,38,16.0,1,BLOOMBERG GAME CHANGERS
3285,Glam Masters,2018,16+,38/100,0,1,0,0,tv_show,reality television,United States,English,4.5/10,tt0092400,38,16.0,1,GLAM MASTERS
3286,Sorcerous Stabber Orphen,2020,16+,37/100,0,1,0,0,tv_show,reality television,United States,English,5.7/10,tt0092400,37,16.0,1,SORCEROUS STABBER ORPHEN
3287,Future-Worm!,2016,7+,37/100,0,1,0,1,tv_show,reality television,United States,English,5.2/10,tt0092400,37,7.0,1,FUTURE-WORM!
3288,Get Ace,2014,all,37/100,0,1,0,0,tv_show,reality television,United States,English,7.5/10,tt0092400,37,16.0,1,GET ACE
3289,The Masked Dancer,2020,7+,37/100,0,1,0,0,tv_show,reality television,United States,English,1.0,tt11646232,37,7.0,1,THE MASKED DANCER
3290,This Week,1981,7+,37/100,0,1,0,0,tv_show,reality television,United Kingdom,English,1.0,tt0294205,37,7.0,1,THIS WEEK
3291,BEM,2019,16+,37/100,0,1,0,0,tv_show,reality television,United States,English,6.0/10,tt0092400,37,16.0,1,BEM
3292,Mix: Meisei Story,2019,7+,37/100,0,1,0,0,tv_show,reality television,United States,English,7.5/10,tt0092400,37,7.0,1,MIX: MEISEI STORY
3293,Dreamland,2014,16+,37/100,0,1,0,0,tv_show,reality television,United States,English,5.1/10,tt0092400,37,16.0,1,DREAMLAND
3294,Monster Fish,2009,16+,37/100,0,1,0,0,tv_show,reality television,United States,English,6.7/10,tt0092400,37,16.0,1,MONSTER FISH
3295,ABC World News,1953,16+,36/100,0,1,0,0,tv_show,news broadcasting,United States,English,5.1,tt0450205,36,16.0,1,ABC WORLD NEWS
3296,Dies Irae,2017,18+,36/100,0,1,0,0,tv_show,reality television,United States,English,4.7/10,tt0092400,36,18.0,1,DIES IRAE
3297,O.J. Simpson: The Lost Confession?,2018,16+,36/100,0,1,0,0,tv_show,reality television,United States,English,6.7/10,tt0092400,36,16.0,1,O.J. SIMPSON: THE LOST CONFESSION?
3298,Daisy of Love,2009,16+,36/100,0,1,0,0,tv_show,reality television,United States,English,4.6,tt1429439,36,16.0,1,DAISY OF LOVE
3299,Sydney Sailboat,2015,16+,36/100,0,1,0,0,tv_show,reality television,United States,English,8.0/10,tt0092400,36,16.0,1,SYDNEY SAILBOAT
3300,Zero Punctuation,2014,16+,36/100,0,1,0,0,tv_show,reality television,Australia,English,9.0,tt2793136,36,16.0,1,ZERO PUNCTUATION
3301,LA Story,2014,16+,36/100,0,1,0,0,tv_show,reality television,United States,English,7.2/10,tt0092400,36,16.0,1,LA STORY
3302,"Bad Habits, Holy Orders",2017,16+,36/100,0,1,0,0,tv_show,reality television,United Kingdom,English,8.0,tt7494116,36,16.0,1,"BAD HABITS, HOLY ORDERS"
3303,Woman,2016,18+,36/100,0,1,0,0,tv_show,reality television,United States,English,7.3/10,tt0092400,36,18.0,1,WOMAN
3304,Dinner with Dad,2017,16+,36/100,0,1,0,0,tv_show,reality television,United States,English,10.0,tt0092400,36,16.0,1,DINNER WITH DAD
3305,A Little Late with Lilly Singh,2019,16+,36/100,0,1,0,0,tv_show,reality television,United States,English,1.0,tt10023178,36,16.0,1,A LITTLE LATE WITH LILLY SINGH
3306,The Posh Frock Shop,2018,16+,36/100,0,1,0,0,tv_show,reality television,United States,English,8.4/10,tt0092400,36,16.0,1,THE POSH FROCK SHOP
3307,WWE En Español,2012,7+,36/100,0,1,0,0,tv_show,reality television,United States,English,8.1/10,tt0092400,36,7.0,1,WWE EN ESPAÑOL
3308,CNBC Originals,2003,16+,36/100,0,1,0,0,tv_show,reality television,United States,English,10.0,tt0092400,36,16.0,1,CNBC ORIGINALS
3309,Hot Package,2013,18+,36/100,0,1,0,0,tv_show,reality television,United States,English,7.0,tt1781834,36,18.0,1,HOT PACKAGE
3310,The Untold Story,2019,16+,36/100,0,1,0,0,tv_show,reality television,United States,English,7.2/10,tt0092400,36,16.0,1,THE UNTOLD STORY
3311,With All Due Respect,2014,16+,36/100,0,1,0,0,tv_show,reality television,United States,English,8.2,tt5530626,36,16.0,1,WITH ALL DUE RESPECT
3312,Tulli,2011,16+,36/100,0,1,0,0,tv_show,reality television,United States,English,5.9/10,tt0092400,36,16.0,1,TULLI
3313,Dama y Obrero,2013,16+,36/100,0,1,0,0,tv_show,telenovela,United States,Spanish,7.5,tt2968124,36,16.0,1,DAMA Y OBRERO
3314,Mickey's 90th Spectacular,2018,7+,36/100,0,1,0,0,tv_show,reality television,United States,English,7.1/10,tt0092400,36,7.0,1,MICKEY'S 90TH SPECTACULAR
3315,Ellen's Greatest Night of Giveaways,2019,7+,35/100,0,1,0,0,tv_show,reality television,United States,English,4.5/10,tt0092400,35,7.0,1,ELLEN'S GREATEST NIGHT OF GIVEAWAYS
3316,The Grill Dads,2017,7+,35/100,0,1,0,0,tv_show,reality television,United States,English,7.6/10,tt0092400,35,7.0,1,THE GRILL DADS
3317,Package Deal,2013,16+,35/100,0,1,0,0,tv_show,reality television,Canada,English,3.0,tt2559390,35,16.0,1,PACKAGE DEAL
3318,New York Goes to Work,2009,16+,35/100,0,1,1,0,tv_show,reality television,United States,English,5.3,tt1429423,35,16.0,1,NEW YORK GOES TO WORK
3319,Nostradamus Effect,2009,16+,35/100,0,1,0,0,tv_show,reality television,United States,English,5.2,tt1498094,35,16.0,1,NOSTRADAMUS EFFECT
3320,RocketJump: The Show,2015,16+,35/100,0,1,0,0,tv_show,reality television,United States,English,7.2/10,tt0092400,35,16.0,1,ROCKETJUMP: THE SHOW
3321,Missing,2010,16+,35/100,0,1,1,0,tv_show,reality television,United States,English,7.3/10,tt0092400,35,16.0,1,MISSING
3322,Countdown to UFC,2010,16+,35/100,0,1,0,0,tv_show,reality television,United States,English,7.9,tt3137940,35,16.0,1,COUNTDOWN TO UFC
3323,For & Against,2012,16+,35/100,0,1,0,0,tv_show,"LGBT-related film, LGBT-related television series",United States,English,10.0,tt2216575,35,16.0,1,FOR & AGAINST
3324,UFC Main Event,2007,16+,35/100,0,1,0,0,tv_show,reality television,United States,English,10.0,tt0092400,35,16.0,1,UFC MAIN EVENT
3325,NASA X,2012,16+,35/100,0,1,0,0,tv_show,documentary film,United States,English,10.0,tt4319084,35,16.0,1,NASA X
3326,Finding the Next,2016,16+,35/100,0,1,0,0,tv_show,reality television,United States,English,10.0,tt0092400,35,16.0,1,FINDING THE NEXT
3327,Just Josh,2011,18+,35/100,0,1,0,0,tv_show,"LGBT-related film, LGBT-related television series",United States,English,10.0,tt1830039,35,18.0,1,JUST JOSH
3328,Baldwin Hills,2007,16+,35/100,0,1,0,0,tv_show,reality television,United States,English,4.7,tt1068898,35,16.0,1,BALDWIN HILLS
3329,Vegimer,2015,16+,35/100,0,1,0,0,tv_show,reality television,United States,English,10.0,tt0092400,35,16.0,1,VEGIMER
3330,Nerds and Monsters,2013,16+,35/100,0,1,0,0,tv_show,reality television,United States,English,4.8/10,tt0092400,35,16.0,1,NERDS AND MONSTERS
3331,Doozers,2014,all,34/100,0,1,0,0,tv_show,"fantasy television series, adventure television series, comedy television series, musical","United Kingdom, United States, Canada",English,7.9,tt0085017,34,16.0,1,DOOZERS
3332,Terrific Trucks,2016,all,34/100,0,1,0,0,tv_show,reality television,United States,English,5.7/10,tt0092400,34,16.0,1,TERRIFIC TRUCKS
3333,The Bravest Knight,2019,7+,34/100,0,1,0,0,tv_show,reality television,United States,English,6.4/10,tt0092400,34,7.0,1,THE BRAVEST KNIGHT
3334,Chiro and Friends,2007,16+,34/100,0,1,0,0,tv_show,reality television,United States,English,7.5,tt6959490,34,16.0,1,CHIRO AND FRIENDS
3335,UFC Unleashed,2007,16+,34/100,0,1,0,0,tv_show,reality television,United States,English,10.0,tt0487858,34,16.0,1,UFC UNLEASHED
3336,Dress to Impress,2017,16+,34/100,0,1,0,0,tv_show,reality television,United States,English,6.0/10,tt0092400,34,16.0,1,DRESS TO IMPRESS
3338,Star Wars Galaxy's Edge: Adventure Awaits,2019,16+,34/100,0,1,0,0,tv_show,reality television,United States,English,5.4/10,tt0092400,34,16.0,1,STAR WARS GALAXY'S EDGE: ADVENTURE AWAITS
3339,Fujiko,2015,16+,34/100,0,1,0,0,tv_show,reality television,United States,English,8.4/10,tt0092400,34,16.0,1,FUJIKO
3340,Buried secrets of World War II,2019,16+,34/100,0,1,0,0,tv_show,reality television,United States,English,7.2/10,tt0092400,34,16.0,1,BURIED SECRETS OF WORLD WAR II
3341,Strahan & Sara,2019,16+,34/100,0,1,0,0,tv_show,reality television,United States,English,3.3/10,tt0092400,34,16.0,1,STRAHAN & SARA
3342,Big Bugs Band,2011,16+,34/100,0,1,0,0,tv_show,reality television,United States,English,7.5/10,tt0092400,34,16.0,1,BIG BUGS BAND
3343,Cuomo Prime Time,2017,16+,33/100,0,1,0,0,tv_show,reality television,United States,English,9.0,tt7317360,33,16.0,1,CUOMO PRIME TIME
3344,Redacted Tonight,2014,16+,33/100,0,1,0,0,tv_show,reality television,United States,English,8.1/10,tt0092400,33,16.0,1,REDACTED TONIGHT
3345,Egg Birds,2014,16+,33/100,0,1,0,0,tv_show,reality television,United States,English,10.0,tt0092400,33,16.0,1,EGG BIRDS
3346,Activate: The Global Citizen Movement,2019,16+,33/100,0,1,0,0,tv_show,reality television,United States,English,5.3/10,tt0092400,33,16.0,1,ACTIVATE: THE GLOBAL CITIZEN MOVEMENT
3347,Larry King Now,2013,16+,33/100,0,1,0,0,tv_show,reality television,United States,English,5.5,tt2322438,33,16.0,1,LARRY KING NOW
3348,Sneaker Shopping,2014,16+,33/100,0,1,0,0,tv_show,reality television,United States,English,7.6/10,tt0092400,33,16.0,1,SNEAKER SHOPPING
3349,Fox News Sunday,1996,16+,33/100,0,1,0,0,tv_show,news program,United States,English,1.0,tt0426347,33,16.0,1,FOX NEWS SUNDAY
3350,Vets Saving Pets,2018,16+,33/100,0,1,0,0,tv_show,reality television,United States,English,7.8/10,tt0092400,33,16.0,1,VETS SAVING PETS
3351,Sean in the Wild,2017,16+,33/100,0,1,0,0,tv_show,reality television,United States,English,7.5/10,tt0092400,33,16.0,1,SEAN IN THE WILD
3352,Last Call with Carson Daly,2002,16+,33/100,0,1,0,0,tv_show,reality television,United States,English,1.0,tt0305056,33,16.0,1,LAST CALL WITH CARSON DALY
3353,THE REFLECTION,2017,18+,33/100,0,1,0,0,tv_show,reality television,United States,English,6.1/10,tt0092400,33,18.0,1,THE REFLECTION
3354,Dish Nation,2011,7+,33/100,0,1,0,0,tv_show,news magazine,United States,English,1.0,tt1973047,33,7.0,1,DISH NATION
3355,Rudy Maxa's World,2008,all,33/100,0,1,0,0,tv_show,reality television,United States,English,7.2/10,tt0092400,33,16.0,1,RUDY MAXA'S WORLD
3356,Stick with Mick,2011,16+,32/100,0,1,0,0,tv_show,reality television,United States,English,6.1/10,tt0092400,32,16.0,1,STICK WITH MICK
3357,Chiquis 'n Control,2012,16+,32/100,0,1,0,0,tv_show,reality television,United States,English,8.4/10,tt0092400,32,16.0,1,CHIQUIS 'N CONTROL
3358,Fill in the Prank,2017,16+,32/100,0,1,0,0,tv_show,reality television,United States,English,6.2/10,tt0092400,32,16.0,1,FILL IN THE PRANK
3359,Pressure Cook,2007,16+,32/100,0,1,0,0,tv_show,reality television,United States,English,7.3/10,tt0092400,32,16.0,1,PRESSURE COOK
3360,Man vs. Master: Chef Battle,2019,16+,32/100,0,1,0,0,tv_show,reality television,United States,English,7.5/10,tt0092400,32,16.0,1,MAN VS. MASTER: CHEF BATTLE
3361,Great Chocolate Showdown,2020,16+,32/100,0,1,0,0,tv_show,reality television,Canada,English,6.6/10,tt0092400,32,16.0,1,GREAT CHOCOLATE SHOWDOWN
3362,Utawarerumono: The False Faces,2015,16+,32/100,0,1,0,0,tv_show,reality television,United States,English,6.8/10,tt0092400,32,16.0,1,UTAWARERUMONO: THE FALSE FACES
3363,Go Eco,2014,16+,32/100,0,1,0,0,tv_show,reality television,United States,English,10.0,tt0092400,32,16.0,1,GO ECO
3364,UFC Fight Flashback,2014,16+,31/100,0,1,0,0,tv_show,reality television,United States,English,7.8/10,tt0092400,31,16.0,1,UFC FIGHT FLASHBACK
3365,Los Cowboys,2015,16+,31/100,0,1,0,0,tv_show,reality television,United States,English,8.8/10,tt0092400,31,16.0,1,LOS COWBOYS
3366,CNBC Titans,2010,all,31/100,0,1,0,0,tv_show,reality television,United States,English,8.2,tt1829880,31,16.0,1,CNBC TITANS
3367,Day of Gluttony,2014,16+,31/100,0,1,0,0,tv_show,reality television,United States,English,7.6/10,tt0092400,31,16.0,1,DAY OF GLUTTONY
3368,Make This Tonight,2020,16+,31/100,0,1,0,0,tv_show,reality television,United States,English,10.0,tt0092400,31,16.0,1,MAKE THIS TONIGHT
3369,Destiny,2014,16+,31/100,1,1,0,0,tv_show,reality television,Philippines,English,6.0,tt6884318,31,16.0,1,DESTINY
3370,Survival School,2008,16+,31/100,0,1,0,0,tv_show,reality television,United States,English,7.3/10,tt0092400,31,16.0,1,SURVIVAL SCHOOL
3371,LittleBabyBum,2011,16+,31/100,0,1,0,0,tv_show,reality television,United States,English,9.0/10,tt0092400,31,16.0,1,LITTLEBABYBUM
3372,Noches con Platanito,2013,16+,31/100,0,1,0,0,tv_show,reality television,United States,"Spanish, English",5.3,tt4941556,31,16.0,1,NOCHES CON PLATANITO
3373,Beyond the Headlines: The College Admissions Scandal with Gretchen Carlson,2019,16+,31/100,0,1,0,0,tv_show,reality television,United States,English,5.4/10,tt0092400,31,16.0,1,BEYOND THE HEADLINES: THE COLLEGE ADMISSIONS SCANDAL WITH GRETCHEN CARLSON
3374,La Diosa Coronada,2010,7+,31/100,0,1,0,0,tv_show,telenovela,Colombia,Spanish,7.0,tt1731860,31,7.0,1,LA DIOSA CORONADA
3375,HobbyKids Adventures,2019,16+,31/100,0,1,0,0,tv_show,reality television,United States,English,1.0,tt10139982,31,16.0,1,HOBBYKIDS ADVENTURES
3376,Night Guard,2015,18+,31/100,0,1,0,0,tv_show,reality television,United States,English,8.0/10,tt0092400,31,18.0,1,NIGHT GUARD
3377,Top 30,2017,16+,30/100,0,1,0,0,tv_show,reality television,United States,English,6.2/10,tt0092400,30,16.0,1,TOP 30
3378,Consumer 101,2018,all,30/100,0,1,0,0,tv_show,reality television,United States,English,4.5/10,tt0092400,30,16.0,1,CONSUMER 101
3379,Page Six TV,2017,7+,30/100,0,1,0,0,tv_show,reality television,United States,English,9.0,tt7395798,30,7.0,1,PAGE SIX TV
3380,Best of BabyTV,2015,16+,30/100,0,1,0,0,tv_show,reality television,United States,English,10.0,tt0092400,30,16.0,1,BEST OF BABYTV
3381,Holiday Magic,2017,16+,30/100,0,1,0,1,tv_show,reality television,United States,English,7.0/10,tt0092400,30,16.0,1,HOLIDAY MAGIC
3382,The Little Rascals Classics,1931,16+,30/100,0,1,0,0,tv_show,reality television,United States,English,10.0,tt0092400,30,16.0,1,THE LITTLE RASCALS CLASSICS
3383,Paint Me a Story,2014,16+,30/100,0,1,0,0,tv_show,reality television,United States,English,10.0,tt0092400,30,16.0,1,PAINT ME A STORY
3384,Tiny Beats,2013,16+,29/100,0,1,0,0,tv_show,reality television,United States,English,10.0,tt0092400,29,16.0,1,TINY BEATS
3385,Grey's Anatomy: B-Team,2018,16+,29/100,0,1,0,0,tv_show,reality television,United States,English,10.0,tt0092400,29,16.0,1,GREY'S ANATOMY: B-TEAM
3386,Corazón Valiente,2017,16+,29/100,0,1,0,0,tv_show,"drama television series, melodrama, romance television series, romantic thriller",United States,"Spanish, English",8.0,tt2227061,29,16.0,1,CORAZÓN VALIENTE
3387,We Day 2017,2017,16+,29/100,0,1,0,0,tv_show,reality television,United States,English,5.5/10,tt0092400,29,16.0,1,WE DAY 2017
3388,En La Boca Del Lobo,2014,16+,29/100,0,1,0,0,tv_show,telenovela,Colombia,Spanish,8.7,tt4116480,29,16.0,1,EN LA BOCA DEL LOBO
3389,ABC News Specials,2010,16+,29/100,0,1,0,0,tv_show,reality television,United States,English,4.8/10,tt0092400,29,16.0,1,ABC NEWS SPECIALS
3390,Fields of Glory,2004,16+,29/100,0,1,0,0,tv_show,reality television,United States,English,5.8/10,tt0092400,29,16.0,1,FIELDS OF GLORY
3391,Kids Halloween Baking Championship,2016,16+,29/100,0,1,0,0,tv_show,reality television,United States,English,5.8/10,tt0092400,29,16.0,1,KIDS HALLOWEEN BAKING CHAMPIONSHIP
3392,Los Caballeros Las Prefieren Brutas,2011,16+,28/100,0,1,0,0,tv_show,reality television,Colombia,English,1.0,tt1615325,28,16.0,1,LOS CABALLEROS LAS PREFIEREN BRUTAS
3393,The Alec Baldwin Show,2018,16+,28/100,0,1,0,0,tv_show,reality television,United States,English,2.0,tt8072678,28,16.0,1,THE ALEC BALDWIN SHOW
3394,Utano Princesama Revolutions,2015,16+,28/100,0,1,0,0,tv_show,reality television,United States,English,4.2/10,tt0092400,28,16.0,1,UTANO PRINCESAMA REVOLUTIONS
3395,Bobby Flay's Barbecue Addiction,2011,7+,28/100,0,1,0,0,tv_show,reality television,United States,English,6.8,tt1974228,28,7.0,1,BOBBY FLAY'S BARBECUE ADDICTION
3396,Videofashion! News,2006,16+,28/100,0,1,1,0,tv_show,reality television,United States,English,6.3/10,tt0092400,28,16.0,1,VIDEOFASHION! NEWS
3397,Behind the Bar,2011,16+,28/100,0,1,0,0,tv_show,reality television,United States,English,4.4/10,tt0092400,28,16.0,1,BEHIND THE BAR
3398,NASA 360,2008,all,28/100,0,1,0,0,tv_show,science podcast,United States,English,8.4,tt1327783,28,16.0,1,NASA 360
3399,Jammers,2011,16+,28/100,0,1,0,0,tv_show,reality television,United States,English,10.0,tt0092400,28,16.0,1,JAMMERS
3400,Four of a Kind,2011,16+,28/100,0,1,0,0,tv_show,reality television,United States,English,5.8,tt1859792,28,16.0,1,FOUR OF A KIND
3401,The Making of Frozen: A Return to Arendelle,2016,16+,27/100,0,1,0,0,tv_show,reality television,United States,English,7.1/10,tt0092400,27,16.0,1,THE MAKING OF FROZEN: A RETURN TO ARENDELLE
3402,Hot Gay Comics,2008,18+,27/100,0,1,0,0,tv_show,reality television,United States,English,3.8/10,tt0092400,27,18.0,1,HOT GAY COMICS
3403,Amar y Temer,2011,16+,26/100,0,1,0,0,tv_show,telenovela,Colombia,Spanish,8.6,tt1895656,26,16.0,1,AMAR Y TEMER
3404,Hysterical,2021,16+,26/100,0,1,0,0,tv_show,reality television,United States,English,10.0,tt0092400,26,16.0,1,HYSTERICAL
3405,Walter and Dude,2012,16+,26/100,0,1,0,0,tv_show,reality television,United States,English,10.0,tt0092400,26,16.0,1,WALTER AND DUDE
3406,Songs & Rhymes,2012,16+,26/100,0,1,0,0,tv_show,reality television,United States,English,10.0,tt0092400,26,16.0,1,SONGS & RHYMES
3407,She's Living for This,2012,18+,26/100,0,1,0,0,tv_show,"LGBT-related film, LGBT-related television series",United States,English,5.9,tt2272627,26,18.0,1,SHE'S LIVING FOR THIS
3408,Pim & Pimba,2011,16+,26/100,0,1,0,0,tv_show,reality television,United States,English,10.0,tt0092400,26,16.0,1,PIM & PIMBA
3409,Gordon Ramsay's American Road trip,2021,16+,26/100,0,1,0,0,tv_show,reality television,United States,English,10.0,tt0092400,26,16.0,1,GORDON RAMSAY'S AMERICAN ROAD TRIP
3411,Charlie & the Numbers,2011,16+,25/100,0,1,0,0,tv_show,reality television,United States,English,10.0,tt0092400,25,16.0,1,CHARLIE & THE NUMBERS
3412,AwesomenessTV,2013,7+,25/100,0,1,0,0,tv_show,"reality television, sketch comedy",United States,English,1.0,tt3100634,25,7.0,1,AWESOMENESSTV
3413,On the Run Eating,2018,7+,25/100,0,1,0,0,tv_show,reality television,United States,English,10.0,tt0092400,25,7.0,1,ON THE RUN EATING
3414,Crafty Rafty,2014,16+,25/100,0,1,0,0,tv_show,reality television,United States,English,10.0,tt0092400,25,16.0,1,CRAFTY RAFTY
3415,Counting On,2015,16+,25/100,0,1,0,0,tv_show,reality television,United States,English,2.0,tt5402696,25,16.0,1,COUNTING ON
3416,Los Beltrán,1999,16+,25/100,0,1,0,0,tv_show,LGBT-related television series,United States,Spanish,8.7,tt0256546,25,16.0,1,LOS BELTRÁN
3417,Modd Couples,2015,18+,24/100,0,1,0,0,tv_show,reality television,United States,English,5.3/10,tt0092400,24,18.0,1,MODD COUPLES
3418,Draco,2011,16+,24/100,0,1,0,0,tv_show,reality television,United States,English,10.0,tt0092400,24,16.0,1,DRACO
3419,Tricky Tracks,2012,16+,23/100,0,1,0,0,tv_show,reality television,United States,English,10.0,tt0092400,23,16.0,1,TRICKY TRACKS
3420,Oliver Discovers,2014,16+,23/100,0,1,0,0,tv_show,reality television,United States,English,10.0,tt0092400,23,16.0,1,OLIVER DISCOVERS
3421,Kenny & Goorie,2011,16+,23/100,0,1,0,0,tv_show,reality television,United States,English,10.0,tt0092400,23,16.0,1,KENNY & GOORIE
3422,In the Giggle Park,2014,16+,23/100,0,1,0,0,tv_show,reality television,United States,English,10.0,tt0092400,23,16.0,1,IN THE GIGGLE PARK
3423,Concertino,2011,16+,23/100,0,1,0,0,tv_show,reality television,United States,English,10.0,tt0092400,23,16.0,1,CONCERTINO
3424,Pitch & Potch,2014,16+,22/100,0,1,0,0,tv_show,reality television,United States,English,10.0,tt0092400,22,16.0,1,PITCH & POTCH
3425,ABC Primetime Nightline,2011,16+,22/100,0,1,0,0,tv_show,reality television,United States,English,10.0,tt0092400,22,16.0,1,ABC PRIMETIME NIGHTLINE
3426,Hippa Hey,2011,16+,22/100,0,1,0,0,tv_show,reality television,United States,English,10.0,tt0092400,22,16.0,1,HIPPA HEY
3427,Absolutely Ascot,2018,16+,22/100,0,1,0,0,tv_show,reality television,United States,English,10.0,tt0092400,22,16.0,1,ABSOLUTELY ASCOT
3428,Cuddlies,2011,16+,22/100,0,1,0,0,tv_show,children's television series,United States,English,1.0,tt6964616,22,16.0,1,CUDDLIES
3429,"Tengo Talento, Mucho Talento",2012,16+,22/100,0,1,0,0,tv_show,reality television,United States,English,10.0,tt0092400,22,16.0,1,"TENGO TALENTO, MUCHO TALENTO"
3430,Lo Que Callamos Las Mujeres,2012,16+,21/100,0,1,0,0,tv_show,anthology series,Mexico,English,8.0,tt0283755,21,16.0,1,LO QUE CALLAMOS LAS MUJERES
3431,Grey's Anatomy: Post-Op,2017,16+,21/100,0,1,0,0,tv_show,reality television,United States,English,10.0,tt0092400,21,16.0,1,GREY'S ANATOMY: POST-OP
3432,Unusual Suspects: Deadly Intent,2017,16+,21/100,0,1,0,0,tv_show,reality television,United States,English,7.6,tt16636174,21,16.0,1,UNUSUAL SUSPECTS: DEADLY INTENT
3433,Bride and Prejudice: Forbidden Love,2020,16+,21/100,0,1,0,0,tv_show,reality television,United States,English,10.0,tt0092400,21,16.0,1,BRIDE AND PREJUDICE: FORBIDDEN LOVE
3434,Impact Wrestling,2006,16+,21/100,0,1,0,0,tv_show,"sports entertainment, sports television program",United States,English,8.0,tt0421463,21,16.0,1,IMPACT WRESTLING
3435,Bath & Bed,2011,16+,21/100,0,1,0,0,tv_show,reality television,United States,English,10.0,tt0092400,21,16.0,1,BATH & BED
3436,South Park en Español,1997,16+,21/100,0,1,0,0,tv_show,reality television,United States,English,10.0,tt0092400,21,16.0,1,SOUTH PARK EN ESPAÑOL
3437,Savage Kingdom,2016,16+,21/100,0,1,0,0,tv_show,reality television,United States,English,10.0,tt0092400,21,16.0,1,SAVAGE KINGDOM
3438,Taraji and Terrence's White Hot Holidays,2015,16+,20/100,0,1,0,0,tv_show,reality television,United States,English,10.0,tt0092400,20,16.0,1,TARAJI AND TERRENCE'S WHITE HOT HOLIDAYS
3439,Wilderness Vet,2016,16+,20/100,0,1,0,0,tv_show,reality television,United States,English,10.0,tt0092400,20,16.0,1,WILDERNESS VET
3440,What's New With Hulu,2019,16+,20/100,0,1,0,0,tv_show,reality television,United States,English,10.0,tt0092400,20,16.0,1,WHAT'S NEW WITH HULU
3441,Mr. Snail,2014,16+,20/100,0,1,0,0,tv_show,reality television,United States,English,10.0,tt0092400,20,16.0,1,MR. SNAIL
3442,Play Time,2008,16+,20/100,0,1,0,0,tv_show,reality television,United States,English,10.0,tt0092400,20,16.0,1,PLAY TIME
3443,Rosaline,2016,16+,19/100,0,1,0,0,tv_show,reality television,United States,English,10.0,tt0092400,19,16.0,1,ROSALINE
3444,Drag Me,2020,16+,19/100,0,1,0,0,tv_show,reality television,Brazil,English,7.1,tt7667398,19,16.0,1,DRAG ME
3445,WildWoods,2017,16+,19/100,0,1,0,0,tv_show,reality television,United States,English,10.0,tt0092400,19,16.0,1,WILDWOODS
3446,The Shirley Temple Collection,1960,16+,19/100,0,1,0,0,tv_show,reality television,United States,English,10.0,tt0092400,19,16.0,1,THE SHIRLEY TEMPLE COLLECTION
3447,31 Nights of Halloween Fan Fest,2019,16+,19/100,0,1,0,0,tv_show,reality television,United States,English,10.0,tt0092400,19,16.0,1,31 NIGHTS OF HALLOWEEN FAN FEST
3448,Flip and Flash,2014,16+,19/100,0,1,0,0,tv_show,reality television,United States,English,10.0,tt0092400,19,16.0,1,FLIP AND FLASH
3449,Sad Hot Girls,2017,16+,19/100,0,1,0,0,tv_show,reality television,United States,English,10.0,tt0092400,19,16.0,1,SAD HOT GIRLS
3450,5 Levels,2017,16+,19/100,0,1,0,0,tv_show,reality television,United States,English,10.0,tt0092400,19,16.0,1,5 LEVELS
3451,WIRED's Autocomplete Interviews,2016,16+,19/100,0,1,1,0,tv_show,reality television,United States,English,10.0,tt0092400,19,16.0,1,WIRED'S AUTOCOMPLETE INTERVIEWS
3452,Tinder Takeover,2016,16+,19/100,0,1,0,0,tv_show,reality television,United States,English,10.0,tt0092400,19,16.0,1,TINDER TAKEOVER
3453,Superstructures: Engineering Marvels,2019,16+,18/100,0,1,0,0,tv_show,reality television,United States,English,7.4,tt11439910,18,16.0,1,SUPERSTRUCTURES: ENGINEERING MARVELS
3454,Ryan's World Specials presented by pocket.watch,2019,16+,18/100,0,1,0,0,tv_show,reality television,United States,English,10.0,tt0092400,18,16.0,1,RYAN'S WORLD SPECIALS PRESENTED BY POCKET.WATCH
3455,Billy Bam Bam,2011,16+,18/100,0,1,0,0,tv_show,reality television,United States,English,10.0,tt0092400,18,16.0,1,BILLY BAM BAM
3456,Popcorn With Peter Travers,2010,16+,18/100,0,1,0,0,tv_show,reality television,United States,English,10.0,tt0092400,18,16.0,1,POPCORN WITH PETER TRAVERS
3457,The Oscars,1995,16+,18/100,0,1,0,0,tv_show,reality television,United States,English,10.0,tt0092400,18,16.0,1,THE OSCARS
3458,BBQuest,2018,16+,18/100,0,1,0,0,tv_show,reality television,United States,English,10.0,tt0092400,18,16.0,1,BBQUEST
3459,Pasión de Gavilanes,2003,16+,18/100,0,1,0,0,tv_show,telenovela,Colombia,Spanish,8.0,tt0387763,18,16.0,1,PASIÓN DE GAVILANES
3460,Celebrity Living,2015,16+,18/100,0,1,0,0,tv_show,reality television,United States,English,10.0,tt0092400,18,16.0,1,CELEBRITY LIVING
3461,Lost in the Supermarket,2016,16+,18/100,0,1,0,0,tv_show,reality television,United States,English,10.0,tt0092400,18,16.0,1,LOST IN THE SUPERMARKET
3462,Maya and Yaya,2014,16+,18/100,0,1,0,0,tv_show,reality television,United States,English,10.0,tt0092400,18,16.0,1,MAYA AND YAYA
3463,Red Nose Day,2015,16+,18/100,0,1,0,0,tv_show,reality television,United Kingdom,English,10.0,tt0092400,18,16.0,1,RED NOSE DAY
3464,The Big Vote,2018,16+,18/100,0,1,0,0,tv_show,reality television,United States,English,10.0,tt0092400,18,16.0,1,THE BIG VOTE
3465,Sophie La Girafe,2017,16+,18/100,0,1,0,0,tv_show,reality television,United States,English,10.0,tt0092400,18,16.0,1,SOPHIE LA GIRAFE
3466,pocket.watch EvanTubeHD mishmash,2018,16+,17/100,0,1,0,0,tv_show,reality television,United States,English,10.0,tt0092400,17,16.0,1,POCKET.WATCH EVANTUBEHD MISHMASH
3467,Wooly,2010,16+,17/100,0,1,0,0,tv_show,reality television,United States,English,10.0,tt0092400,17,16.0,1,WOOLY
3468,Election Cycle,2016,16+,17/100,0,1,0,0,tv_show,reality television,United States,English,10.0,tt0092400,17,16.0,1,ELECTION CYCLE
3469,Handcrafted,2017,16+,17/100,0,1,1,0,tv_show,reality television,United States,English,10.0,tt0092400,17,16.0,1,HANDCRAFTED
3470,Ultimate Survival WWII,2019,16+,17/100,0,1,0,0,tv_show,reality television,United States,English,10.0,tt0092400,17,16.0,1,ULTIMATE SURVIVAL WWII
3471,Tasty 101,2016,16+,17/100,0,1,1,0,tv_show,reality television,United States,English,10.0,tt0092400,17,16.0,1,TASTY 101
3472,Chief Kim,2017,16+,17/100,0,1,0,0,tv_show,reality television,United States,English,10.0,tt0092400,17,16.0,1,CHIEF KIM
3473,Eating Your Feed,2018,16+,17/100,0,1,1,0,tv_show,reality television,United States,English,10.0,tt0092400,17,16.0,1,EATING YOUR FEED
3474,A Murder on Orchard Street,2017,16+,16/100,0,1,0,0,tv_show,reality television,United States,English,10.0,tt0092400,16,16.0,1,A MURDER ON ORCHARD STREET
3475,Grandpa Joe's Magical Playground,2015,16+,16/100,0,1,0,0,tv_show,reality television,United States,English,10.0,tt0092400,16,16.0,1,GRANDPA JOE'S MAGICAL PLAYGROUND
3476,Mom In Progress,2018,16+,16/100,0,1,1,0,tv_show,reality television,United States,English,10.0,tt0092400,16,16.0,1,MOM IN PROGRESS
3477,Fear Box,2018,16+,16/100,0,1,0,0,tv_show,reality television,United States,English,10.0,tt0092400,16,16.0,1,FEAR BOX
3478,Canciones infantiles,2012,16+,16/100,0,1,0,0,tv_show,reality television,United States,English,10.0,tt0092400,16,16.0,1,CANCIONES INFANTILES
3479,OUT: Face to Face,2010,16+,16/100,0,1,0,0,tv_show,reality television,United States,English,10.0,tt0092400,16,16.0,1,OUT: FACE TO FACE
3480,10 Essentials,2013,16+,16/100,0,1,1,0,tv_show,reality television,United States,English,10.0,tt0092400,16,16.0,1,10 ESSENTIALS
3481,A Brief History,2016,16+,16/100,0,1,0,0,tv_show,reality television,United States,English,10.0,tt0092400,16,16.0,1,A BRIEF HISTORY
3482,"Stop, Breathe & Think Kids: Mindful Games",2017,16+,16/100,0,1,0,0,tv_show,reality television,United States,English,10.0,tt0092400,16,16.0,1,"STOP, BREATHE & THINK KIDS: MINDFUL GAMES"
3483,pocket.watch JillianTubeHD Ultimate mishmash,2018,16+,16/100,0,1,0,0,tv_show,reality television,United States,English,10.0,tt0092400,16,16.0,1,POCKET.WATCH JILLIANTUBEHD ULTIMATE MISHMASH
3484,pocket.watch HobbyKidsTV mishmash,2018,16+,16/100,0,1,0,0,tv_show,reality television,United States,English,10.0,tt0092400,16,16.0,1,POCKET.WATCH HOBBYKIDSTV MISHMASH
3485,Heritage,2015,16+,16/100,0,1,0,0,tv_show,reality television,United States,English,10.0,tt0092400,16,16.0,1,HERITAGE
3486,The Champion Within,2017,16+,16/100,0,1,0,0,tv_show,reality television,United States,English,10.0,tt0092400,16,16.0,1,THE CHAMPION WITHIN
3487,Real Estate with Rosanna,2017,16+,16/100,0,1,0,0,tv_show,reality television,United States,English,10.0,tt0092400,16,16.0,1,REAL ESTATE WITH ROSANNA
3488,Around The Way,2019,16+,16/100,0,1,0,0,tv_show,reality television,United States,English,10.0,tt0092400,16,16.0,1,AROUND THE WAY
3489,TRANsitioning,2017,16+,16/100,0,1,0,0,tv_show,reality television,United States,English,10.0,tt0092400,16,16.0,1,TRANSITIONING
3490,GMA Day,2018,16+,16/100,0,1,0,0,tv_show,"news program, talk show",United States,English,3.3,tt9114330,16,16.0,1,GMA DAY
3491,Magnificent Obsessions,2014,16+,14/100,0,1,0,0,tv_show,television documentary,Canada,English,10.0,tt0092400,14,16.0,1,MAGNIFICENT OBSESSIONS
3492,Jeremiah Bullfrog Forks It,2017,16+,14/100,0,1,0,0,tv_show,reality television,United States,English,10.0,tt0092400,14,16.0,1,JEREMIAH BULLFROG FORKS IT
3493,MOJO's The Circuit,2008,16+,14/100,0,1,0,0,tv_show,reality television,United States,English,10.0,tt0092400,14,16.0,1,MOJO'S THE CIRCUIT
3494,ABC News Documentaries,2015,16+,14/100,0,1,0,0,tv_show,reality television,United States,English,10.0,tt0092400,14,16.0,1,ABC NEWS DOCUMENTARIES
3495,Asia's Underworld,2012,16+,14/100,0,1,1,0,tv_show,reality television,United States,English,10.0,tt0092400,14,16.0,1,ASIA'S UNDERWORLD
3496,pocket.watch CaptainSparklez mishmash,2018,16+,14/100,0,1,0,0,tv_show,reality television,United States,English,10.0,tt0092400,14,16.0,1,POCKET.WATCH CAPTAINSPARKLEZ MISHMASH
3497,Trials of the Wild,2018,16+,14/100,0,1,0,0,tv_show,reality television,United States,English,10.0,tt0092400,14,16.0,1,TRIALS OF THE WILD
3498,Ventaneando,2012,16+,14/100,0,1,0,0,tv_show,reality television,Mexico,Spanish,3.8,tt0386252,14,16.0,1,VENTANEANDO
3499,Truth and Lies: Watergate,2017,16+,14/100,0,1,0,0,tv_show,reality television,United States,English,10.0,tt0092400,14,16.0,1,TRUTH AND LIES: WATERGATE
3500,Bondi Harvest,2018,16+,14/100,0,1,0,0,tv_show,reality television,United States,English,10.0,tt0092400,14,16.0,1,BONDI HARVEST
3501,#ThatsHarassment,2018,16+,14/100,0,1,1,0,tv_show,reality television,United States,English,10.0,tt0092400,14,16.0,1,#THATSHARASSMENT
3502,Caption Contest,2017,16+,14/100,0,1,0,0,tv_show,reality television,United States,English,10.0,tt0092400,14,16.0,1,CAPTION CONTEST
3503,The 76th Annual Golden Globe Awards,2019,16+,14/100,0,1,0,0,tv_show,reality television,United States,English,10.0,tt0092400,14,16.0,1,THE 76TH ANNUAL GOLDEN GLOBE AWARDS
3504,Almost Impossible,2017,16+,14/100,0,1,0,0,tv_show,reality television,United States,English,10.0,tt0092400,14,16.0,1,ALMOST IMPOSSIBLE
3505,Luke Gamble's Vet Adventures,2010,16+,14/100,0,1,1,0,tv_show,reality television,United States,English,10.0,tt0092400,14,16.0,1,LUKE GAMBLE'S VET ADVENTURES
3506,On This Day in Black History Month,2019,16+,14/100,0,1,0,0,tv_show,reality television,United States,English,10.0,tt0092400,14,16.0,1,ON THIS DAY IN BLACK HISTORY MONTH
3507,Rudy Maxa's Travel,2001,16+,14/100,0,1,1,0,tv_show,reality television,United States,English,10.0,tt0092400,14,16.0,1,RUDY MAXA'S TRAVEL
3508,Health + Happiness with Mayo Clinic,2018,16+,14/100,0,1,0,0,tv_show,reality television,United States,English,10.0,tt0092400,14,16.0,1,HEALTH + HAPPINESS WITH MAYO CLINIC
3509,ESL: Replay,2017,16+,14/100,0,1,0,0,tv_show,reality television,United States,English,10.0,tt0092400,14,16.0,1,ESL: REPLAY
3510,Style Evolution,2018,16+,14/100,0,1,0,0,tv_show,reality television,United States,English,10.0,tt0092400,14,16.0,1,STYLE EVOLUTION
3511,Limomasters (Espanol),2014,16+,14/100,0,1,0,0,tv_show,reality television,United States,English,10.0,tt0092400,14,16.0,1,LIMOMASTERS (ESPANOL)
3512,The Adventures of Dr. Buckeye Bottoms,2017,16+,14/100,0,1,0,0,tv_show,reality television,United States,English,10.0,tt0092400,14,16.0,1,THE ADVENTURES OF DR. BUCKEYE BOTTOMS
3513,"I Draw, You Cook",2018,16+,14/100,0,1,0,0,tv_show,reality television,United States,English,10.0,tt0092400,14,16.0,1,"I DRAW, YOU COOK"
3514,Triumph,2016,16+,14/100,0,1,0,0,tv_show,reality television,United States,English,10.0,tt0092400,14,16.0,1,TRIUMPH
3515,Aurora,2010,16+,14/100,1,1,0,0,tv_show,reality television,United States,English,10.0,tt0092400,14,16.0,1,AURORA
3516,ESL: Player vs Player,2017,16+,14/100,0,1,0,0,tv_show,reality television,United States,English,10.0,tt0092400,14,16.0,1,ESL: PLAYER VS PLAYER
3517,BabyFirst Nursery Songs,2015,16+,14/100,0,1,0,0,tv_show,reality television,United States,English,10.0,tt0092400,14,16.0,1,BABYFIRST NURSERY SONGS
3518,Legendary Catch,2019,16+,14/100,0,1,0,0,tv_show,reality television,United States,English,10.0,tt0092400,14,16.0,1,LEGENDARY CATCH
3519,ESL: Defining Moments,2017,16+,14/100,0,1,0,0,tv_show,reality television,United States,English,10.0,tt0092400,14,16.0,1,ESL: DEFINING MOMENTS
3520,Dick Clark's Primetime New Year's Rockin' Eve,2013,16+,14/100,0,1,0,0,tv_show,variety show,United States,English,10.0,tt0092400,14,16.0,1,DICK CLARK'S PRIMETIME NEW YEAR'S ROCKIN' EVE
3521,pocket.watch Ryan Toys Review Ultimate mishmash,2018,16+,14/100,0,1,0,0,tv_show,reality television,United States,English,10.0,tt0092400,14,16.0,1,POCKET.WATCH RYAN TOYS REVIEW ULTIMATE MISHMASH
3522,El Sexo Débil,2015,16+,14/100,0,1,0,0,tv_show,telenovela,Mexico,Spanish,10.0,tt1809550,14,16.0,1,EL SEXO DÉBIL
3523,48 Hours with Kygo,2019,16+,14/100,0,1,0,0,tv_show,reality television,United States,English,10.0,tt0092400,14,16.0,1,48 HOURS WITH KYGO
3524,Talks at GS,2017,16+,14/100,0,1,1,0,tv_show,reality television,United States,English,10.0,tt0092400,14,16.0,1,TALKS AT GS
3525,Magic Eye Shark Movie,2013,16+,14/100,0,1,0,0,tv_show,reality television,United States,English,10.0,tt0092400,14,16.0,1,MAGIC EYE SHARK MOVIE
3526,Blissful Thinking,2017,16+,14/100,0,1,0,0,tv_show,reality television,United States,English,10.0,tt0092400,14,16.0,1,BLISSFUL THINKING
3527,The Paley Center,2000,16+,13/100,0,1,0,0,tv_show,reality television,United States,English,10.0,tt0092400,13,16.0,1,THE PALEY CENTER
3528,Mujeres Rompiendo el Silencio,2017,16+,13/100,0,1,0,0,tv_show,reality television,United States,English,10.0,tt0092400,13,16.0,1,MUJERES ROMPIENDO EL SILENCIO
3529,24 Hours With,2018,16+,13/100,0,1,0,0,tv_show,talk show,Netherlands,Dutch,7.1,tt1054686,13,16.0,1,24 HOURS WITH
3530,Crime Shock: Asia Exposed,2013,16+,13/100,0,1,0,0,tv_show,reality television,United States,English,10.0,tt0092400,13,16.0,1,CRIME SHOCK: ASIA EXPOSED
3531,UFC Ultimate Knockouts,2014,16+,13/100,0,1,0,0,tv_show,reality television,United States,English,10.0,tt0092400,13,16.0,1,UFC ULTIMATE KNOCKOUTS
3532,Thingstarter,2013,16+,13/100,0,1,0,0,tv_show,reality television,United States,English,10.0,tt0092400,13,16.0,1,THINGSTARTER
3533,Derek Does Stuff with a Friend,2016,16+,13/100,0,1,0,0,tv_show,reality television,United States,English,10.0,tt0092400,13,16.0,1,DEREK DOES STUFF WITH A FRIEND
3535,Food Fetish,2011,16+,13/100,0,1,0,0,tv_show,reality television,United States,English,10.0,tt0092400,13,16.0,1,FOOD FETISH
3536,NASA Television Documentaries,2015,16+,13/100,0,1,0,0,tv_show,reality television,United States,English,10.0,tt0092400,13,16.0,1,NASA TELEVISION DOCUMENTARIES
3537,Dates (US),2015,16+,13/100,0,1,0,0,tv_show,reality television,United States,English,10.0,tt0092400,13,16.0,1,DATES (US)
3538,Politicking with Larry King,2013,16+,13/100,0,1,0,0,tv_show,reality television,United States,English,6.0,tt5136220,13,16.0,1,POLITICKING WITH LARRY KING
3539,Especiales de Historia de México,2012,16+,13/100,0,1,0,0,tv_show,reality television,United States,English,10.0,tt0092400,13,16.0,1,ESPECIALES DE HISTORIA DE MÉXICO
3540,It's Alive with Brad,2018,16+,13/100,0,1,1,0,tv_show,reality television,United States,English,10.0,tt0092400,13,16.0,1,IT'S ALIVE WITH BRAD
3541,Obsessed (WIRED),2017,16+,13/100,0,1,0,0,tv_show,reality television,United States,English,10.0,tt0092400,13,16.0,1,OBSESSED (WIRED)
3542,Secrets of Your Mind,2010,16+,13/100,0,1,0,0,tv_show,reality television,United States,English,10.0,tt0092400,13,16.0,1,SECRETS OF YOUR MIND
3543,Secret Talent Theatre,2016,16+,13/100,0,1,0,0,tv_show,reality television,United States,English,10.0,tt0092400,13,16.0,1,SECRET TALENT THEATRE
3544,The Bravest Knight Who Ever Lived,2014,16+,13/100,0,1,0,0,tv_show,reality television,United States,English,10.0,tt0092400,13,16.0,1,THE BRAVEST KNIGHT WHO EVER LIVED
3545,Puertas al Mas Alla,2012,16+,13/100,0,1,0,0,tv_show,reality television,Peru,English,10.0,tt0092400,13,16.0,1,PUERTAS AL MAS ALLA
3546,Out of Office with Brent Rose,2015,16+,13/100,0,1,1,0,tv_show,reality television,United States,English,10.0,tt0092400,13,16.0,1,OUT OF OFFICE WITH BRENT ROSE
3547,Things I Do,2015,16+,13/100,0,1,0,0,tv_show,reality television,United States,English,10.0,tt0092400,13,16.0,1,THINGS I DO
3548,El Negocio,2014,16+,13/100,0,1,0,0,tv_show,drama,Brazil,Portuguese,5.0,tt2650940,13,16.0,1,EL NEGOCIO
3549,Pop Trigger,2012,16+,13/100,0,1,0,0,tv_show,reality television,United States,English,10.0,tt0092400,13,16.0,1,POP TRIGGER
3550,Pégate a Mick,2014,16+,13/100,0,1,0,0,tv_show,reality television,United States,English,10.0,tt0092400,13,16.0,1,PÉGATE A MICK
3551,Bioterrorism: The Truth,2016,16+,13/100,0,1,0,0,tv_show,reality television,United States,English,10.0,tt0092400,13,16.0,1,BIOTERRORISM: THE TRUTH
3552,Get Sweaty,2016,16+,13/100,0,1,0,0,tv_show,reality television,United States,English,10.0,tt0092400,13,16.0,1,GET SWEATY
3553,Entre Caníbales,2015,16+,13/100,0,1,0,0,tv_show,telenovela,Argentina,English,7.6,tt4262710,13,16.0,1,ENTRE CANÍBALES
3554,Fantasy Forecast,2016,16+,13/100,0,1,0,0,tv_show,reality television,United States,English,10.0,tt0092400,13,16.0,1,FANTASY FORECAST
3555,Heart of a Champion,2016,16+,13/100,0,1,0,0,tv_show,reality television,United States,English,10.0,tt0092400,13,16.0,1,HEART OF A CHAMPION
3556,Raw. Vegan. Not Gross.,2013,16+,13/100,0,1,0,0,tv_show,reality television,United States,English,10.0,tt0092400,13,16.0,1,RAW. VEGAN. NOT GROSS.
3557,ABC News | Garage Geniuses,2016,16+,10/100,0,1,0,0,tv_show,reality television,United States,English,10.0,tt0092400,10,16.0,1,ABC NEWS | GARAGE GENIUSES
3558,Jenni Rivera La Vida de Una Diva,2013,16+,10/100,0,1,0,0,tv_show,reality television,United States,English,10.0,tt0092400,10,16.0,1,JENNI RIVERA LA VIDA DE UNA DIVA
3559,UFC Presents,2013,16+,10/100,0,1,0,0,tv_show,reality television,United States,English,10.0,tt0092400,10,16.0,1,UFC PRESENTS
3560,Earth From Above,2011,16+,10/100,0,1,0,0,tv_show,documentary film,France,French,8.4,tt2410576,10,16.0,1,EARTH FROM ABOVE
3561,Strait Talk with Matt & LZ,2016,16+,10/100,0,1,0,0,tv_show,reality television,United States,English,10.0,tt0092400,10,16.0,1,STRAIT TALK WITH MATT & LZ
3562,Epic Conversations,2016,16+,10/100,0,1,0,0,tv_show,reality television,United States,English,10.0,tt0092400,10,16.0,1,EPIC CONVERSATIONS
3563,ESL Bootcamp: Immortals,2017,16+,10/100,0,1,0,0,tv_show,reality television,United States,English,10.0,tt0092400,10,16.0,1,ESL BOOTCAMP: IMMORTALS
3564,Twitter Tech Support,2017,16+,10/100,0,1,0,0,tv_show,reality television,United States,English,10.0,tt0092400,10,16.0,1,TWITTER TECH SUPPORT
3565,On Stage,2017,16+,10/100,0,1,0,0,tv_show,reality television,Canada,English,10.0,tt0250897,10,16.0,1,ON STAGE
3566,Gen H,2012,16+,10/100,0,1,0,0,tv_show,reality television,United States,English,10.0,tt0092400,10,16.0,1,GEN H
3567,Because of an Earlier Incident,2012,16+,10/100,0,1,0,0,tv_show,reality television,United States,English,10.0,tt0092400,10,16.0,1,BECAUSE OF AN EARLIER INCIDENT
3568,Andy Explores,2019,16+,10/100,0,1,0,0,tv_show,reality television,United States,English,10.0,tt0092400,10,16.0,1,ANDY EXPLORES
3569,Laughs,2015,16+,10/100,0,1,0,0,tv_show,reality television,United States,English,10.0,tt0092400,10,16.0,1,LAUGHS
3570,Technique Critique,2016,16+,10/100,0,1,0,0,tv_show,reality television,United States,English,10.0,tt0092400,10,16.0,1,TECHNIQUE CRITIQUE
3571,Time for Bed with Punam Patel,2017,16+,10/100,0,1,0,0,tv_show,reality television,United States,English,10.0,tt0092400,10,16.0,1,TIME FOR BED WITH PUNAM PATEL
3572,A Woman's Job,2017,16+,10/100,0,1,0,0,tv_show,reality television,United States,English,10.0,tt0092400,10,16.0,1,A WOMAN'S JOB
3573,Hello World,2016,16+,10/100,0,1,0,0,tv_show,reality television,United States,English,10.0,tt0092400,10,16.0,1,HELLO WORLD
3574,Modern Baby,2019,16+,10/100,0,1,0,0,tv_show,reality television,United States,English,10.0,tt0092400,10,16.0,1,MODERN BABY
3575,Tiny Nuts,2014,16+,10/100,0,1,0,0,tv_show,comedy television series,United States,English,1.0,tt3634624,10,16.0,1,TINY NUTS
3576,Newsy,2016,16+,10/100,0,1,0,0,tv_show,reality television,United States,English,10.0,tt0092400,10,16.0,1,NEWSY
3577,"Build Small, Live Anywhere",2015,16+,10/100,0,1,0,0,tv_show,reality television,United States,English,10.0,tt0092400,10,16.0,1,"BUILD SMALL, LIVE ANYWHERE"
3578,Going Si-ral,2016,16+,10/100,0,1,0,0,tv_show,reality television,United States,English,10.0,tt0092400,10,16.0,1,GOING SI-RAL
3579,ABC News | Features,2016,16+,10/100,0,1,0,0,tv_show,reality television,United States,English,10.0,tt0092400,10,16.0,1,ABC NEWS | FEATURES
3581,The Boys,2019,18+,93/100,0,0,1,0,tv_show,"action television series, fantasy television series, crime television series, comedy drama",United States,English,10.0,tt1190634,93,18.0,1,THE BOYS
3583,Dexter,2006,18+,92/100,0,0,1,0,tv_show,"thriller, police procedural, drama television series",United States,"English, Spanish",9.0,tt0773262,92,18.0,1,DEXTER
3584,House,2004,16+,92/100,0,0,1,0,tv_show,medical drama,United States,English,8.7,tt0412142,92,16.0,1,HOUSE
3585,Mr. Robot,2015,18+,91/100,0,0,1,0,tv_show,"drama television series, psychological thriller, techno-thriller, LGBT-related television series",United States,"English, Swedish, Danish",10.0,tt4158110,91,18.0,1,MR. ROBOT
3588,The Expanse,2015,16+,90/100,0,0,1,0,tv_show,"space opera, drama television series, science fiction television program, detective fiction",United States,English,9.0,tt3230854,90,16.0,1,THE EXPANSE
3590,Bosch,2015,18+,88/100,0,0,1,0,tv_show,"drama television series, police procedural",United States,English,9.0,tt3502248,88,18.0,1,BOSCH
3591,Invincible,2021,18+,88/100,0,0,1,1,tv_show,reality television,United States,English,8.7/10,tt0092400,88,18.0,1,INVINCIBLE
3592,Fleabag,2016,18+,88/100,0,0,1,0,tv_show,comedy drama,United Kingdom,English,8.0,tt5687612,88,18.0,1,FLEABAG
3594,The Americans,2013,18+,87/100,0,0,1,0,tv_show,drama television series,United States,English,7.7,tt0054515,87,18.0,1,THE AMERICANS
3595,Billions,2016,18+,87/100,0,0,1,0,tv_show,drama television series,United States,English,8.0,tt4270492,87,18.0,1,BILLIONS
3597,The Marvelous Mrs. Maisel,2017,18+,86/100,0,0,1,0,tv_show,"historical drama, drama television series",United States,English,9.0,tt5788792,86,18.0,1,THE MARVELOUS MRS. MAISEL
3600,Psych,2006,7+,86/100,0,0,1,0,tv_show,"detective fiction, drama television series, comedy drama, police procedural",United States,English,10.0,tt0491738,86,7.0,1,PSYCH
3601,The Night Manager,2016,16+,86/100,0,0,1,0,tv_show,"drama television series, crime television series, espionage television series, television series based on a novel",United Kingdom,English,8.0,tt1399664,86,16.0,1,THE NIGHT MANAGER
3603,Unforgotten,2018,18+,85/100,0,0,1,0,tv_show,"crime television series, drama television series",United Kingdom,English,10.0,tt4192812,85,18.0,1,UNFORGOTTEN
3604,Orphan Black,2013,18+,85/100,0,0,1,0,tv_show,"science fiction television program, thriller television series, drama television series, LGBT-related television series",Canada,English,9.0,tt2234222,85,18.0,1,ORPHAN BLACK
3605,Chuck,2007,16+,85/100,0,1,1,0,tv_show,"action television series, comedy television series, espionage television series, drama television series",United States,English,8.0,tt0934814,85,16.0,1,CHUCK
3607,The Fall,2013,18+,85/100,0,0,1,0,tv_show,"drama television series, LGBT-related television series","United Kingdom, Ireland",English,9.0,tt2294189,85,18.0,1,THE FALL
3609,Tom Clancy's Jack Ryan,2018,18+,84/100,0,0,1,0,tv_show,"action television series, political thriller, drama television series",United States,English,8.0,tt5057054,84,18.0,1,TOM CLANCY'S JACK RYAN
3611,The Pacific,2010,18+,83/100,0,0,1,0,tv_show,"drama television series, war television series, historical television series","United States, United Kingdom, Australia",English,8.0,tt0374463,83,18.0,1,THE PACIFIC
3612,Good Omens,2019,18+,83/100,0,0,1,0,tv_show,"fantasy television series, television series based on a novel",United Kingdom,English,8.0,tt1869454,83,18.0,1,GOOD OMENS
3614,The Man in the High Castle,2015,18+,83/100,0,0,1,0,tv_show,"drama television series, alternate history, science fiction television program, thriller television series",United States,English,8.0,tt1740299,83,18.0,1,THE MAN IN THE HIGH CASTLE
3615,Grimm,2011,16+,83/100,0,0,1,0,tv_show,"horror television series, fantasy television series, crime television series, police television drama",United States,"English, German, French",7.0,tt1830617,83,16.0,1,GRIMM
3616,The Family Man,2019,16+,83/100,0,0,1,0,tv_show,reality television,India,English,9.0,tt9544034,83,16.0,1,THE FAMILY MAN
3620,Upload,2020,18+,82/100,0,0,1,0,tv_show,"science fiction television program, satire, comedy drama",United States,English,8.0,tt7826376,82,18.0,1,UPLOAD
3622,Counterpart,2017,18+,82/100,0,0,1,0,tv_show,"thriller television series, science fiction television program, parallel universe fiction, espionage television series",United States,English,10.0,tt4643084,82,18.0,1,COUNTERPART
3624,Monk,2002,16+,81/100,0,0,1,0,tv_show,"police procedural, detective fiction, comedy drama",United States,English,8.1,tt0312172,81,16.0,1,MONK
3626,The Grand Tour,2016,16+,81/100,0,0,1,0,tv_show,"magazine format program, automotive television show, entertainment television program, factual television program",United Kingdom,English,10.0,tt5712554,81,16.0,1,THE GRAND TOUR
3627,Black Books,2000,7+,81/100,0,0,1,0,tv_show,comedy television series,United Kingdom,English,8.4,tt0262150,81,7.0,1,BLACK BOOKS
3628,Californication,2007,18+,81/100,0,0,1,0,tv_show,"comedy drama, erotic television series",United States,English,9.0,tt0904208,81,18.0,1,CALIFORNICATION
3629,Eureka,2006,16+,81/100,0,0,1,0,tv_show,"science fiction television program, comedy drama",United States,English,7.9,tt0796264,81,16.0,1,EUREKA
3630,Animal Kingdom,2016,18+,80/100,0,0,1,0,tv_show,"crime television series, drama television series",United States,English,8.0,tt5574490,80,18.0,1,ANIMAL KINGDOM
3633,Humans,2015,16+,80/100,0,0,1,0,tv_show,"science fiction television program, drama film, LGBT-related television series, alternate history television series","United Kingdom, United States",English,8.0,tt4122068,80,16.0,1,HUMANS
3634,Endeavour,2013,16+,80/100,0,0,1,0,tv_show,police television drama,United Kingdom,English,9.0,tt2701582,80,16.0,1,ENDEAVOUR
3635,Alias,2001,16+,80/100,0,0,1,0,tv_show,"action television series, espionage television series, thriller television series, science fiction television program",United States,English,9.0,tt0285333,80,16.0,1,ALIAS
3636,The Missing,2014,18+,80/100,0,0,1,0,tv_show,drama television series,"United Kingdom, Belgium, United States",English,9.0,tt3877200,80,18.0,1,THE MISSING
3637,Sneaky Pete,2015,18+,79/100,0,0,1,0,tv_show,drama television series,United States,English,10.0,tt5011816,79,18.0,1,SNEAKY PETE
3638,Father Ted,1995,16+,79/100,0,0,1,0,tv_show,sitcom,"United Kingdom, Ireland",English,10.0,tt0111958,79,16.0,1,FATHER TED
3639,The Mentalist,2008,16+,79/100,0,0,1,0,tv_show,"police procedural, drama television series, thriller television series",United States,English,7.0,tt1196946,79,16.0,1,THE MENTALIST
3640,The Thick of It,2005,18+,79/100,0,0,1,0,tv_show,"sitcom, political satire",United Kingdom,English,10.0,tt0459159,79,18.0,1,THE THICK OF IT
3641,The Lost Room,2006,7+,79/100,0,0,1,0,tv_show,reality television,United States,English,8.2/10,tt0092400,79,7.0,1,THE LOST ROOM
3644,River,2015,7+,79/100,0,0,1,0,tv_show,reality television,United States,English,8.0/10,tt0092400,79,7.0,1,RIVER
3646,The Affair,2014,18+,78/100,0,0,1,0,tv_show,"drama television series, mystery television series",United States,English,8.0,tt2699110,78,18.0,1,THE AFFAIR
3647,Undone,2019,18+,78/100,0,0,1,0,tv_show,reality television,United States,English,8.2/10,tt0092400,78,18.0,1,UNDONE
3649,Poldark,2015,16+,78/100,0,0,1,0,tv_show,"romantic television drama, television series based on a novel",United Kingdom,English,8.3,tt3636060,78,16.0,1,POLDARK
3650,Carnival Row,2019,18+,78/100,0,0,1,0,tv_show,"fantasy television series, drama television series, urban fantasy, neo-noir",United States,English,7.7,tt0489974,78,18.0,1,CARNIVAL ROW
3651,Wayne,2019,18+,78/100,0,0,1,0,tv_show,reality television,United States,English,8.4/10,tt0092400,78,18.0,1,WAYNE
3652,Farscape,1999,16+,78/100,0,0,1,0,tv_show,"science fiction television program, adventure television series","Australia, United States",English,8.3,tt0187636,78,16.0,1,FARSCAPE
3653,Victoria,2016,16+,78/100,0,0,1,0,tv_show,reality television,United States,English,8.2/10,tt0092400,78,16.0,1,VICTORIA
3654,Goliath,2016,16+,77/100,0,0,1,0,tv_show,"drama television series, legal drama, LGBT-related television series",United States,English,7.0,tt4687880,77,16.0,1,GOLIATH
3655,Catastrophe,2015,18+,77/100,0,0,1,0,tv_show,comedy,United Kingdom,English,9.0,tt4374208,77,18.0,1,CATASTROPHE
3656,Hanna,2019,18+,77/100,0,0,1,0,tv_show,"teen sitcom, music television",United States,English,9.0,tt0493093,77,18.0,1,HANNA
3659,SpongeBob SquarePants,1999,7+,77/100,0,0,1,0,tv_show,reality television,United States,English,8.2/10,tt0092400,77,7.0,1,SPONGEBOB SQUAREPANTS
3660,Extras,2005,18+,77/100,0,0,1,0,tv_show,sitcom,United Kingdom,English,8.3,tt0445114,77,18.0,1,EXTRAS
3661,Two and a Half Men,2003,16+,77/100,0,0,1,0,tv_show,sitcom,United States,English,7.0,tt0369179,77,16.0,1,TWO AND A HALF MEN
3662,Escape at Dannemora,2018,18+,77/100,0,0,1,0,tv_show,reality television,United States,English,8.0/10,tt0092400,77,18.0,1,ESCAPE AT DANNEMORA
3663,Patriot,2015,18+,77/100,0,0,1,0,tv_show,reality television,United States,English,8.3/10,tt0092400,77,18.0,1,PATRIOT
3667,Modern Love,2019,18+,76/100,0,0,1,0,tv_show,romantic comedy,United States,English,9.0,tt8543390,76,18.0,1,MODERN LOVE
3668,Clarkson's Farm,2021,7+,76/100,0,0,1,0,tv_show,television documentary,England,British English,10.0,tt10541088,76,7.0,1,CLARKSON'S FARM
3671,Gavin & Stacey,2007,16+,75/100,0,0,1,0,tv_show,sitcom,United Kingdom,English,10.0,tt0908454,75,16.0,1,GAVIN & STACEY
3672,Homecoming,2018,18+,74/100,0,0,1,0,tv_show,reality television,United States,English,7.5/10,tt0092400,74,18.0,1,HOMECOMING
3673,City on a Hill,2019,18+,74/100,0,0,1,0,tv_show,crime television series,United States,English,9.0,tt7187044,74,18.0,1,CITY ON A HILL
3674,Patrick Melrose,2018,18+,74/100,0,0,1,0,tv_show,reality television,United States,English,8.1/10,tt0092400,74,18.0,1,PATRICK MELROSE
3675,Queer as Folk,1999,18+,74/100,0,0,1,0,tv_show,"comedy drama, LGBT-related television series","United States, Canada",English,8.5,tt0262985,74,18.0,1,QUEER AS FOLK
3676,Flack,2019,16+,74/100,0,0,1,0,tv_show,comedy drama,United States,English,7.0,tt8128344,74,16.0,1,FLACK
3677,Mozart in the Jungle,2014,18+,74/100,0,0,1,0,tv_show,comedy drama,United States,English,8.0,tt3502172,74,18.0,1,MOZART IN THE JUNGLE
3678,The Tick,2016,7+,74/100,0,0,1,0,tv_show,"science fiction television program, superhero television program",United States,English,8.0,tt5540054,74,7.0,1,THE TICK
3682,Tales from the Loop,2020,18+,72/100,0,0,1,0,tv_show,"science fiction television program, film based on book, alternate history television series",United States,English,8.0,tt8741290,72,18.0,1,TALES FROM THE LOOP
3683,Fortitude,2015,18+,72/100,0,0,1,0,tv_show,"drama television series, detective fiction, thriller television series",United Kingdom,English,8.0,tt3498622,72,18.0,1,FORTITUDE
3684,The Tunnel,2013,18+,72/100,0,0,1,0,tv_show,"drama television series, LGBT-related television series","United Kingdom, France","English, French",8.0,tt2711738,72,18.0,1,THE TUNNEL
3685,The Wilds,2020,16+,72/100,0,0,1,0,tv_show,"drama television series, LGBT-related television series, drama film",United States,English,10.0,tt8633062,72,16.0,1,THE WILDS
3686,A Very English Scandal,2018,16+,72/100,0,0,1,0,tv_show,"comedy drama, LGBT-related television series, television series based on a novel, historical drama",United Kingdom,English,8.0,tt6938856,72,16.0,1,A VERY ENGLISH SCANDAL
3687,Salvation,2017,16+,72/100,0,0,1,0,tv_show,"science fiction television program, thriller television series, drama television series",United States,English,6.9,tt6170874,72,16.0,1,SALVATION
3688,The Underground Railroad,2021,18+,72/100,0,0,1,0,tv_show,reality television,United States,English,7.3/10,tt0092400,72,18.0,1,THE UNDERGROUND RAILROAD
3689,Red Oaks,2014,18+,72/100,0,0,1,0,tv_show,"comedy television series, college life television program",United States,English,8.0,tt3973820,72,18.0,1,RED OAKS
3691,Tell Me Your Secrets,2021,18+,72/100,0,0,1,0,tv_show,reality television,United States,English,8.0,tt7177890,72,18.0,1,TELL ME YOUR SECRETS
3692,Transparent,2014,18+,72/100,0,0,1,0,tv_show,"comedy drama, LGBT-related television series",United States,English,7.0,tt3502262,72,18.0,1,TRANSPARENT
3693,Loudermilk,2017,18+,72/100,0,0,1,0,tv_show,comedy,United States,English,8.0,tt5957766,72,18.0,1,LOUDERMILK
3694,Britannia,2018,16+,72/100,0,0,1,0,tv_show,reality television,United States,English,6.8/10,tt0092400,72,16.0,1,BRITANNIA
3695,ZeroZeroZero,2020,18+,71/100,0,0,1,0,tv_show,"crime film, television series based on a novel",Italy,English,10.0,tt8332438,71,18.0,1,ZEROZEROZERO
3696,Philip K. Dick's Electric Dreams,2017,18+,71/100,0,0,1,0,tv_show,"anthology series, science fiction television program, film based on literature",United Kingdom,English,7.0,tt5711280,71,18.0,1,PHILIP K. DICK'S ELECTRIC DREAMS
3700,Vinland Saga,2019,16+,71/100,0,0,1,0,tv_show,reality television,United States,English,8.8/10,tt0092400,71,16.0,1,VINLAND SAGA
3703,Truth Seekers,2020,16+,71/100,0,0,1,0,tv_show,"horror television series, comedy television program",United Kingdom,English,9.0,tt7907922,71,16.0,1,TRUTH SEEKERS
3704,"Magnum, P.I.",1980,7+,70/100,0,0,1,0,tv_show,"detective fiction, action television series, drama television series",United States,English,7.0,tt0080240,70,7.0,1,"MAGNUM, P.I."
3705,Hunters,2020,18+,70/100,0,0,1,0,tv_show,"drama television series, alternate history television series",United States,English,8.0,tt7456722,70,18.0,1,HUNTERS
3707,"Eerie, Indiana",1991,7+,70/100,0,0,1,0,tv_show,science fiction television program,United States,English,9.0,tt0101088,70,7.0,1,"EERIE, INDIANA"
3708,The Andy Griffith Show,1960,all,70/100,0,0,1,0,tv_show,American television sitcom,United States,English,8.4,tt0053479,70,16.0,1,THE ANDY GRIFFITH SHOW
3713,Mirzapur,2018,18+,69/100,0,0,1,0,tv_show,"thriller television series, crime television series, action television series",India,English,9.0,tt6473300,69,18.0,1,MIRZAPUR
3714,Sanctuary,2008,7+,69/100,0,0,1,0,tv_show,"paranormal television program, fantasy television series, science fiction television program",Canada,English,6.0,tt0965394,69,7.0,1,SANCTUARY
3715,Them,2021,16+,69/100,0,0,1,0,tv_show,reality television,United States,English,7.3/10,tt0092400,69,16.0,1,THEM
3716,Detectorists,2014,16+,69/100,0,0,1,0,tv_show,sitcom,United Kingdom,English,10.0,tt4082744,69,16.0,1,DETECTORISTS
3717,Tin Star,2017,18+,69/100,0,0,1,0,tv_show,thriller television series,"United Kingdom, Canada",English,7.0,tt4607112,69,18.0,1,TIN STAR
3719,The Durrells,2016,7+,69/100,0,0,1,0,tv_show,"drama television series, film based on book",United Kingdom,"English, Greek",9.0,tt5014882,69,7.0,1,THE DURRELLS
3720,Ordeal by Innocence,2018,16+,69/100,0,0,1,0,tv_show,"thriller television series, drama television series, television series based on a novel",United Kingdom,English,6.0,tt6118426,69,16.0,1,ORDEAL BY INNOCENCE
3721,Get Shorty,2017,18+,69/100,0,0,1,0,tv_show,"drama film, television series based on a novel",United States,English,8.0,tt5761496,69,18.0,1,GET SHORTY
3722,Thirteen,2016,18+,69/100,0,0,1,0,tv_show,reality television,United States,English,7.2/10,tt0092400,69,18.0,1,THIRTEEN
3724,The Returned,2015,18+,68/100,0,0,1,0,tv_show,"paranormal television program, horror television series, drama television series",France,French,10.0,tt2521668,68,18.0,1,THE RETURNED
3726,Trapped,2015,7+,68/100,0,0,1,0,tv_show,"thriller television series, crime television series, Nordic noir",Iceland,Icelandic,10.0,tt3561180,68,7.0,1,TRAPPED
3727,ALF,1986,all,68/100,0,0,1,0,tv_show,reality television,United States,English,7.4/10,tt0092400,68,16.0,1,ALF
3730,Informer,2018,18+,68/100,0,0,1,0,tv_show,"crime film, thriller film",United Kingdom,English,10.0,tt7161312,68,18.0,1,INFORMER
3732,Alex Rider,2020,16+,68/100,0,0,1,0,tv_show,"espionage television series, thriller television series, action television series, drama television series","United Kingdom, United States",English,8.0,tt6964748,68,16.0,1,ALEX RIDER
3733,Jesus of Nazareth,1977,7+,68/100,0,0,1,0,tv_show,reality television,United States,English,8.5/10,tt0092400,68,7.0,1,JESUS OF NAZARETH
3734,The Cosby Show,1984,all,68/100,0,0,1,0,tv_show,comedy television series,United States,English,7.4,tt0086687,68,16.0,1,THE COSBY SHOW
3736,Absentia,2017,18+,67/100,0,0,1,0,tv_show,"drama television series, crime television series, thriller television series",United States,English,7.1,tt6794990,67,18.0,1,ABSENTIA
3737,Grantchester,2014,16+,67/100,0,0,1,0,tv_show,"drama television series, television series based on a novel",United Kingdom,English,5.0,tt3747572,67,16.0,1,GRANTCHESTER
3738,The Men Who Built America,2012,7+,67/100,0,0,1,0,tv_show,docudrama,United States,English,10.0,tt2167393,67,7.0,1,THE MEN WHO BUILT AMERICA
3741,Too Old to Die Young,2019,18+,67/100,0,0,1,0,tv_show,"crime film, crime literature",United States,"English, Spanish",10.0,tt6517320,67,18.0,1,TOO OLD TO DIE YOUNG
3743,Forever,2018,18+,67/100,0,0,1,0,tv_show,reality television,United States,English,7.2/10,tt0092400,67,18.0,1,FOREVER
3744,Dororo,2019,18+,67/100,0,0,1,0,tv_show,reality television,United States,English,8.4/10,tt0092400,67,18.0,1,DORORO
3745,Good Girls Revolt,2015,18+,67/100,0,0,1,0,tv_show,historical drama,United States,English,10.0,tt4687892,67,18.0,1,GOOD GIRLS REVOLT
3746,Secret Diary of a Call Girl,2007,18+,67/100,0,0,1,0,tv_show,"comedy television series, drama television series, erotic television series",United Kingdom,English,6.0,tt1000734,67,18.0,1,SECRET DIARY OF A CALL GIRL
3747,Mad Dogs,2015,18+,67/100,0,0,1,0,tv_show,"black comedy, psychological thriller",United Kingdom,English,7.0,tt1652218,67,18.0,1,MAD DOGS
3749,Home Fires,2015,7+,66/100,0,0,1,0,tv_show,LGBT-related television series,United Kingdom,English,9.0,tt4015216,66,7.0,1,HOME FIRES
3750,Jean-Claude Van Johnson,2016,7+,66/100,0,0,1,0,tv_show,comedy,United States,English,9.0,tt6682754,66,7.0,1,JEAN-CLAUDE VAN JOHNSON
3751,The Honeymooners,1952,all,66/100,0,0,1,0,tv_show,American television sitcom,United States,English,8.6,tt0042114,66,16.0,1,THE HONEYMOONERS
3752,Isabel,2012,7+,66/100,0,0,1,0,tv_show,drama film,Chile,Spanish,10.0,tt14127520,66,7.0,1,ISABEL
3753,Vanity Fair,2018,7+,66/100,0,0,1,0,tv_show,television series based on a novel,United Kingdom,English,10.0,tt0159090,66,7.0,1,VANITY FAIR
3754,Lewis,2007,16+,66/100,0,0,1,0,tv_show,reality television,United States,English,8.0/10,tt0092400,66,16.0,1,LEWIS
3755,Mad About You,1992,16+,66/100,0,0,1,0,tv_show,sitcom,United States,English,10.0,tt0103484,66,16.0,1,MAD ABOUT YOU
3757,How the Universe Works,2010,7+,66/100,0,0,1,0,tv_show,documentary film,United States,English,8.0,tt1832668,66,7.0,1,HOW THE UNIVERSE WORKS
3759,Mister Rogers' Neighborhood,1968,all,65/100,0,0,1,0,tv_show,reality television,United States,English,8.8,tt0062588,65,16.0,1,MISTER ROGERS' NEIGHBORHOOD
3760,Made In Abyss,2017,18+,65/100,0,0,1,0,tv_show,reality television,United States,English,8.4/10,tt0092400,65,18.0,1,MADE IN ABYSS
3761,Hand of God,2014,7+,65/100,0,0,1,0,tv_show,"drama television series, psychological thriller",United States,English,9.0,tt3973768,65,7.0,1,HAND OF GOD
3762,Silent Witness,1996,16+,65/100,0,0,1,0,tv_show,"drama television series, crime television series",United Kingdom,English,8.0,tt0115355,65,16.0,1,SILENT WITNESS
3766,Arthur,1996,7+,65/100,0,0,1,0,tv_show,reality television,United States,English,7.3/10,tt0092400,65,7.0,1,ARTHUR
3767,The Carol Burnett Show,1967,all,65/100,0,0,1,0,tv_show,reality television,United States,English,10.0,tt0061240,65,16.0,1,THE CAROL BURNETT SHOW
3769,Howards End,2017,7+,64/100,1,0,1,0,tv_show,reality television,United States,English,7.3/10,tt0092400,64,7.0,1,HOWARDS END
3770,Wildfire,2005,16+,64/100,0,0,1,0,tv_show,"drama television series, teen drama television",United States,English,7.5,tt0439879,64,16.0,1,WILDFIRE
3771,A Gifted Man,2011,7+,64/100,0,0,1,0,tv_show,"fantasy television series, medical drama",United States,English,8.0,tt1820742,64,7.0,1,A GIFTED MAN
3772,Dance Academy,2010,16+,64/100,0,0,1,0,tv_show,"drama television series, children's film, teen drama television, children's television series","Australia, Germany",English,9.0,tt1551948,64,16.0,1,DANCE ACADEMY
3773,Making the Cut,2020,16+,64/100,0,0,1,0,tv_show,reality show,United States,English,6.7,tt8962394,64,16.0,1,MAKING THE CUT
3776,Man vs. Wild,2006,7+,64/100,0,0,1,0,tv_show,"reality television, nature program","United States, United Kingdom",English,8.0,tt0883772,64,7.0,1,MAN VS. WILD
3777,Breaking In,2011,16+,64/100,0,0,1,0,tv_show,American television sitcom,United States,English,7.0,tt1630574,64,16.0,1,BREAKING IN
3778,Bottom,1991,18+,64/100,0,0,1,0,tv_show,sitcom,United Kingdom,English,8.3,tt0103376,64,18.0,1,BOTTOM
3779,Paatal Lok,2020,18+,64/100,0,0,1,0,tv_show,reality television,United States,English,7.8/10,tt0092400,64,18.0,1,PAATAL LOK
3780,Alpha House,2013,16+,64/100,0,0,1,0,tv_show,political satire,United States,English,10.0,tt3012160,64,16.0,1,ALPHA HOUSE
3781,NOVA,1974,7+,64/100,0,0,1,0,tv_show,reality television,United States,English,8.7/10,tt0092400,64,7.0,1,NOVA
3782,Hustle,2006,16+,64/100,0,0,1,0,tv_show,drama television series,United Kingdom,English,9.0,tt0379632,64,16.0,1,HUSTLE
3783,Doctor Thorne,2016,16+,64/100,0,0,1,0,tv_show,period drama film,United Kingdom,English,4.0,tt4938084,64,16.0,1,DOCTOR THORNE
3784,The Royals,2015,16+,64/100,0,0,1,0,tv_show,"drama television series, LGBT-related television series",United States,English,6.0,tt3597912,64,16.0,1,THE ROYALS
3785,Fresh Meat,2011,18+,64/100,0,0,1,0,tv_show,"sitcom, college life television program",United Kingdom,English,7.8,tt2058303,64,18.0,1,FRESH MEAT
3787,The League of Gentlemen,1999,18+,64/100,0,0,1,0,tv_show,"comedy television series, LGBT-related television series",United Kingdom,English,8.4,tt0184135,64,18.0,1,THE LEAGUE OF GENTLEMEN
3788,American Experience,1988,7+,64/100,0,0,1,0,tv_show,"documentary film, television documentary",United States,English,10.0,tt0094416,64,7.0,1,AMERICAN EXPERIENCE
3789,4 Blocks,2017,7+,64/100,0,0,1,0,tv_show,drama film,Germany,"German, Arabic, English",10.0,tt5754602,64,7.0,1,4 BLOCKS
3790,The A Word,2016,18+,63/100,0,0,1,0,tv_show,drama,United Kingdom,English,8.0,tt5311790,63,18.0,1,THE A WORD
3791,Small Axe,2020,18+,63/100,0,0,1,0,tv_show,reality television,United States,English,7.9/10,tt0092400,63,18.0,1,SMALL AXE
3793,Breathe,2018,18+,63/100,0,0,1,0,tv_show,reality television,United States,English,8.3/10,tt0092400,63,18.0,1,BREATHE
3794,Panic,2021,16+,63/100,0,0,1,0,tv_show,reality television,United States,English,6.5/10,tt0092400,63,16.0,1,PANIC
3795,Survivorman,2004,7+,63/100,0,0,1,0,tv_show,television documentary,Canada,English,10.0,tt0770659,63,7.0,1,SURVIVORMAN
3796,Utopia,2020,16+,63/100,0,0,1,0,tv_show,reality television,United States,English,6.7/10,tt0092400,63,16.0,1,UTOPIA
3797,Banana Fish,2018,16+,63/100,0,0,1,0,tv_show,"telenovela, LGBT-related television series",Mexico,Spanish,7.1,tt2320524,63,16.0,1,BANANA FISH
3799,Sonic the Hedgehog,1993,7+,63/100,0,1,1,0,tv_show,reality television,United States,English,6.8/10,tt0092400,63,7.0,1,SONIC THE HEDGEHOG
3800,Mission: Impossible,1966,7+,63/100,0,0,1,0,tv_show,"crime television series, adventure television series, action television series",United States,English,7.9,tt0060009,63,7.0,1,MISSION: IMPOSSIBLE
3802,The Storyteller,1988,16+,62/100,0,0,1,0,tv_show,reality television,United States,English,8.9/10,tt0092400,62,16.0,1,THE STORYTELLER
3803,Between Two Ferns with Zach Galifianakis,2008,16+,62/100,0,0,1,0,tv_show,"talk show, comedy",United States,English,10.0,tt1535002,62,16.0,1,BETWEEN TWO FERNS WITH ZACH GALIFIANAKIS
3804,Guilt,2016,16+,62/100,0,0,1,0,tv_show,reality television,United States,English,6.0/10,tt0092400,62,16.0,1,GUILT
3805,Grounded for Life,2001,16+,62/100,0,0,1,0,tv_show,American television sitcom,United States,English,7.5,tt0255734,62,16.0,1,GROUNDED FOR LIFE
3806,The Last Tycoon,2016,7+,62/100,0,0,1,0,tv_show,television series based on a novel,United States,English,9.0,tt3390892,62,7.0,1,THE LAST TYCOON
3807,Lore,2017,16+,62/100,0,0,1,0,tv_show,reality television,United States,English,6.7/10,tt0092400,62,16.0,1,LORE
3809,Cops,1989,18+,62/100,0,0,1,0,tv_show,"docu-soap, television documentary",United States,English,8.0,tt0096563,62,18.0,1,COPS
3811,Survivor's Remorse,2014,18+,62/100,0,0,1,0,tv_show,reality television,United States,English,7.0,tt3231022,62,18.0,1,SURVIVOR'S REMORSE
3812,Comrade Detective,2017,18+,62/100,0,0,1,0,tv_show,"buddy cop film, historical fiction",United States,English,9.0,tt5834198,62,18.0,1,COMRADE DETECTIVE
3813,A Bit of Fry and Laurie,1989,16+,62/100,0,0,1,0,tv_show,comedy television series,United Kingdom,English,10.0,tt0101049,62,16.0,1,A BIT OF FRY AND LAURIE
3814,Wolfblood,2013,7+,62/100,0,0,1,0,tv_show,"mystery television series, werewolf television program",United Kingdom,English,10.0,tt2321596,62,7.0,1,WOLFBLOOD
3816,Neverland,2011,7+,62/100,0,0,1,0,tv_show,reality television,United States,English,6.4/10,tt0092400,62,7.0,1,NEVERLAND
3817,Just Add Magic,2015,7+,62/100,0,0,1,0,tv_show,"fantasy television series, television series based on a novel",United States,English,9.0,tt3952746,62,7.0,1,JUST ADD MAGIC
3818,Malgudi Days,1987,all,62/100,0,0,1,0,tv_show,fiction,India,English,10.0,tt0244911,62,16.0,1,MALGUDI DAYS
3819,Dark Shadows,1966,7+,62/100,0,0,1,0,tv_show,"paranormal television program, soap opera, vampire television program, werewolf television program",United States,English,9.0,tt0059978,62,7.0,1,DARK SHADOWS
3821,The Widow,2019,18+,61/100,0,0,1,0,tv_show,reality television,United Kingdom,English,5.0,tt7459986,61,18.0,1,THE WIDOW
3822,El Cid,2020,16+,61/100,0,0,1,0,tv_show,"historical television series, action television series, drama television series",Spain,Spanish,8.0,tt10689614,61,16.0,1,EL CID
3825,All or Nothing: Manchester City,2018,all,61/100,0,0,1,0,tv_show,reality television,United Kingdom,English,10.0,tt7653274,61,16.0,1,ALL OR NOTHING: MANCHESTER CITY
3827,Totally Spies!,2001,7+,61/100,0,0,1,0,tv_show,reality television,United States,English,7.0/10,tt0092400,61,7.0,1,TOTALLY SPIES!
3828,Underbelly,2008,18+,61/100,0,0,1,0,tv_show,drama television series,Australia,English,8.0,tt1119176,61,18.0,1,UNDERBELLY
3829,Our Girl,2014,16+,61/100,0,0,1,0,tv_show,drama television series,United Kingdom,English,6.0,tt3815412,61,16.0,1,OUR GIRL
3830,DOM,2021,16+,61/100,0,0,1,0,tv_show,reality television,United States,English,7.2/10,tt0092400,61,16.0,1,DOM
3832,Reading Rainbow,1983,all,61/100,0,0,1,0,tv_show,reality television,United States,English,8.4,tt0085075,61,16.0,1,READING RAINBOW
3833,"Kill Me, Heal Me",2015,16+,61/100,0,0,1,0,tv_show,"Korean drama, comedy film, drama film, romance film",South Korea,Korean,9.0,tt4339192,61,16.0,1,"KILL ME, HEAL ME"
3834,Ted Bundy: Falling for a Killer,2020,18+,61/100,0,0,1,0,tv_show,reality television,United States,English,7.9/10,tt0092400,61,18.0,1,TED BUNDY: FALLING FOR A KILLER
3835,"Dr. Quinn, Medicine Woman",1993,7+,60/100,0,0,1,0,tv_show,"drama television series, Westerns on television",United States,English,6.8,tt0103405,60,7.0,1,"DR. QUINN, MEDICINE WOMAN"
3836,Z: The Beginning of Everything,2017,7+,60/100,0,0,1,0,tv_show,historical television series,United States,English,8.0,tt4878612,60,7.0,1,Z: THE BEGINNING OF EVERYTHING
3837,The Romanoffs,2018,18+,60/100,0,0,1,0,tv_show,drama television series,United States,"English, French",8.0,tt6599482,60,18.0,1,THE ROMANOFFS
3838,Republic of Doyle,2010,16+,60/100,0,0,1,0,tv_show,"comedy drama, buddy cop film",Canada,English,8.0,tt1297754,60,16.0,1,REPUBLIC OF DOYLE
3841,Inside Edge,2017,18+,60/100,0,0,1,0,tv_show,LGBT-related television series,"India, United States",English,8.0,tt6112414,60,18.0,1,INSIDE EDGE
3842,The Feed,2019,16+,60/100,0,0,1,0,tv_show,"drama television series, psychological thriller",United States,English,5.0,tt8005176,60,16.0,1,THE FEED
3844,The Last Post,2017,18+,60/100,0,0,1,0,tv_show,drama television series,"United Kingdom, South Africa",English,8.0,tt5133742,60,18.0,1,THE LAST POST
3845,I Shouldn't Be Alive,2005,7+,60/100,0,0,1,0,tv_show,documentary film,United States,English,9.0,tt0492429,60,7.0,1,I SHOULDN'T BE ALIVE
3846,A French Village,2009,16+,60/100,0,0,1,0,tv_show,reality television,United States,English,8.4/10,tt0092400,60,16.0,1,A FRENCH VILLAGE
3848,Halo 4: Forward Unto Dawn,2012,16+,60/100,0,0,1,0,tv_show,reality television,United States,English,6.9/10,tt0092400,60,16.0,1,HALO 4: FORWARD UNTO DAWN
3849,Four More Shots Please,2019,18+,60/100,0,0,1,0,tv_show,"romance, comedy television series, LGBT-related television series",India,English,2.0,tt8242548,60,18.0,1,FOUR MORE SHOTS PLEASE
3851,James May: Our Man In Japan,2020,16+,60/100,0,0,1,0,tv_show,reality television,United States,English,8.4/10,tt0092400,60,16.0,1,JAMES MAY: OUR MAN IN JAPAN
3852,The Lost World,1999,7+,60/100,0,0,1,0,tv_show,"fantasy television series, television series based on a novel","Canada, Australia, New Zealand",English,7.0,tt0240278,60,7.0,1,THE LOST WORLD
3855,All or Nothing: Tottenham Hotspur,2020,16+,59/100,0,0,1,0,tv_show,reality television,United Kingdom,English,9.0,tt11188556,59,16.0,1,ALL OR NOTHING: TOTTENHAM HOTSPUR
3856,All or Nothing,2016,18+,59/100,0,0,1,0,tv_show,reality television,United States,English,8.6/10,tt0092400,59,18.0,1,ALL OR NOTHING
3857,Appropriate Adult,2011,18+,59/100,0,0,1,0,tv_show,reality television,United States,English,7.5/10,tt0092400,59,18.0,1,APPROPRIATE ADULT
3858,Mr. Bean: The Animated Series,2002,all,59/100,0,0,1,0,tv_show,reality television,United States,English,6.9/10,tt0092400,59,16.0,1,MR. BEAN: THE ANIMATED SERIES
3859,Picnic at Hanging Rock,2018,16+,59/100,0,0,1,0,tv_show,television series based on a novel,Australia,English,5.0,tt6038954,59,16.0,1,PICNIC AT HANGING ROCK
3861,Frontline,1983,18+,59/100,0,0,1,0,tv_show,television documentary,United States,English,8.0,tt0133302,59,18.0,1,FRONTLINE
3862,Little Women,2017,7+,59/100,0,0,1,0,tv_show,reality television,United States,English,7.2/10,tt0092400,59,7.0,1,LITTLE WOMEN
3863,Solos,2021,16+,59/100,0,0,1,0,tv_show,reality television,United States,English,5.8/10,tt0092400,59,16.0,1,SOLOS
3864,Earth: Final Conflict,1997,7+,59/100,0,0,1,0,tv_show,science fiction television program,"United States, Canada",English,6.3,tt0123816,59,7.0,1,EARTH: FINAL CONFLICT
3865,The ABC Murders,2018,16+,59/100,0,0,1,0,tv_show,"mystery television series, television series based on a novel",United Kingdom,English,7.0,tt8463714,59,16.0,1,THE ABC MURDERS
3867,Indian Summers,2015,7+,59/100,0,0,1,0,tv_show,drama television series,United Kingdom,English,7.0,tt3706628,59,7.0,1,INDIAN SUMMERS
3868,Sea Patrol,2007,7+,59/100,0,0,1,0,tv_show,drama television series,Australia,English,9.0,tt0879688,59,7.0,1,SEA PATROL
3869,Inside Men,2012,16+,59/100,0,0,1,0,tv_show,crime television series,United Kingdom,English,5.0,tt1989062,59,16.0,1,INSIDE MEN
3870,The Backyardigans,2004,7+,59/100,0,0,1,0,tv_show,reality television,United States,English,7.0/10,tt0092400,59,7.0,1,THE BACKYARDIGANS
3871,ReGenesis,2004,18+,59/100,0,0,1,0,tv_show,"thriller television series, science fiction television program, drama television series, biopunk",Canada,English,8.0,tt0429422,59,18.0,1,REGENESIS
3872,Ghost Hunters,2004,7+,59/100,0,0,1,0,tv_show,reality television,United States,English,6.3,tt0426697,59,7.0,1,GHOST HUNTERS
3873,September Mornings,2021,16+,59/100,0,0,1,0,tv_show,"drama film, LGBT-related television series",Brazil,Portuguese,10.0,tt14532744,59,16.0,1,SEPTEMBER MORNINGS
3875,Blood & Treasure,2019,16+,58/100,0,0,1,0,tv_show,action television series,United States,English,7.0,tt7712598,58,16.0,1,BLOOD & TREASURE
3876,Betas,2013,18+,58/100,0,0,1,0,tv_show,German television comedy,United States,English,7.0,tt3012184,58,18.0,1,BETAS
3877,The Test: A New Era For Australia's Team,2020,16+,58/100,0,0,1,0,tv_show,reality television,Australia,English,10.0,tt11347692,58,16.0,1,THE TEST: A NEW ERA FOR AUSTRALIA'S TEAM
3878,Falling Water,2016,16+,58/100,0,0,1,0,tv_show,drama television series,United States,English,10.0,tt4520992,58,16.0,1,FALLING WATER
3880,Made in Heaven,2019,18+,58/100,0,0,1,0,tv_show,LGBT-related television series,India,Hindi,10.0,tt6494622,58,18.0,1,MADE IN HEAVEN
3881,Hunting Hitler,2015,16+,58/100,0,0,1,0,tv_show,reality television,United States,English,8.0,tt5248878,58,16.0,1,HUNTING HITLER
3882,A Different World,1987,7+,58/100,0,0,1,0,tv_show,"youth series, comedy television series, college life television program",United States,English,7.1,tt0092339,58,7.0,1,A DIFFERENT WORLD
3883,Wotakoi: Love is Hard for Otaku,2018,16+,58/100,0,0,1,0,tv_show,reality television,United States,English,7.6/10,tt0092400,58,16.0,1,WOTAKOI: LOVE IS HARD FOR OTAKU
3884,Laakhon Mein Ek,2017,16+,58/100,0,0,1,0,tv_show,reality television,India,English,8.2/10,tt0092400,58,16.0,1,LAAKHON MEIN EK
3885,Dilbert,1999,7+,58/100,0,0,1,0,tv_show,reality television,United States,English,7.3/10,tt0092400,58,7.0,1,DILBERT
3887,Time Team,1994,all,57/100,0,0,1,0,tv_show,television documentary,United Kingdom,English,8.5,tt0108961,57,16.0,1,TIME TEAM
3890,Cagney & Lacey,1982,7+,57/100,0,0,1,0,tv_show,"drama television series, police procedural",United States,English,6.9,tt0083395,57,7.0,1,CAGNEY & LACEY
3891,Paradise City,2021,16+,57/100,0,0,1,0,tv_show,reality television,United States,English,6.9/10,tt0092400,57,16.0,1,PARADISE CITY
3893,Cyberchase,2002,all,57/100,0,0,1,0,tv_show,reality television,United States,English,6.8/10,tt0092400,57,16.0,1,CYBERCHASE
3894,The Pale Horse,2020,all,57/100,0,0,1,0,tv_show,reality television,United States,English,6.1/10,tt0092400,57,16.0,1,THE PALE HORSE
3896,Wild Kratts,2011,all,57/100,0,0,1,0,tv_show,reality television,United States,English,7.7/10,tt0092400,57,16.0,1,WILD KRATTS
3897,Pingu,1986,all,57/100,0,0,1,0,tv_show,reality television,United States,English,7.4/10,tt0092400,57,16.0,1,PINGU
3898,Breathe: Into the Shadows,2020,16+,57/100,0,0,1,0,tv_show,reality television,India,Hindi,9.0,tt12405230,57,16.0,1,BREATHE: INTO THE SHADOWS
3899,Bubble Guppies,2011,all,57/100,0,0,1,0,tv_show,reality television,United States,English,6.4/10,tt0092400,57,16.0,1,BUBBLE GUPPIES
3900,Clifford the Big Red Dog,2000,all,57/100,0,0,1,0,tv_show,reality television,"United States, Canada",English,10.0,tt8447844,57,16.0,1,CLIFFORD THE BIG RED DOG
3902,The Reagans,2020,7+,57/100,0,0,1,0,tv_show,reality television,United States,English,6.5/10,tt0092400,57,7.0,1,THE REAGANS
3903,Inazuma Eleven,2008,7+,57/100,0,0,1,0,tv_show,reality television,United States,English,8.0/10,tt0092400,57,7.0,1,INAZUMA ELEVEN
3904,Drifters,2013,18+,57/100,0,0,1,0,tv_show,sitcom,United Kingdom,English,7.0,tt3323824,57,18.0,1,DRIFTERS
3905,Touching Evil,1997,16+,57/100,0,0,1,0,tv_show,drama television series,United Kingdom,English,7.8,tt0118497,57,16.0,1,TOUCHING EVIL
3906,Thunderbirds,1965,7+,56/100,0,0,1,0,tv_show,"science fiction television program, adventure television series, action television series, children's television series",United Kingdom,English,7.9,tt0057790,56,7.0,1,THUNDERBIRDS
3908,Thriller,1960,16+,56/100,1,0,1,0,tv_show,reality television,United States,English,8.2/10,tt0092400,56,16.0,1,THRILLER
3909,Gortimer Gibbon's Life on Normal Street,2014,all,56/100,0,0,1,0,tv_show,children's television series,United States,English,10.0,tt3496764,56,16.0,1,GORTIMER GIBBON'S LIFE ON NORMAL STREET
3910,The Bernie Mac Show,2001,7+,56/100,0,0,1,0,tv_show,"comedy television series, sitcom",United States,English,7.2,tt0285341,56,7.0,1,THE BERNIE MAC SHOW
3911,Dr. G: Medical Examiner,2004,16+,56/100,0,0,1,0,tv_show,reality television,United States,English,10.0,tt0364314,56,16.0,1,DR. G: MEDICAL EXAMINER
3912,David Copperfield,1999,7+,56/100,0,0,1,0,tv_show,reality television,United States,English,7.7/10,tt0092400,56,7.0,1,DAVID COPPERFIELD
3913,Say Yes to the Dress,2007,7+,56/100,0,0,1,0,tv_show,reality television,United States,English,3.0,tt1166709,56,7.0,1,SAY YES TO THE DRESS
3914,Red Rock,2015,7+,56/100,0,0,1,0,tv_show,reality television,Ireland,English,8.0,tt4320944,56,7.0,1,RED ROCK
3915,Almost Royal,2014,7+,56/100,0,0,1,0,tv_show,reality television,"United Kingdom, United States",English,7.3,tt3727552,56,7.0,1,ALMOST ROYAL
3916,Wu-Tang Clan: Of Mics and Men,2019,18+,56/100,0,0,1,0,tv_show,reality television,United States,English,7.0,tt9376934,56,18.0,1,WU-TANG CLAN: OF MICS AND MEN
3917,Daniel Tiger's Neighborhood,2012,all,56/100,0,0,1,0,tv_show,reality television,United States,English,7.4/10,tt0092400,56,16.0,1,DANIEL TIGER'S NEIGHBORHOOD
3918,Criminal Minds: Suspect Behavior,2011,16+,56/100,0,0,1,0,tv_show,"police procedural, crime television series",United States,English,8.0,tt1703874,56,16.0,1,CRIMINAL MINDS: SUSPECT BEHAVIOR
3919,Whites,2010,18+,56/100,0,0,1,0,tv_show,reality television,United States,English,7.6/10,tt0092400,56,18.0,1,WHITES
3920,The Slave Hunters,2010,16+,56/100,0,0,1,0,tv_show,action television series,South Korea,Korean,10.0,tt2980528,56,16.0,1,THE SLAVE HUNTERS
3922,The Devil's Whore,2008,16+,56/100,0,0,1,0,tv_show,reality television,United States,English,7.1/10,tt0092400,56,16.0,1,THE DEVIL'S WHORE
3923,How the States Got Their Shapes,2010,7+,56/100,0,0,1,0,tv_show,reality television,United States,English,8.1/10,tt0092400,56,7.0,1,HOW THE STATES GOT THEIR SHAPES
3924,One Mississippi,2016,18+,56/100,0,0,1,0,tv_show,"comedy drama, LGBT-related television series",United States,English,9.0,tt4947608,56,18.0,1,ONE MISSISSIPPI
3925,Rick Steves' Europe,2000,all,56/100,0,0,1,0,tv_show,reality television,United States,English,8.0,tt1243815,56,16.0,1,RICK STEVES' EUROPE
3926,Our Mutual Friend,1998,16+,56/100,0,0,1,0,tv_show,reality television,United Kingdom,English,10.0,tt0144727,56,16.0,1,OUR MUTUAL FRIEND
3927,London Kills,2019,16+,55/100,0,0,1,0,tv_show,reality television,United Kingdom,English,8.0,tt8571906,55,16.0,1,LONDON KILLS
3928,Hell Girl,2005,18+,55/100,0,0,1,0,tv_show,reality television,United States,English,7.5/10,tt0092400,55,18.0,1,HELL GIRL
3930,Grand Blue,2018,18+,55/100,0,0,1,0,tv_show,reality television,United States,English,7.9/10,tt0092400,55,18.0,1,GRAND BLUE
3931,Cuffs,2015,16+,55/100,0,0,1,0,tv_show,"police procedural, LGBT-related television series",United Kingdom,English,9.0,tt4568288,55,16.0,1,CUFFS
3932,She Was Pretty,2015,16+,55/100,0,0,1,0,tv_show,"romantic comedy, Workplace",South Korea,Korean,8.0,tt5045900,55,16.0,1,SHE WAS PRETTY
3933,Dora the Explorer,2000,all,55/100,0,0,1,0,tv_show,reality television,United States,English,4.2/10,tt0092400,55,16.0,1,DORA THE EXPLORER
3935,Counting Cars,2012,7+,55/100,0,0,1,0,tv_show,reality television,United States,English,7.0,tt2338096,55,7.0,1,COUNTING CARS
3936,Home and Away,1988,7+,55/100,0,0,1,0,tv_show,soap opera,Australia,English,5.1,tt0094481,55,7.0,1,HOME AND AWAY
3937,Hamish Macbeth,1995,16+,55/100,0,0,1,0,tv_show,reality television,United Kingdom,Scottish English,9.0,tt0111993,55,16.0,1,HAMISH MACBETH
3938,A Very British Coup,1988,18+,55/100,0,0,1,0,tv_show,reality television,United States,English,8.3/10,tt0092400,55,18.0,1,A VERY BRITISH COUP
3939,Titanic,2012,16+,55/100,0,0,1,0,tv_show,reality television,United States,English,6.0/10,tt0092400,55,16.0,1,TITANIC
3940,Edwardian Farm,2010,16+,55/100,0,0,1,0,tv_show,documentary film,United Kingdom,English,7.0,tt1821820,55,16.0,1,EDWARDIAN FARM
3941,Texas Rising,2015,16+,55/100,0,0,1,0,tv_show,reality television,United States,English,6.7/10,tt0092400,55,16.0,1,TEXAS RISING
3942,"Nu, pogodi!",1969,16+,55/100,0,0,1,0,tv_show,reality television,United States,English,8.6/10,tt0092400,55,16.0,1,"NU, POGODI!"
3944,Oliver Twist,2007,7+,55/100,0,0,1,0,tv_show,reality television,United States,English,7.4/10,tt0092400,55,7.0,1,OLIVER TWIST
3945,World’s Toughest Race: Eco-Challenge Fiji,2020,16+,55/100,0,0,1,0,tv_show,"reality television, television documentary",United States,English,5.0,tt8527842,55,16.0,1,WORLD’S TOUGHEST RACE: ECO-CHALLENGE FIJI
3946,Father Knows Best,1954,all,54/100,0,0,1,0,tv_show,"American television sitcom, comedy television series",United States,English,7.4,tt0046600,54,16.0,1,FATHER KNOWS BEST
3947,Legend of Earthsea,2004,16+,54/100,0,0,1,0,tv_show,reality television,United States,English,5.7/10,tt0092400,54,16.0,1,LEGEND OF EARTHSEA
3948,I Love Dick,2016,16+,54/100,0,0,1,0,tv_show,comedy,United States,English,6.4,tt5478730,54,16.0,1,I LOVE DICK
3949,The Ray Bradbury Theater,1985,16+,54/100,0,0,1,0,tv_show,"science fiction television program, anthology series","United States, Canada",English,6.0,tt0088591,54,16.0,1,THE RAY BRADBURY THEATER
3950,Rocco Schiavone,2016,7+,54/100,0,0,1,0,tv_show,"drama film, crime film, thriller film, film based on literature",Italy,English,8.0,tt6231158,54,7.0,1,ROCCO SCHIAVONE
3951,WordWorld,2007,all,54/100,0,0,1,0,tv_show,reality television,United States,English,6.7/10,tt0092400,54,16.0,1,WORDWORLD
3952,The Collection,2016,18+,54/100,0,0,1,0,tv_show,reality television,United States,English,7.1/10,tt0092400,54,18.0,1,THE COLLECTION
3953,Beecham House,2019,16+,54/100,0,0,1,0,tv_show,period drama film,United Kingdom,English,10.0,tt8451638,54,16.0,1,BEECHAM HOUSE
3954,The Twelve Kingdoms,2002,16+,54/100,0,0,1,0,tv_show,reality television,United States,English,8.1/10,tt0092400,54,16.0,1,THE TWELVE KINGDOMS
3955,The Way We Live Now,2001,16+,54/100,0,0,1,0,tv_show,drama television series,United Kingdom,English,8.0,tt0300879,54,16.0,1,THE WAY WE LIVE NOW
3956,Land of the Lustrous,2017,16+,54/100,0,0,1,0,tv_show,reality television,United States,English,8.0/10,tt0092400,54,16.0,1,LAND OF THE LUSTROUS
3957,Rowan & Martin's Laugh-In,1967,7+,54/100,0,0,1,0,tv_show,reality television,United States,English,8.0,tt0062601,54,7.0,1,ROWAN & MARTIN'S LAUGH-IN
3961,Super Wings!,2014,all,54/100,0,0,1,0,tv_show,reality television,United States,English,6.2/10,tt0092400,54,16.0,1,SUPER WINGS!
3962,Touched by an Angel,1994,7+,54/100,0,0,1,0,tv_show,"drama television series, adventure television series",United States,English,6.1,tt0108968,54,7.0,1,TOUCHED BY AN ANGEL
3963,The Border,2008,7+,54/100,0,0,1,0,tv_show,reality television,Canada,English,9.0,tt0896527,54,7.0,1,THE BORDER
3964,Victorian Farm,2009,16+,54/100,0,0,1,0,tv_show,documentary film,United Kingdom,English,9.0,tt1372211,54,16.0,1,VICTORIAN FARM
3965,Crisis in Six Scenes,2016,all,54/100,0,0,1,0,tv_show,comedy television program,United States,English,9.0,tt4354616,54,16.0,1,CRISIS IN SIX SCENES
3966,American Playboy: The Hugh Hefner Story,2017,18+,54/100,0,0,1,0,tv_show,"docudrama, political drama",United States,English,8.0,tt5968748,54,18.0,1,AMERICAN PLAYBOY: THE HUGH HEFNER STORY
3967,The Street,2006,18+,54/100,0,0,1,0,tv_show,reality television,United Kingdom,English,10.0,tt0472984,54,18.0,1,THE STREET
3968,Tales of the Unexpected,1979,7+,54/100,0,0,1,0,tv_show,"anthology series, crime television series, horror television series",United Kingdom,English,8.0,tt0075592,54,7.0,1,TALES OF THE UNEXPECTED
3969,Meerkat Manor,2005,16+,54/100,0,0,1,0,tv_show,television documentary,United Kingdom,English,8.3,tt0765725,54,16.0,1,MEERKAT MANOR
3972,My Mother and Other Strangers,2016,16+,54/100,0,0,1,0,tv_show,reality television,United Kingdom,English,9.0,tt5882386,54,16.0,1,MY MOTHER AND OTHER STRANGERS
3973,Charles II: The Power and The Passion,2003,16+,53/100,0,0,1,0,tv_show,reality television,United States,English,7.5/10,tt0092400,53,16.0,1,CHARLES II: THE POWER AND THE PASSION
3974,Moby Dick,1998,7+,53/100,0,0,1,0,tv_show,reality television,United States,English,6.5/10,tt0092400,53,7.0,1,MOBY DICK
3975,A Cook's Tour,2002,16+,53/100,0,0,1,0,tv_show,reality television,United States,English,8.3,tt0306306,53,16.0,1,A COOK'S TOUR
3976,Beat,2018,18+,53/100,0,0,1,0,tv_show,reality television,United States,English,7.4/10,tt0092400,53,18.0,1,BEAT
3977,Long Strange Trip,2017,18+,53/100,0,0,1,0,tv_show,reality television,United States,English,8.2/10,tt0092400,53,18.0,1,LONG STRANGE TRIP
3978,Middlemarch,1994,16+,53/100,0,0,1,0,tv_show,reality television,United States,English,7.4/10,tt0092400,53,16.0,1,MIDDLEMARCH
3979,Wahlburgers,2014,16+,53/100,0,0,1,0,tv_show,reality television,United States,English,3.0,tt3333880,53,16.0,1,WAHLBURGERS
3980,Island at War,2004,16+,53/100,0,0,1,0,tv_show,drama television series,United Kingdom,English,10.0,tt0401019,53,16.0,1,ISLAND AT WAR
3981,We Children from Bahnhof Zoo,2021,16+,53/100,0,0,1,0,tv_show,"drama television series, coming-of-age fiction",Germany,German,3.0,tt13138972,53,16.0,1,WE CHILDREN FROM BAHNHOF ZOO
3983,Kung Fu Panda: The Paws of Destiny,2018,7+,53/100,0,0,1,0,tv_show,reality television,United States,English,7.6/10,tt0092400,53,7.0,1,KUNG FU PANDA: THE PAWS OF DESTINY
3984,The Bold and the Beautiful,1987,16+,53/100,0,0,1,0,tv_show,soap opera,United States,English,4.0,tt0092325,53,16.0,1,THE BOLD AND THE BEAUTIFUL
3985,Lucky Dog,2013,all,53/100,0,0,1,0,tv_show,reality television,United States,English,8.5/10,tt0092400,53,16.0,1,LUCKY DOG
3986,Team Umizoomi,2010,all,53/100,0,0,1,0,tv_show,reality television,United States,English,6.0/10,tt0092400,53,16.0,1,TEAM UMIZOOMI
3987,GRAND PRIX Driver,2018,7+,53/100,0,0,1,0,tv_show,reality television,United States,English,7.6/10,tt0092400,53,7.0,1,GRAND PRIX DRIVER
3989,Gordon Ramsay's Ultimate Cookery Course,2012,16+,53/100,0,0,1,0,tv_show,cooking show,United Kingdom,English,9.0,tt2438272,53,16.0,1,GORDON RAMSAY'S ULTIMATE COOKERY COURSE
3990,Moon Embracing the Sun,2012,7+,53/100,0,0,1,0,tv_show,"historical television series, historical drama, fantasy television series, romance television series",South Korea,Korean,10.0,tt3143378,53,7.0,1,MOON EMBRACING THE SUN
3992,The Forgotten Army - Azaadi ke liye,2020,18+,53/100,0,0,1,0,tv_show,reality television,United States,English,8.1/10,tt0092400,53,18.0,1,THE FORGOTTEN ARMY - AZAADI KE LIYE
3993,RahXephon,2002,16+,53/100,0,0,1,0,tv_show,reality television,United States,English,7.2/10,tt0092400,53,16.0,1,RAHXEPHON
3995,Accidentally on Purpose,2009,7+,52/100,0,0,1,0,tv_show,American television sitcom,United States,English,6.4,tt1441096,52,7.0,1,ACCIDENTALLY ON PURPOSE
3996,Hammer House of Horror,1980,18+,52/100,0,0,1,0,tv_show,"drama television series, horror television series, thriller television series, anthology series",United Kingdom,English,10.0,tt0080231,52,18.0,1,HAMMER HOUSE OF HORROR
3997,Rescue: Special Ops,2009,16+,52/100,0,0,1,0,tv_show,"police procedural, drama television series",Australia,English,8.0,tt1442566,52,16.0,1,RESCUE: SPECIAL OPS
3998,Everest: Beyond the Limit,2006,7+,52/100,0,0,1,0,tv_show,reality television,United States,English,8.0,tt0883680,52,7.0,1,EVEREST: BEYOND THE LIMIT
3999,Odd Squad,2014,all,52/100,0,0,1,0,tv_show,educational entertainment,"Canada, United States",English,10.0,tt3900614,52,16.0,1,ODD SQUAD
4000,Detective Anna,2016,16+,52/100,0,0,1,0,tv_show,"detective fiction, mysticism, historical film, melodrama",Russia,Russian,10.0,tt6226710,52,16.0,1,DETECTIVE ANNA
4001,Sarazanmai,2019,7+,52/100,0,0,1,0,tv_show,reality television,United States,English,7.0/10,tt0092400,52,7.0,1,SARAZANMAI
4002,One Step Beyond,1959,all,52/100,0,0,1,0,tv_show,reality television,United States,English,7.8/10,tt0092400,52,16.0,1,ONE STEP BEYOND
4003,Everyday Driver,2017,16+,52/100,0,0,1,0,tv_show,reality television,United States,English,9.3/10,tt0092400,52,16.0,1,EVERYDAY DRIVER
4004,The Island with Bear Grylls,2014,16+,52/100,0,0,1,0,tv_show,reality television,United Kingdom,English,8.0,tt3725394,52,16.0,1,THE ISLAND WITH BEAR GRYLLS
4005,Here's Lucy,1968,all,52/100,0,0,1,0,tv_show,American television sitcom,United States,English,7.0,tt0062570,52,16.0,1,HERE'S LUCY
4006,Hotel Impossible,2012,7+,52/100,0,0,1,0,tv_show,reality television,United States,English,10.0,tt2129304,52,7.0,1,HOTEL IMPOSSIBLE
4008,Zoboomafoo,1999,7+,52/100,0,0,1,0,tv_show,"children's television series, live action/animated television series","United States, Canada",English,7.6,tt0190211,52,7.0,1,ZOBOOMAFOO
4009,Jessica,2004,16+,52/100,0,0,1,0,tv_show,reality television,United States,English,7.6/10,tt0092400,52,16.0,1,JESSICA
4010,The Passing Bells,2014,7+,52/100,0,0,1,0,tv_show,reality television,United Kingdom,English,10.0,tt3893044,52,7.0,1,THE PASSING BELLS
4011,Pandora,2019,7+,52/100,1,0,1,0,tv_show,reality television,United States,English,4.2/10,tt0092400,52,7.0,1,PANDORA
4013,Luxe Listings Sydney,2021,16+,52/100,0,0,1,0,tv_show,reality television,Australia,English,4.0,tt14344354,52,16.0,1,LUXE LISTINGS SYDNEY
4014,The Hunger,1997,18+,52/100,0,0,1,0,tv_show,"drama television series, anthology series, erotica",Canada,English,5.0,tt0118346,52,18.0,1,THE HUNGER
4015,Lorena,2019,18+,52/100,0,0,1,0,tv_show,reality television,United States,English,7.2/10,tt0092400,52,18.0,1,LORENA
4017,Harmony with A R Rahman,2018,16+,52/100,0,0,1,0,tv_show,reality television,United States,English,9.2/10,tt0092400,52,16.0,1,HARMONY WITH A R RAHMAN
4018,You Are Wanted,2017,7+,52/100,0,0,1,0,tv_show,thriller,Germany,German,8.0,tt5462886,52,7.0,1,YOU ARE WANTED
4019,The Time of Our Lives,2013,16+,52/100,0,0,1,0,tv_show,reality television,Australia,English,9.0,tt2196296,52,16.0,1,THE TIME OF OUR LIVES
4020,7 Deadly Sins,2014,18+,52/100,0,0,1,0,tv_show,reality television,United States,English,7.1/10,tt0092400,52,18.0,1,7 DEADLY SINS
4021,Grace Under Fire,1993,7+,52/100,0,0,1,0,tv_show,sitcom,United States,English,6.4,tt0106017,52,7.0,1,GRACE UNDER FIRE
4022,Himouto! Umaru-chan,2015,16+,52/100,0,0,1,0,tv_show,reality television,United States,English,7.0/10,tt0092400,52,16.0,1,HIMOUTO! UMARU-CHAN
4024,Story of Yanxi Palace,2018,16+,52/100,0,0,1,0,tv_show,"drama, historical fiction",People's Republic of China,English,8.0,tt8865016,52,16.0,1,STORY OF YANXI PALACE
4025,The Big Comfy Couch,1993,all,52/100,0,0,1,0,tv_show,comedy,Canada,English,7.2,tt0136634,52,16.0,1,THE BIG COMFY COUCH
4026,David the Gnome,1985,all,52/100,0,0,1,0,tv_show,reality television,United States,English,7.4/10,tt0092400,52,16.0,1,DAVID THE GNOME
4028,Free to Choose,1980,16+,51/100,0,0,1,0,tv_show,reality television,United States,English,9.1/10,tt0092400,51,16.0,1,FREE TO CHOOSE
4029,All or Nothing: New Zealand All Blacks,2018,16+,51/100,0,0,1,0,tv_show,reality television,United States,English,8.1/10,tt0092400,51,16.0,1,ALL OR NOTHING: NEW ZEALAND ALL BLACKS
4030,Teen Mom OG,2009,7+,51/100,0,0,1,0,tv_show,reality television,United States,English,3.7,tt1566154,51,7.0,1,TEEN MOM OG
4031,Miami Ink,2005,7+,51/100,0,0,1,0,tv_show,reality television,United States,English,10.0,tt0472014,51,7.0,1,MIAMI INK
4033,Beowulf: Return to the Shieldlands,2016,7+,51/100,0,0,1,0,tv_show,reality television,United States,English,5.8/10,tt0092400,51,7.0,1,BEOWULF: RETURN TO THE SHIELDLANDS
4034,Cosby,1996,7+,51/100,0,0,1,0,tv_show,"comedy film, sitcom, black sitcom",United States,English,6.2,tt0115144,51,7.0,1,COSBY
4035,The Boarding School: Las Cumbres,2021,16+,51/100,0,0,1,0,tv_show,reality television,United States,English,6.5/10,tt0092400,51,16.0,1,THE BOARDING SCHOOL: LAS CUMBRES
4036,Mayday,2013,16+,51/100,0,0,1,0,tv_show,docudrama,Canada,English,9.0,tt0386950,51,16.0,1,MAYDAY
4038,The Real McCoys,1957,16+,51/100,0,0,1,0,tv_show,sitcom,United States,English,7.6,tt0050053,51,16.0,1,THE REAL MCCOYS
4039,I Love Money,2008,16+,51/100,0,0,1,0,tv_show,reality television,United States,English,7.0,tt1229295,51,16.0,1,I LOVE MONEY
4040,Bobby's World,1990,all,51/100,0,0,1,0,tv_show,reality television,United States,English,7.3/10,tt0092400,51,16.0,1,BOBBY'S WORLD
4041,Leo the Wildlife Ranger,2015,16+,51/100,0,0,1,0,tv_show,reality television,Singapore,English,8.0,tt5375224,51,16.0,1,LEO THE WILDLIFE RANGER
4042,Safe House,2015,18+,51/100,0,0,1,0,tv_show,reality television,United States,English,6.4/10,tt0092400,51,18.0,1,SAFE HOUSE
4044,The Saddle Club,2001,all,51/100,0,0,1,0,tv_show,comedy television series,"Australia, Canada",English,6.2,tt0278876,51,16.0,1,THE SADDLE CLUB
4045,The Principal,2015,16+,51/100,0,0,1,0,tv_show,drama,Australia,English,5.0,tt4146664,51,16.0,1,THE PRINCIPAL
4046,Secret Agent,1965,7+,51/100,0,0,1,0,tv_show,reality television,United States,English,8.2/10,tt0092400,51,7.0,1,SECRET AGENT
4047,The Vineyard,2021,16+,51/100,0,0,1,0,tv_show,"period drama film, romance",Spain,Spanish,7.0,tt10681240,51,16.0,1,THE VINEYARD
4048,Tandav,2021,18+,51/100,0,0,1,0,tv_show,reality television,India,Hindi,7.0,tt11117570,51,18.0,1,TANDAV
4049,James May: Oh Cook!,2020,16+,51/100,0,0,1,0,tv_show,cooking show,United Kingdom,English,7.0,tt12546678,51,16.0,1,JAMES MAY: OH COOK!
4051,Amazon,1999,16+,51/100,0,0,1,0,tv_show,reality television,United States,English,7.6/10,tt0092400,51,16.0,1,AMAZON
4052,The New Yorker Presents,2016,18+,51/100,0,0,1,0,tv_show,reality television,United States,English,10.0,tt4115864,51,18.0,1,THE NEW YORKER PRESENTS
4053,Oddities,2010,7+,51/100,0,0,1,0,tv_show,"reality television, documentary film",United States,English,9.0,tt1870946,51,7.0,1,ODDITIES
4054,The Secret World of Nature: Spain,2020,7+,51/100,0,0,1,0,tv_show,reality television,United States,English,9.6/10,tt0092400,51,7.0,1,THE SECRET WORLD OF NATURE: SPAIN
4055,Aristocrats,1999,7+,51/100,0,0,1,0,tv_show,drama television series,United Kingdom,English,7.0,tt0204082,51,7.0,1,ARISTOCRATS
4057,Littlest Pet Shop,2012,all,51/100,0,0,1,0,tv_show,reality television,"United States, Canada",English,6.7,tt0212670,51,16.0,1,LITTLEST PET SHOP
4058,Hole in the Wall,2008,all,51/100,1,0,1,0,tv_show,game show,United States,English,1.0,tt1277979,51,16.0,1,HOLE IN THE WALL
4059,The Scholar Who Walks the Night,2015,16+,50/100,0,0,1,0,tv_show,"vampire film, period drama film",South Korea,Korean,10.0,tt4846958,50,16.0,1,THE SCHOLAR WHO WALKS THE NIGHT
4060,Murder Calls,2017,16+,50/100,0,0,1,0,tv_show,docudrama,Australia,English,5.9,tt6624166,50,16.0,1,MURDER CALLS
4061,Hitorijime My Hero,2017,16+,50/100,0,0,1,0,tv_show,reality television,United States,English,7.1/10,tt0092400,50,16.0,1,HITORIJIME MY HERO
4062,Charlie and Lola,2005,all,50/100,0,0,1,0,tv_show,reality television,United States,English,6.7/10,tt0092400,50,16.0,1,CHARLIE AND LOLA
4063,Land of the Lost,1991,all,50/100,0,0,1,0,tv_show,science fiction television program,United States,English,7.1,tt0071005,50,16.0,1,LAND OF THE LOST
4064,Continuum,2012,16+,50/100,0,0,1,0,tv_show,"science fiction television program, drama television series, action television series, thriller television series",Canada,English,8.0,tt1954347,50,16.0,1,CONTINUUM
4065,Making Their Mark,2021,16+,50/100,0,0,1,0,tv_show,reality television,United States,English,8.4,tt13833756,50,16.0,1,MAKING THEIR MARK
4066,Frank of Ireland,2021,16+,50/100,0,0,1,0,tv_show,reality television,Ireland,English,6.0,tt11909220,50,16.0,1,FRANK OF IRELAND
4067,Where on Earth is Carmen Sandiego?,1994,all,50/100,0,0,1,0,tv_show,reality television,United States,English,7.3/10,tt0092400,50,16.0,1,WHERE ON EARTH IS CARMEN SANDIEGO?
4068,Bat Masterson,1958,16+,50/100,0,0,1,0,tv_show,Westerns on television,United States,English,7.3,tt0052445,50,16.0,1,BAT MASTERSON
4069,Lillie,1978,16+,50/100,0,0,1,0,tv_show,reality television,United States,English,8.1/10,tt0092400,50,16.0,1,LILLIE
4070,Einstein,2017,16+,50/100,0,0,1,0,tv_show,reality television,United States,English,6.5/10,tt0092400,50,16.0,1,EINSTEIN
4072,Féminin/Féminin,2014,16+,50/100,0,0,1,0,tv_show,reality television,United States,English,8.4/10,tt0092400,50,16.0,1,FÉMININ/FÉMININ
4073,The Last Place on Earth,1985,16+,50/100,0,0,1,0,tv_show,drama television series,United Kingdom,English,10.0,tt0088551,50,16.0,1,THE LAST PLACE ON EARTH
4074,Becoming Human,2011,16+,50/100,0,0,1,0,tv_show,"comedy drama, fantasy television series, werewolf television program, vampire television program",United Kingdom,English,8.0,tt1829850,50,16.0,1,BECOMING HUMAN
4076,The Jury,2002,18+,50/100,0,0,1,0,tv_show,police procedural,United States,English,7.1,tt0398498,50,18.0,1,THE JURY
4077,James May's Toy Stories,2009,7+,50/100,0,0,1,0,tv_show,documentary film,United Kingdom,English,3.0,tt1536735,50,7.0,1,JAMES MAY'S TOY STORIES
4078,Mamon,2015,16+,50/100,0,0,1,0,tv_show,"crime television series, crime film, thriller film",Czech Republic,Czech,10.0,tt5169608,50,16.0,1,MAMON
4079,Prime Suspect: Tennison,2017,16+,50/100,0,0,1,0,tv_show,television series based on a novel,United Kingdom,English,10.0,tt5936838,50,16.0,1,PRIME SUSPECT: TENNISON
4080,Ax Men,2008,7+,50/100,0,0,1,0,tv_show,reality television,United States,English,3.0,tt1197649,50,7.0,1,AX MEN
4081,Inuyashiki Last Hero,2017,16+,50/100,0,0,1,0,tv_show,reality television,United States,English,6.6/10,tt0092400,50,16.0,1,INUYASHIKI LAST HERO
4082,On Death Row,2012,16+,50/100,0,0,1,0,tv_show,documentary film,United States,English,4.0,tt1843894,50,16.0,1,ON DEATH ROW
4083,El Presidente,2020,16+,49/100,0,0,1,0,tv_show,"drama film, thriller",Chile,Spanish,9.0,tt10091306,49,16.0,1,EL PRESIDENTE
4084,Celebrity Ghost Stories,2009,7+,49/100,0,0,1,0,tv_show,reality television,United States,English,9.0,tt1320080,49,7.0,1,CELEBRITY GHOST STORIES
4085,Mike Hammer,1984,7+,49/100,0,0,1,0,tv_show,reality television,United States,English,7.1,tt0130416,49,7.0,1,MIKE HAMMER
4087,Bridget & Eamon,2016,16+,49/100,0,0,1,0,tv_show,reality television,Ireland,English,8.0,tt5237818,49,16.0,1,BRIDGET & EAMON
4088,Secrets of the Castle,2014,16+,49/100,0,0,1,0,tv_show,reality television,United Kingdom,English,9.0,tt4388710,49,16.0,1,SECRETS OF THE CASTLE
4089,Le Mans: Racing is Everything,2017,7+,49/100,0,0,1,0,tv_show,reality television,United States,English,7.3/10,tt0092400,49,7.0,1,LE MANS: RACING IS EVERYTHING
4090,Superheroes: A Never-Ending Battle,2013,7+,49/100,0,0,1,0,tv_show,documentary film,United States,English,8.0,tt3062328,49,7.0,1,SUPERHEROES: A NEVER-ENDING BATTLE
4091,The Busy World of Richard Scarry,1994,all,49/100,0,0,1,0,tv_show,reality television,United States,English,7.5/10,tt0092400,49,16.0,1,THE BUSY WORLD OF RICHARD SCARRY
4092,King of the Road,2016,16+,49/100,0,0,1,0,tv_show,reality television,United States,English,8.9/10,tt0092400,49,16.0,1,KING OF THE ROAD
4093,Secret Smile,2005,16+,49/100,0,0,1,0,tv_show,drama television series,United Kingdom,English,10.0,tt0462520,49,16.0,1,SECRET SMILE
4094,The Delivery Man,2015,16+,49/100,0,0,1,0,tv_show,sitcom,United Kingdom,English,8.0,tt4610700,49,16.0,1,THE DELIVERY MAN
4095,Battle 360°,2008,7+,49/100,0,0,1,0,tv_show,documentary film,United States,English,6.0,tt1194698,49,7.0,1,BATTLE 360°
4096,This Giant Beast That is the Global Economy,2019,16+,49/100,0,0,1,0,tv_show,reality television,United States,English,7.8/10,tt0092400,49,16.0,1,THIS GIANT BEAST THAT IS THE GLOBAL ECONOMY
4097,LoliRock,2014,all,49/100,0,0,1,0,tv_show,reality television,United States,English,7.3/10,tt0092400,49,16.0,1,LOLIROCK
4098,Strange Empire,2014,16+,49/100,0,0,1,0,tv_show,drama television series,Canada,English,10.0,tt3920814,49,16.0,1,STRANGE EMPIRE
4099,The Greatest Love,2011,16+,49/100,0,0,1,0,tv_show,drama television series,South Korea,Korean,9.0,tt2304406,49,16.0,1,THE GREATEST LOVE
4102,Cybersix,1999,16+,49/100,0,0,1,0,tv_show,reality television,United States,English,7.8/10,tt0092400,49,16.0,1,CYBERSIX
4105,The Dangerous Book for Boys,2018,7+,49/100,0,0,1,0,tv_show,film based on book,United States,English,3.0,tt1082583,49,7.0,1,THE DANGEROUS BOOK FOR BOYS
4107,Empresses In The Palace,2011,7+,49/100,0,0,1,0,tv_show,historical play,People's Republic of China,Chinese,9.0,tt2374683,49,7.0,1,EMPRESSES IN THE PALACE
4108,Captain Scarlet and the Mysterons,1967,all,49/100,0,0,1,0,tv_show,"science fiction television program, thriller television series, adventure television series",United Kingdom,English,7.8,tt0059973,49,16.0,1,CAPTAIN SCARLET AND THE MYSTERONS
4109,Stingray,1964,16+,49/100,0,0,1,0,tv_show,"science fiction television program, adventure television series, children's television series, action television series",United Kingdom,English,7.3,tt0057786,49,16.0,1,STINGRAY
4110,Survive This,2009,7+,49/100,0,0,1,0,tv_show,"game show, reality television",Canada,English,7.0,tt1478503,49,7.0,1,SURVIVE THIS
4111,Unscripted,2005,16+,49/100,0,0,1,0,tv_show,comedy drama,United States,English,7.4,tt0413616,49,16.0,1,UNSCRIPTED
4112,Girls' Last Tour,2017,16+,49/100,0,0,1,0,tv_show,reality television,United States,English,7.7/10,tt0092400,49,16.0,1,GIRLS' LAST TOUR
4114,Grimoire of Zero,2017,16+,49/100,0,0,1,0,tv_show,reality television,United States,English,7.0/10,tt0092400,49,16.0,1,GRIMOIRE OF ZERO
4116,After the Rain,2018,18+,49/100,0,0,1,0,tv_show,reality television,United States,English,7.4/10,tt0092400,49,18.0,1,AFTER THE RAIN
4118,Gator Boys,2012,16+,48/100,0,0,1,0,tv_show,reality television,United States,English,8.0,tt2141011,48,16.0,1,GATOR BOYS
4120,The Adventures of Swiss Family Robinson,1998,16+,48/100,0,0,1,0,tv_show,"speculative fiction, television series based on a novel",United States,English,2.0,tt0222519,48,16.0,1,THE ADVENTURES OF SWISS FAMILY ROBINSON
4122,The Roy Rogers Show,1951,16+,48/100,0,0,1,0,tv_show,Westerns on television,United States,English,7.1,tt0043225,48,16.0,1,THE ROY ROGERS SHOW
4123,The Ruth Rendell Mysteries,1987,16+,48/100,0,0,1,0,tv_show,drama television series,United Kingdom,English,10.0,tt0166458,48,16.0,1,THE RUTH RENDELL MYSTERIES
4124,10.5: Apocalypse,2006,16+,48/100,0,0,1,0,tv_show,reality television,United States,English,4.5/10,tt0092400,48,16.0,1,10.5: APOCALYPSE
4125,Thunderbirds Are Go!,2015,all,48/100,0,0,1,0,tv_show,reality television,United States,English,6.8/10,tt0092400,48,16.0,1,THUNDERBIRDS ARE GO!
4126,Blade of the Immortal,2008,16+,48/100,0,0,1,0,tv_show,reality television,United States,English,6.7/10,tt0092400,48,16.0,1,BLADE OF THE IMMORTAL
4127,Laid,2011,16+,48/100,0,0,1,0,tv_show,reality television,United States,English,7.0,tt21114548,48,16.0,1,LAID
4129,Karakuri Circus,2018,16+,48/100,0,0,1,0,tv_show,reality television,United States,English,7.1/10,tt0092400,48,16.0,1,KARAKURI CIRCUS
4130,The Great Escapists,2021,16+,48/100,0,0,1,0,tv_show,"comedy, mockumentary",United States,English,4.0,tt10948294,48,16.0,1,THE GREAT ESCAPISTS
4131,The Mill,2013,16+,48/100,0,0,1,0,tv_show,reality television,United States,English,7.5/10,tt0092400,48,16.0,1,THE MILL
4132,Fake or Fortune?,2011,16+,48/100,0,0,1,0,tv_show,"documentary film, investigative journalism",United Kingdom,English,10.0,tt2033616,48,16.0,1,FAKE OR FORTUNE?
4133,Tudor Monastery Farm,2013,16+,48/100,0,0,1,0,tv_show,documentary film,United Kingdom,English,6.0,tt4103600,48,16.0,1,TUDOR MONASTERY FARM
4135,Peg + Cat,2013,all,48/100,0,0,1,0,tv_show,reality television,United States,English,7.8/10,tt0092400,48,16.0,1,PEG + CAT
4136,Re:Creators,2017,18+,48/100,0,0,1,0,tv_show,reality television,United States,English,7.1/10,tt0092400,48,18.0,1,RE:CREATORS
4137,Bounty Hunters,2017,16+,48/100,0,0,1,0,tv_show,reality television,United States,English,6.0/10,tt0092400,48,16.0,1,BOUNTY HUNTERS
4138,Just Because!,2017,7+,48/100,0,0,1,0,tv_show,reality television,United States,English,6.9/10,tt0092400,48,7.0,1,JUST BECAUSE!
4139,Chivas: El Rebaño Sagrado,2021,16+,48/100,0,0,1,0,tv_show,reality television,United States,English,7.4/10,tt0092400,48,16.0,1,CHIVAS: EL REBAÑO SAGRADO
4140,Yuki Yuna is a Hero,2014,16+,48/100,0,0,1,0,tv_show,reality television,United States,English,6.8/10,tt0092400,48,16.0,1,YUKI YUNA IS A HERO
4141,The Pack,2020,16+,48/100,0,0,1,0,tv_show,"drama television series, thriller television series",Chile,Spanish,5.0,tt9138156,48,16.0,1,THE PACK
4142,Boarding School Juliet,2018,16+,48/100,0,0,1,0,tv_show,reality television,United States,English,7.1/10,tt0092400,48,16.0,1,BOARDING SCHOOL JULIET
4143,This Is Football,2019,16+,48/100,0,0,1,0,tv_show,reality television,United States,English,8.2/10,tt0092400,48,16.0,1,THIS IS FOOTBALL
4144,Valemont,2009,7+,47/100,0,0,1,0,tv_show,"mystery television series, vampire television program",United States,English,5.0,tt1430794,47,7.0,1,VALEMONT
4145,Alice in Paris,2016,all,47/100,0,0,1,0,tv_show,reality television,United States,English,8.7/10,tt0092400,47,16.0,1,ALICE IN PARIS
4146,Fury,1955,16+,47/100,0,0,1,0,tv_show,reality television,United States,English,7.4/10,tt0092400,47,16.0,1,FURY
4148,Ronja the Robber's Daughter,2014,7+,47/100,0,0,1,0,tv_show,"adventure television series, drama television series, television series based on a novel",Sweden,Swedish,3.0,tt15379396,47,7.0,1,RONJA THE ROBBER'S DAUGHTER
4149,The Restoration Man,2010,16+,47/100,0,0,1,0,tv_show,reality television,United Kingdom,English,5.0,tt1632329,47,16.0,1,THE RESTORATION MAN
4150,Felix the Cat,1958,16+,47/100,0,0,1,0,tv_show,reality television,United States,English,6.8/10,tt0092400,47,16.0,1,FELIX THE CAT
4151,Rebel,2017,16+,47/100,0,0,1,0,tv_show,reality television,United States,English,5.4/10,tt0092400,47,16.0,1,REBEL
4153,Yancy Derringer,1958,16+,47/100,0,0,1,0,tv_show,Westerns on television,United States,English,7.8,tt0051329,47,16.0,1,YANCY DERRINGER
4154,Curiosity,2011,16+,47/100,0,0,1,0,tv_show,reality television,United States,English,7.8/10,tt0092400,47,16.0,1,CURIOSITY
4155,Hitoshi Matsumoto Presents Documental,2016,16+,47/100,0,0,1,0,tv_show,reality television,United States,English,6.0,tt6369836,47,16.0,1,HITOSHI MATSUMOTO PRESENTS DOCUMENTAL
4156,JourneyQuest,2010,16+,47/100,0,0,1,0,tv_show,fantasy television series,United States,English,10.0,tt1715332,47,16.0,1,JOURNEYQUEST
4157,Babar,1989,all,47/100,0,0,1,0,tv_show,reality television,United States,English,6.5/10,tt0092400,47,16.0,1,BABAR
4158,Public Enemies,2012,16+,47/100,0,0,1,0,tv_show,reality television,United States,English,7.1/10,tt0092400,47,16.0,1,PUBLIC ENEMIES
4159,One Night Stand,1989,18+,47/100,0,0,1,0,tv_show,reality television,United States,English,8.2/10,tt0092400,47,18.0,1,ONE NIGHT STAND
4160,The Rebel,1959,16+,47/100,0,0,1,0,tv_show,reality television,United States,English,7.8/10,tt0092400,47,16.0,1,THE REBEL
4161,Full Custom Garage,2014,16+,47/100,0,0,1,0,tv_show,reality television,United States,English,8.5/10,tt0092400,47,16.0,1,FULL CUSTOM GARAGE
4162,Hunting ISIS,2018,16+,47/100,0,0,1,0,tv_show,reality television,United States,English,8.3/10,tt0092400,47,16.0,1,HUNTING ISIS
4163,Rose and Maloney,2002,16+,47/100,0,0,1,0,tv_show,drama television series,United Kingdom,English,6.0,tt0338655,47,16.0,1,ROSE AND MALONEY
4165,Mr. Osomatsu,2015,16+,47/100,0,0,1,0,tv_show,reality television,United States,English,7.5/10,tt0092400,47,16.0,1,MR. OSOMATSU
4166,Fetch! with Ruff Ruffman,2006,all,47/100,0,0,1,0,tv_show,"comedy television series, live action/animated television series",United States,English,9.0,tt0496195,47,16.0,1,FETCH! WITH RUFF RUFFMAN
4168,The Cyanide & Happiness Show,2014,18+,47/100,0,0,1,0,tv_show,reality television,United States,English,8.0/10,tt0092400,47,18.0,1,THE CYANIDE & HAPPINESS SHOW
4169,Welcome to the Ballroom,2017,16+,47/100,0,0,1,0,tv_show,reality television,United States,English,7.8/10,tt0092400,47,16.0,1,WELCOME TO THE BALLROOM
4170,Flash Gordon,2007,7+,47/100,0,0,1,0,tv_show,science fiction television program,"Canada, United States",English,6.0,tt0959086,47,7.0,1,FLASH GORDON
4171,Empress Ki,2013,all,47/100,0,0,1,0,tv_show,"historical television series, romance television series",South Korea,Korean,9.0,tt3322566,47,16.0,1,EMPRESS KI
4172,Enemy at the Door,1978,16+,47/100,0,0,1,0,tv_show,reality television,United Kingdom,English,8.0,tt0122818,47,16.0,1,ENEMY AT THE DOOR
4173,Deal or No Deal,2005,7+,47/100,0,0,1,0,tv_show,game show,Netherlands,English,3.2,tt0880823,47,7.0,1,DEAL OR NO DEAL
4174,Pound Puppies,2010,all,47/100,0,0,1,0,tv_show,reality television,United States,English,6.3/10,tt0092400,47,16.0,1,POUND PUPPIES
4175,Just Add Magic: Mystery City,2020,all,47/100,0,0,1,0,tv_show,reality television,United States,English,7.3/10,tt0092400,47,16.0,1,JUST ADD MAGIC: MYSTERY CITY
4176,American Ripper,2017,16+,47/100,0,0,1,0,tv_show,reality television,United States,English,6.3/10,tt0092400,47,16.0,1,AMERICAN RIPPER
4177,Hoarding: Buried Alive,2010,7+,46/100,0,0,1,0,tv_show,"reality television, television documentary",United States,English,1.0,tt1538296,46,7.0,1,HOARDING: BURIED ALIVE
4178,Mr. Wizard's World,1983,all,46/100,0,0,1,0,tv_show,educational television,United States,English,8.0,tt0085060,46,16.0,1,MR. WIZARD'S WORLD
4179,Street Fighter: Resurrection,2016,16+,46/100,0,0,1,0,tv_show,reality television,United States,English,6.5/10,tt0092400,46,16.0,1,STREET FIGHTER: RESURRECTION
4180,The Tesla Files,2018,16+,46/100,0,0,1,0,tv_show,reality television,United States,English,10.0,tt8439492,46,16.0,1,THE TESLA FILES
4183,Clifford's Puppy Days,2003,all,46/100,0,0,1,0,tv_show,reality television,"United Kingdom, United States",English,10.0,tt0377156,46,16.0,1,CLIFFORD'S PUPPY DAYS
4184,A Fortunate Life,1986,7+,46/100,0,0,1,0,tv_show,reality television,United States,English,7.9/10,tt0092400,46,7.0,1,A FORTUNATE LIFE
4185,Troopers,2011,16+,46/100,0,0,1,0,tv_show,reality television,United States,English,8.0/10,tt0092400,46,16.0,1,TROOPERS
4187,999: What's Your Emergency?,2012,16+,46/100,0,0,1,0,tv_show,television documentary,United Kingdom,British English,8.0,tt3321642,46,16.0,1,999: WHAT'S YOUR EMERGENCY?
4188,Happy Sugar Life,2018,16+,46/100,0,0,1,0,tv_show,reality television,United States,English,6.5/10,tt0092400,46,16.0,1,HAPPY SUGAR LIFE
4189,Tumble Leaf,2013,all,46/100,0,0,1,0,tv_show,reality television,United States,English,8.5/10,tt0092400,46,16.0,1,TUMBLE LEAF
4190,The Gymkhana Files,2018,18+,46/100,0,0,1,0,tv_show,reality television,United States,English,7.9/10,tt0092400,46,18.0,1,THE GYMKHANA FILES
4191,Life In Squares,2015,16+,46/100,0,0,1,0,tv_show,LGBT-related television series,United Kingdom,English,6.5,tt4034398,46,16.0,1,LIFE IN SQUARES
4192,Shakespeare Uncovered,2012,16+,46/100,0,0,1,0,tv_show,reality television,United States,English,8.6/10,tt0092400,46,16.0,1,SHAKESPEARE UNCOVERED
4193,Little Men,1998,16+,46/100,0,1,1,0,tv_show,reality television,United States,English,10.0,tt0179029,46,16.0,1,LITTLE MEN
4194,London's Burning,1986,16+,46/100,0,0,1,0,tv_show,drama television series,United Kingdom,English,10.0,tt0123355,46,16.0,1,LONDON'S BURNING
4195,Lost in Oz,2015,7+,46/100,0,0,1,0,tv_show,reality television,United States,English,7.6/10,tt0092400,46,7.0,1,LOST IN OZ
4196,Deltora Quest,2007,all,46/100,0,0,1,0,tv_show,reality television,United States,English,7.1/10,tt0092400,46,16.0,1,DELTORA QUEST
4197,Great Expectations,1999,16+,46/100,0,0,1,0,tv_show,drama television series,United States,English,9.0,tt0096601,46,16.0,1,GREAT EXPECTATIONS
4198,The Eleven,2017,16+,46/100,0,0,1,0,tv_show,reality television,United States,English,6.8/10,tt0092400,46,16.0,1,THE ELEVEN
4199,Legend of Master Legend,2017,16+,46/100,0,0,1,0,tv_show,reality television,United States,English,10.0,tt0092400,46,16.0,1,LEGEND OF MASTER LEGEND
4200,Do You Love Your Mom and Her Two-Hit Multi-Target Attacks?,2019,16+,46/100,0,0,1,0,tv_show,reality television,United States,English,5.1/10,tt0092400,46,16.0,1,DO YOU LOVE YOUR MOM AND HER TWO-HIT MULTI-TARGET ATTACKS?
4201,Big Dogs,2020,16+,46/100,0,0,1,0,tv_show,reality television,United States,English,5.5,tt6599010,46,16.0,1,BIG DOGS
4202,Tokyo Girl,2016,16+,46/100,0,0,1,0,tv_show,"drama television series, television series based on a novel",Japan,English,10.0,tt7256504,46,16.0,1,TOKYO GIRL
4203,Jim Gaffigan: The Pale Tourist,2020,16+,46/100,0,0,1,0,tv_show,reality television,United States,English,6.7/10,tt0092400,46,16.0,1,JIM GAFFIGAN: THE PALE TOURIST
4204,MonsterQuest,2007,7+,46/100,0,0,1,0,tv_show,documentary film,United States,English,7.1,tt1170243,46,7.0,1,MONSTERQUEST
4205,Peep and the Big Wide World,2004,all,46/100,0,0,1,0,tv_show,reality television,United States,English,7.1/10,tt0092400,46,16.0,1,PEEP AND THE BIG WIDE WORLD
4206,Shaktimaan,1997,16+,46/100,0,0,1,0,tv_show,superhero television program,India,Hindi,10.0,tt0389680,46,16.0,1,SHAKTIMAAN
4207,Unsealed: Alien Files,2012,16+,46/100,0,0,1,0,tv_show,reality television,United States,English,6.5/10,tt0092400,46,16.0,1,UNSEALED: ALIEN FILES
4208,Flowering Heart,2018,16+,46/100,0,0,1,0,tv_show,reality television,United States,English,10.0,tt0092400,46,16.0,1,FLOWERING HEART
4209,Nova ScienceNow,2005,all,45/100,0,0,1,0,tv_show,documentary film,United States,English,8.5,tt0449461,45,16.0,1,NOVA SCIENCENOW
4210,Budding Prospects,2017,18+,45/100,0,0,1,0,tv_show,reality television,United States,English,7.3/10,tt0092400,45,18.0,1,BUDDING PROSPECTS
4211,Sofiya,2016,16+,45/100,0,0,1,0,tv_show,reality television,United States,English,7.8/10,tt0092400,45,16.0,1,SOFIYA
4212,I Married Joan,1952,16+,45/100,0,0,1,0,tv_show,American television sitcom,United States,English,7.7,tt0044269,45,16.0,1,I MARRIED JOAN
4214,Baby u,2011,16+,45/100,0,0,1,0,tv_show,reality television,United States,English,10.0,tt0092400,45,16.0,1,BABY U
4215,This Is Personal: The Hunt for the Yorkshire Ripper,2000,16+,45/100,0,0,1,0,tv_show,reality television,United States,English,7.6/10,tt0092400,45,16.0,1,THIS IS PERSONAL: THE HUNT FOR THE YORKSHIRE RIPPER
4216,Tenspeed and Brown Shoe,1980,7+,45/100,0,0,1,0,tv_show,detective fiction,United States,English,7.5,tt0080289,45,7.0,1,TENSPEED AND BROWN SHOE
4217,Women in Love,2011,16+,45/100,0,0,1,0,tv_show,reality television,United States,English,6.1/10,tt0092400,45,16.0,1,WOMEN IN LOVE
4218,Marcia Clark Investigates The First 48,2018,16+,45/100,0,0,1,0,tv_show,reality television,United States,English,3.0,tt7874718,45,16.0,1,MARCIA CLARK INVESTIGATES THE FIRST 48
4219,Goku Midnight Eye,1989,18+,45/100,0,0,1,0,tv_show,reality television,United States,English,6.9/10,tt0092400,45,18.0,1,GOKU MIDNIGHT EYE
4220,Samurai Girls,2010,18+,45/100,0,0,1,0,tv_show,reality television,United States,English,6.5/10,tt0092400,45,18.0,1,SAMURAI GIRLS
4221,Played,2013,16+,45/100,0,0,1,0,tv_show,police procedural,Canada,English,6.2,tt2886812,45,16.0,1,PLAYED
4223,City of Vice,2008,16+,45/100,0,0,1,0,tv_show,reality television,United Kingdom,English,5.0,tt1044196,45,16.0,1,CITY OF VICE
4224,True Tears,2008,7+,45/100,0,0,1,0,tv_show,reality television,United States,English,7.3/10,tt0092400,45,7.0,1,TRUE TEARS
4225,Kratts' Creatures,1996,all,45/100,0,0,1,0,tv_show,reality television,United States,English,8.2,tt0159885,45,16.0,1,KRATTS' CREATURES
4226,Love and Lies,2017,16+,45/100,0,0,1,0,tv_show,thriller television series,Philippines,English,7.0,tt2946616,45,16.0,1,LOVE AND LIES
4227,LOL: Australia,2020,16+,45/100,0,0,1,0,tv_show,reality television,Australia,English,5.7,tt10846292,45,16.0,1,LOL: AUSTRALIA
4228,HBO Comedy Half-Hour,1994,7+,45/100,0,0,1,0,tv_show,stand-up comedy,United States,English,7.9,tt0251512,45,7.0,1,HBO COMEDY HALF-HOUR
4229,Princess Principal,2017,18+,45/100,0,0,1,0,tv_show,reality television,United States,English,7.4/10,tt0092400,45,18.0,1,PRINCESS PRINCIPAL
4230,Onihei,2017,16+,45/100,0,0,1,0,tv_show,reality television,Japan,Japanese,7.8/10,tt0092400,45,16.0,1,ONIHEI
4231,The Legend of William Tell,1998,16+,45/100,0,0,1,0,tv_show,fantasy television series,New Zealand,English,7.2,tt0191700,45,16.0,1,THE LEGEND OF WILLIAM TELL
4232,Acapulco H.E.A.T.,1993,16+,45/100,0,0,1,0,tv_show,reality television,United States,English,5.6,tt0105930,45,16.0,1,ACAPULCO H.E.A.T.
4233,Dharmakshetra,2014,16+,45/100,0,0,1,0,tv_show,reality television,India,Hindi,10.0,tt6803712,45,16.0,1,DHARMAKSHETRA
4234,UFO Files,2004,7+,45/100,0,0,1,0,tv_show,reality television,United States,English,2.0,tt0433320,45,7.0,1,UFO FILES
4235,Mansfield Park,1983,all,45/100,0,0,1,0,tv_show,"drama television series, television series based on a novel",United Kingdom,English,7.0,tt0085052,45,16.0,1,MANSFIELD PARK
4236,Porterhouse Blue,1987,18+,45/100,0,0,1,0,tv_show,television series based on a novel,United Kingdom,English,8.0,tt0092428,45,18.0,1,PORTERHOUSE BLUE
4237,Pete the Cat,2017,all,45/100,0,0,1,0,tv_show,reality television,United States,English,7.6/10,tt0092400,45,16.0,1,PETE THE CAT
4239,Ivanhoe,1997,7+,45/100,0,0,1,0,tv_show,reality television,United States,English,7.4/10,tt0092400,45,7.0,1,IVANHOE
4240,Sigmund and the Sea Monsters,1973,all,45/100,0,0,1,0,tv_show,reality television,United States,English,6.9,tt0069632,45,16.0,1,SIGMUND AND THE SEA MONSTERS
4241,The Bay,2010,16+,45/100,0,0,1,0,tv_show,reality television,United States,English,7.3/10,tt0092400,45,16.0,1,THE BAY
4242,The Detectives,2015,16+,45/100,0,0,1,0,tv_show,reality television,Canada,English,8.0,tt7921292,45,16.0,1,THE DETECTIVES
4243,100 Years of Horror,1996,16+,45/100,0,0,1,0,tv_show,reality television,United States,English,8.0,tt0166940,45,16.0,1,100 YEARS OF HORROR
4244,Bikini Destinations,2003,18+,45/100,0,0,1,0,tv_show,reality television,United States,English,7.1,tt0445867,45,18.0,1,BIKINI DESTINATIONS
4245,Walking Through History,2013,16+,45/100,0,0,1,0,tv_show,reality television,United Kingdom,English,8.2/10,tt0092400,45,16.0,1,WALKING THROUGH HISTORY
4246,Civil War Journal,1993,16+,45/100,0,0,1,0,tv_show,reality television,United States,English,8.2/10,tt0092400,45,16.0,1,CIVIL WAR JOURNAL
4248,IRODUKU: The World in Colors,2018,16+,44/100,0,0,1,0,tv_show,reality television,United States,English,7.4/10,tt0092400,44,16.0,1,IRODUKU: THE WORLD IN COLORS
4249,El Desafío: ETA,2020,16+,44/100,0,0,1,0,tv_show,reality television,United States,English,8.3/10,tt0092400,44,16.0,1,EL DESAFÍO: ETA
4250,Rob the Robot,2010,all,44/100,0,0,1,0,tv_show,reality television,United States,English,7.8/10,tt0092400,44,16.0,1,ROB THE ROBOT
4251,Crime Investigation Australia,2005,18+,44/100,0,0,1,0,tv_show,reality television,Australia,English,3.0,tt1552648,44,18.0,1,CRIME INVESTIGATION AUSTRALIA
4252,Six Dreams,2018,16+,44/100,0,0,1,0,tv_show,reality television,United States,English,7.8/10,tt0092400,44,16.0,1,SIX DREAMS
4253,Sensing Murder,2006,16+,44/100,0,0,1,0,tv_show,reality television,Australia,English,3.2,tt0344644,44,16.0,1,SENSING MURDER
4254,I Survived...Beyond and Back,2010,16+,44/100,0,0,1,0,tv_show,reality television,United States,English,8.1/10,tt0092400,44,16.0,1,I SURVIVED...BEYOND AND BACK
4255,All or Nothing: The Michigan Wolverines,2018,16+,44/100,0,0,1,0,tv_show,reality television,United States,English,7.6/10,tt0092400,44,16.0,1,ALL OR NOTHING: THE MICHIGAN WOLVERINES
4256,The Simple Life,2003,16+,44/100,0,0,1,0,tv_show,reality television,United States,English,4.3,tt0362153,44,16.0,1,THE SIMPLE LIFE
4257,Beatless,2018,16+,44/100,0,0,1,0,tv_show,reality television,United States,English,5.7/10,tt0092400,44,16.0,1,BEATLESS
4259,The Kicks,2016,all,44/100,0,0,1,0,tv_show,sitcom,United States,English,10.0,tt4196686,44,16.0,1,THE KICKS
4260,Sons of The Soil - Jaipur Pink Panthers,2020,16+,44/100,0,0,1,0,tv_show,reality television,United States,English,7.8/10,tt0092400,44,16.0,1,SONS OF THE SOIL - JAIPUR PINK PANTHERS
4262,Pequeñas coincidencias,2018,7+,44/100,0,0,1,0,tv_show,romantic comedy,Spain,Spanish,5.0,tt8597326,44,7.0,1,PEQUEÑAS COINCIDENCIAS
4263,On the Spot,2014,16+,44/100,0,0,1,0,tv_show,reality television,United States,English,8.1/10,tt0092400,44,16.0,1,ON THE SPOT
4264,UFO Hunters,2008,7+,44/100,0,0,1,0,tv_show,reality television,United States,English,1.0,tt1176951,44,7.0,1,UFO HUNTERS
4265,Transformers: Combiner Wars,2016,16+,44/100,0,0,1,0,tv_show,reality television,United States,English,5.4/10,tt0092400,44,16.0,1,TRANSFORMERS: COMBINER WARS
4266,Cape Town,2016,16+,44/100,0,0,1,0,tv_show,drama film,"Germany, South Africa",English,8.0,tt4760616,44,16.0,1,CAPE TOWN
4267,All or Nothing: Brazil National Team,2020,16+,44/100,0,0,1,0,tv_show,reality television,United States,English,5.0,tt11621718,44,16.0,1,ALL OR NOTHING: BRAZIL NATIONAL TEAM
4269,Kannazuki no Miko,2004,16+,44/100,0,0,1,0,tv_show,reality television,United States,English,6.7/10,tt0092400,44,16.0,1,KANNAZUKI NO MIKO
4270,The Roman Empire in the First Century,2001,16+,44/100,0,0,1,0,tv_show,reality television,United States,English,7.5/10,tt0092400,44,16.0,1,THE ROMAN EMPIRE IN THE FIRST CENTURY
4271,The Adventures of Maya the Honey Bee,1975,all,44/100,0,0,1,0,tv_show,reality television,United States,English,6.7/10,tt0092400,44,16.0,1,THE ADVENTURES OF MAYA THE HONEY BEE
4272,Soviet Storm: WWII in the East,2011,7+,44/100,0,0,1,0,tv_show,reality television,United States,English,8.7/10,tt0092400,44,7.0,1,SOVIET STORM: WWII IN THE EAST
4273,Chiller,1995,16+,44/100,0,0,1,0,tv_show,reality television,United States,English,6.5/10,tt0092400,44,16.0,1,CHILLER
4274,Charlie's Angels,2011,16+,44/100,1,0,1,0,tv_show,"crime television series, drama television series, action television series",United States,English,6.6,tt0073972,44,16.0,1,CHARLIE'S ANGELS
4276,The Underground,2006,18+,44/100,0,0,1,0,tv_show,reality television,United States,English,5.6/10,tt0092400,44,18.0,1,THE UNDERGROUND
4277,Eat the World with Emeril Lagasse,2016,16+,44/100,0,0,1,0,tv_show,reality television,United States,English,10.0,tt5860892,44,16.0,1,EAT THE WORLD WITH EMERIL LAGASSE
4278,Pandora's Box,2012,16+,44/100,0,0,1,0,tv_show,reality television,United States,English,8.5/10,tt0092400,44,16.0,1,PANDORA'S BOX
4279,The Veil,1958,16+,44/100,0,0,1,0,tv_show,reality television,South Korea,Korean,7.0,tt14482296,44,16.0,1,THE VEIL
4280,Black Widows,2014,16+,44/100,0,0,1,0,tv_show,drama television series,"Sweden, Norway, Denmark",English,7.0,tt5433600,44,16.0,1,BLACK WIDOWS
4281,Sea Rescue,2012,all,44/100,0,0,1,0,tv_show,educational television,United States,English,8.6,tt2353113,44,16.0,1,SEA RESCUE
4282,America Revealed,2012,16+,44/100,0,0,1,0,tv_show,reality television,United States,English,8.1/10,tt0092400,44,16.0,1,AMERICA REVEALED
4283,Hero: 108,2010,all,44/100,0,0,1,0,tv_show,reality television,United States,English,5.7/10,tt0092400,44,16.0,1,HERO: 108
4284,BBQ with Franklin,2015,all,44/100,0,0,1,0,tv_show,reality television,United States,English,8.1/10,tt0092400,44,16.0,1,BBQ WITH FRANKLIN
4285,Oasis,2017,18+,44/100,0,0,1,0,tv_show,reality television,United States,English,8.3/10,tt0092400,44,18.0,1,OASIS
4286,The Fabric of the Cosmos,2011,16+,43/100,0,0,1,0,tv_show,reality television,United States,English,8.7/10,tt0092400,43,16.0,1,THE FABRIC OF THE COSMOS
4287,Merlin's Apprentice,2006,16+,43/100,0,0,1,0,tv_show,reality television,United States,English,5.3/10,tt0092400,43,16.0,1,MERLIN'S APPRENTICE
4288,Fireball XL5,1962,7+,43/100,0,0,1,0,tv_show,"science fiction television program, adventure television series, children's television series, action television series",United Kingdom,English,7.2,tt0055673,43,7.0,1,FIREBALL XL5
4289,Studio One,1948,16+,43/100,0,0,1,0,tv_show,anthology series,United States,English,9.0,tt0040051,43,16.0,1,STUDIO ONE
4290,Canimals,2011,all,43/100,0,0,1,0,tv_show,comedy television series,South Korea,English,9.0,tt2174349,43,16.0,1,CANIMALS
4291,Wild Boys,2011,7+,43/100,0,0,1,0,tv_show,drama television series,Australia,English,8.0,tt1865572,43,7.0,1,WILD BOYS
4292,The Annoying Orange,2009,7+,43/100,0,0,1,0,tv_show,reality television,United States,English,10.0,tt0092400,43,7.0,1,THE ANNOYING ORANGE
4293,1st & Ten,1984,16+,43/100,0,0,1,0,tv_show,American television sitcom,United States,English,6.6,tt0086660,43,16.0,1,1ST & TEN
4294,"Lancelot Link, Secret Chimp",1970,16+,43/100,0,0,1,0,tv_show,comedy television series,United States,English,7.5,tt0065309,43,16.0,1,"LANCELOT LINK, SECRET CHIMP"
4295,Lorna Doone,2000,16+,43/100,0,0,1,0,tv_show,reality television,United States,English,6.9/10,tt0092400,43,16.0,1,LORNA DOONE
4296,Wagner,1983,16+,43/100,0,0,1,0,tv_show,reality television,United States,English,7.7/10,tt0092400,43,16.0,1,WAGNER
4297,Niko and the Sword of Light,2017,all,43/100,0,0,1,0,tv_show,reality television,United States,English,7.7/10,tt0092400,43,16.0,1,NIKO AND THE SWORD OF LIGHT
4298,Mata Hari,2017,16+,43/100,0,0,1,0,tv_show,reality television,United States,English,6.2/10,tt0092400,43,16.0,1,MATA HARI
4299,Chacha Vidhayak Hain Humare,2018,16+,43/100,0,0,1,0,tv_show,reality television,India,English,7.0,tt8254592,43,16.0,1,CHACHA VIDHAYAK HAIN HUMARE
4300,Big Pacific,2017,all,43/100,0,0,1,0,tv_show,reality television,United States,English,8.4/10,tt0092400,43,16.0,1,BIG PACIFIC
4301,Wildest Islands,2012,16+,43/100,0,0,1,0,tv_show,reality television,United States,English,8.2/10,tt0092400,43,16.0,1,WILDEST ISLANDS
4302,Animal Mechanicals,2008,all,43/100,0,0,1,0,tv_show,adventure television series,"Canada, France",English,8.0,tt1516169,43,16.0,1,ANIMAL MECHANICALS
4303,Strange Events,2017,16+,43/100,0,0,1,0,tv_show,reality television,United States,English,4.8/10,tt0092400,43,16.0,1,STRANGE EVENTS
4304,Costume Quest,2019,7+,43/100,0,0,1,0,tv_show,reality television,United States,English,7.0/10,tt0092400,43,7.0,1,COSTUME QUEST
4305,Spaceballs: The Animated Series,2008,18+,43/100,0,0,1,0,tv_show,reality television,United States,English,4.2/10,tt0092400,43,18.0,1,SPACEBALLS: THE ANIMATED SERIES
4306,Daughter of Lupin,2019,16+,43/100,0,0,1,0,tv_show,reality television,United States,English,6.4/10,tt0092400,43,16.0,1,DAUGHTER OF LUPIN
4307,The Renaissance Unchained,2016,16+,43/100,0,0,1,0,tv_show,reality television,United States,English,8.4/10,tt0092400,43,16.0,1,THE RENAISSANCE UNCHAINED
4308,Joanna Lumley's Nile,2010,16+,43/100,0,0,1,0,tv_show,"travel television show, travel documentary",United Kingdom,English,10.0,tt1642494,43,16.0,1,JOANNA LUMLEY'S NILE
4309,The History of Tom Jones,1997,16+,43/100,0,0,1,0,tv_show,"drama television series, television series based on a novel",United Kingdom,English,7.7,tt0123351,43,16.0,1,THE HISTORY OF TOM JONES
4310,Vials,2017,16+,43/100,0,0,1,0,tv_show,reality television,United States,English,10.0,tt0092400,43,16.0,1,VIALS
4311,Nature Cat,2015,all,43/100,0,0,1,0,tv_show,reality television,United States,English,7.2/10,tt0092400,43,16.0,1,NATURE CAT
4312,Ancient Inventions,1998,16+,43/100,0,0,1,0,tv_show,documentary film,United Kingdom,English,6.0,tt0173523,43,16.0,1,ANCIENT INVENTIONS
4313,"Kokkoku, Moment by Moment",2018,18+,43/100,0,0,1,0,tv_show,reality television,United States,English,7.0/10,tt0092400,43,18.0,1,"KOKKOKU, MOMENT BY MOMENT"
4315,Albert & Junior Series,2011,all,43/100,0,0,1,0,tv_show,reality television,United States,English,10.0,tt0092400,43,16.0,1,ALBERT & JUNIOR SERIES
4316,Ella the Elephant,2013,16+,43/100,0,0,1,0,tv_show,reality television,Canada,English,10.0,tt2173199,43,16.0,1,ELLA THE ELEPHANT
4317,The Danny Thomas Show,1957,all,43/100,0,0,1,0,tv_show,American television sitcom,United States,English,7.1,tt0045410,43,16.0,1,THE DANNY THOMAS SHOW
4318,Ready Jet Go!,2016,all,43/100,0,0,1,0,tv_show,"children's television series, fantasy television series, science fiction television program","United States, Canada",English,10.0,tt5292052,43,16.0,1,READY JET GO!
4319,Ultimate Survival: Everest,2004,16+,43/100,0,0,1,0,tv_show,reality television,United States,English,7.3/10,tt0092400,43,16.0,1,ULTIMATE SURVIVAL: EVEREST
4320,Sex Sent Me to the ER,2013,18+,42/100,0,0,1,0,tv_show,reality television,United States,English,1.0,tt3415250,42,18.0,1,SEX SENT ME TO THE ER
4321,Tornado Chasers,2012,16+,42/100,0,0,1,0,tv_show,"documentary film, reality television",United States,English,10.0,tt2949316,42,16.0,1,TORNADO CHASERS
4322,Dino Dan,2009,7+,42/100,0,0,1,0,tv_show,adventure television series,Canada,English,5.6,tt1447487,42,7.0,1,DINO DAN
4323,Tricky Business,2012,16+,42/100,0,0,1,0,tv_show,drama television series,Australia,English,8.0,tt2396275,42,16.0,1,TRICKY BUSINESS
4324,18 to Life,2010,16+,42/100,0,0,1,0,tv_show,sitcom,Canada,English,6.9,tt1411254,42,16.0,1,18 TO LIFE
4325,Annedroids,2014,all,42/100,0,0,1,0,tv_show,children's television series,Canada,English,10.0,tt3012532,42,16.0,1,ANNEDROIDS
4326,Mars Rising,2007,7+,42/100,0,0,1,0,tv_show,television documentary,"Canada, France",English,7.9,tt1120412,42,7.0,1,MARS RISING
4327,Rage of Bahamut Virgin Soul,2017,16+,42/100,0,0,1,0,tv_show,reality television,United States,English,7.3/10,tt0092400,42,16.0,1,RAGE OF BAHAMUT VIRGIN SOUL
4328,The Attackers,2013,16+,42/100,0,0,1,0,tv_show,reality television,United States,English,7.4/10,tt0092400,42,16.0,1,THE ATTACKERS
4329,Atlantis High,2001,all,42/100,0,0,1,0,tv_show,reality television,New Zealand,English,8.0,tt0295066,42,16.0,1,ATLANTIS HIGH
4330,All or Nothing: The Dallas Cowboys,2018,18+,42/100,0,0,1,0,tv_show,reality television,United States,English,7.7/10,tt0092400,42,18.0,1,ALL OR NOTHING: THE DALLAS COWBOYS
4331,Switch,2012,16+,42/100,0,0,1,0,tv_show,reality television,United States,English,6.8/10,tt0092400,42,16.0,1,SWITCH
4332,Angel's Friends,2009,16+,42/100,0,0,1,0,tv_show,fantasy television program,Italy,Italian,7.0,tt1731708,42,16.0,1,ANGEL'S FRIENDS
4334,Girl/Girl Scene,2010,18+,42/100,0,0,1,0,tv_show,LGBT-related television series,United States,English,9.0,tt2385242,42,18.0,1,GIRL/GIRL SCENE
4335,Nanny 911,2004,7+,42/100,0,0,1,0,tv_show,reality television,United States,English,1.0,tt0433726,42,7.0,1,NANNY 911
4336,Curvy Girls,2011,16+,42/100,0,0,1,0,tv_show,reality television,United States,English,6.5/10,tt0092400,42,16.0,1,CURVY GIRLS
4337,Body & Soul,1993,16+,42/100,0,0,1,0,tv_show,reality television,United States,English,8.1/10,tt0092400,42,16.0,1,BODY & SOUL
4338,Very British Problems,2015,16+,42/100,0,0,1,0,tv_show,reality television,United Kingdom,English,7.0,tt4960806,42,16.0,1,VERY BRITISH PROBLEMS
4339,Til Debt Do Us Part,2005,16+,42/100,0,0,1,0,tv_show,reality television,Canada,English,5.0,tt0981254,42,16.0,1,TIL DEBT DO US PART
4340,The Pitch,2012,16+,42/100,0,0,1,0,tv_show,reality television,United Kingdom,English,7.0/10,tt2548278,42,16.0,1,THE PITCH
4341,Date My Dad,2017,all,42/100,0,0,1,0,tv_show,reality television,"Canada, United States",English,10.0,tt5012346,42,16.0,1,DATE MY DAD
4342,The Stinky & Dirty Show,2016,all,42/100,0,0,1,0,tv_show,reality television,United States,English,7.3/10,tt0092400,42,16.0,1,THE STINKY & DIRTY SHOW
4344,Doctor in the House,1969,16+,42/100,0,0,1,0,tv_show,reality television,United States,English,7.6/10,tt0092400,42,16.0,1,DOCTOR IN THE HOUSE
4345,Little Princess,2007,all,42/100,0,0,1,0,tv_show,reality television,United States,English,5.7/10,tt0092400,42,16.0,1,LITTLE PRINCESS
4346,When We Go to War,2015,16+,42/100,0,0,1,0,tv_show,reality television,United States,English,6.7/10,tt0092400,42,16.0,1,WHEN WE GO TO WAR
4347,Bad Guy,2010,16+,42/100,0,0,1,0,tv_show,melodrama,South Korea,Korean,9.0,tt2090230,42,16.0,1,BAD GUY
4348,Warrior Women,2003,16+,41/100,0,0,1,0,tv_show,reality television,United States,English,7.9/10,tt0092400,41,16.0,1,WARRIOR WOMEN
4349,Britain's Busiest Airport: Heathrow,2015,16+,41/100,0,0,1,0,tv_show,reality television,United Kingdom,English,10.0,tt6169802,41,16.0,1,BRITAIN'S BUSIEST AIRPORT: HEATHROW
4350,Sergeant Preston of the Yukon,1955,16+,41/100,0,0,1,0,tv_show,Westerns on television,United States,English,8.0,tt0182633,41,16.0,1,SERGEANT PRESTON OF THE YUKON
4351,Crime Stories,1999,16+,41/100,0,0,1,0,tv_show,documentary film,United States,English,7.0,tt0221740,41,16.0,1,CRIME STORIES
4352,Miami Swat,2009,16+,41/100,0,0,1,0,tv_show,reality television,United States,English,7.5/10,tt0092400,41,16.0,1,MIAMI SWAT
4353,Comicstaan,2018,18+,41/100,0,0,1,0,tv_show,reality television,India,English,9.0,tt7336778,41,18.0,1,COMICSTAAN
4354,Junk Drawer Magic,2015,16+,41/100,0,0,1,0,tv_show,reality television,United States,English,9.1/10,tt0092400,41,16.0,1,JUNK DRAWER MAGIC
4355,After Hours,2015,16+,41/100,0,0,1,0,tv_show,reality television,United States,English,7.2/10,tt0092400,41,16.0,1,AFTER HOURS
4356,Black Jack,1993,16+,41/100,0,0,1,0,tv_show,reality television,United States,English,7.6/10,tt0092400,41,16.0,1,BLACK JACK
4357,Horseland,2006,all,41/100,0,0,1,0,tv_show,reality television,United States,English,5.8/10,tt0092400,41,16.0,1,HORSELAND
4358,Killing Bites,2018,18+,41/100,0,0,1,0,tv_show,reality television,United States,English,6.3/10,tt0092400,41,18.0,1,KILLING BITES
4359,YouTubers React,2012,16+,41/100,0,0,1,0,tv_show,reality television,United States,English,4.9/10,tt0092400,41,16.0,1,YOUTUBERS REACT
4360,Postcards from Buster,2004,all,41/100,0,0,1,0,tv_show,live action/animated television series,Canada,English,2.0,tt0426774,41,16.0,1,POSTCARDS FROM BUSTER
4361,Into the Wild,2014,16+,41/100,1,0,1,0,tv_show,reality television,United States,English,8.5/10,tt0092400,41,16.0,1,INTO THE WILD
4362,Bonekickers,2008,16+,41/100,0,0,1,0,tv_show,"drama television series, treasure hunt film",United Kingdom,English,8.0,tt1148181,41,16.0,1,BONEKICKERS
4363,ToddWorld,2004,16+,41/100,0,0,1,0,tv_show,reality television,"United States, Canada, Ireland",English,6.0,tt0435585,41,16.0,1,TODDWORLD
4364,Bizarre ER,2008,16+,41/100,0,0,1,0,tv_show,television documentary,United Kingdom,English,10.0,tt1223157,41,16.0,1,BIZARRE ER
4365,Music & Murder,2016,18+,41/100,0,0,1,0,tv_show,reality television,United States,English,8.3/10,tt0092400,41,18.0,1,MUSIC & MURDER
4366,Wildest Latin America,2012,16+,41/100,0,0,1,0,tv_show,reality television,United States,English,10.0,tt0092400,41,16.0,1,WILDEST LATIN AMERICA
4367,The Ultimate Civil War Series,2012,16+,41/100,0,0,1,0,tv_show,reality television,United States,English,6.9/10,tt0092400,41,16.0,1,THE ULTIMATE CIVIL WAR SERIES
4368,Black Harbour,1996,16+,41/100,0,0,1,0,tv_show,reality television,Canada,English,9.0,tt0115690,41,16.0,1,BLACK HARBOUR
4369,Jayde Adams: Serious Black Jumper,2020,16+,41/100,0,0,1,0,tv_show,reality television,United States,English,7.3/10,tt0092400,41,16.0,1,JAYDE ADAMS: SERIOUS BLACK JUMPER
4370,Benito: The Rise and Fall of Mussolini,1994,18+,41/100,0,0,1,0,tv_show,reality television,United States,English,5.7/10,tt0092400,41,18.0,1,BENITO: THE RISE AND FALL OF MUSSOLINI
4372,La Femme Musketeer,2004,7+,41/100,0,0,1,0,tv_show,reality television,United States,English,5.7/10,tt0092400,41,7.0,1,LA FEMME MUSKETEER
4373,Psychic Investigators,2006,7+,41/100,0,0,1,0,tv_show,reality television,United States,English,7.6/10,tt0092400,41,7.0,1,PSYCHIC INVESTIGATORS
4374,Moses the Lawgiver,1975,all,41/100,0,0,1,0,tv_show,reality television,United States,English,6.1/10,tt0092400,41,16.0,1,MOSES THE LAWGIVER
4375,Lunch Monkeys,2009,16+,41/100,0,0,1,0,tv_show,sitcom,United Kingdom,English,5.0,tt1477819,41,16.0,1,LUNCH MONKEYS
4376,Inventions That Shook the World,2011,all,41/100,0,0,1,0,tv_show,reality television,United States,English,8.3/10,tt0092400,41,16.0,1,INVENTIONS THAT SHOOK THE WORLD
4377,Italy's Invisible Cities,2017,16+,41/100,0,0,1,0,tv_show,reality television,United States,English,7.9/10,tt0092400,41,16.0,1,ITALY'S INVISIBLE CITIES
4378,Dino Dana,2017,all,41/100,0,0,1,0,tv_show,"popular science, children's television series",Canada,English,8.0,tt5200330,41,16.0,1,DINO DANA
4379,Pet Alien,2005,all,41/100,0,0,1,0,tv_show,reality television,United States,English,5.1/10,tt0092400,41,16.0,1,PET ALIEN
4380,Arthur & George,2015,all,40/100,0,0,1,0,tv_show,television series based on a novel,United Kingdom,English,10.0,tt4439928,40,16.0,1,ARTHUR & GEORGE
4381,The Nightmare Worlds of H.G. Wells,2016,16+,40/100,0,0,1,0,tv_show,reality television,United States,English,5.9/10,tt0092400,40,16.0,1,THE NIGHTMARE WORLDS OF H.G. WELLS
4383,Fluffy's Food Adventures,2015,7+,40/100,0,0,1,0,tv_show,reality television,United States,English,7.4/10,tt0092400,40,7.0,1,FLUFFY'S FOOD ADVENTURES
4384,Ocean Mysteries with Jeff Corwin,2011,all,40/100,0,0,1,0,tv_show,reality television,United States,English,8.5,tt1967678,40,16.0,1,OCEAN MYSTERIES WITH JEFF CORWIN
4386,Confessions: Animal Hoarding,2010,16+,40/100,0,0,1,0,tv_show,reality television,United States,English,6.0,tt1684397,40,16.0,1,CONFESSIONS: ANIMAL HOARDING
4387,Queens,2017,16+,40/100,0,0,1,0,tv_show,reality television,United States,English,5.6/10,tt0092400,40,16.0,1,QUEENS
4389,Rob Delaney: Jackie,2020,16+,40/100,0,0,1,0,tv_show,reality television,United States,English,6.7/10,tt0092400,40,16.0,1,ROB DELANEY: JACKIE
4390,Morganville: The series,2014,16+,40/100,0,0,1,0,tv_show,reality television,United States,English,5.7/10,tt0092400,40,16.0,1,MORGANVILLE: THE SERIES
4391,Amish Mafia,2012,16+,40/100,0,0,1,0,tv_show,reality television,United States,English,3.1,tt2514488,40,16.0,1,AMISH MAFIA
4392,Gotthard,2016,16+,40/100,0,0,1,0,tv_show,reality television,United States,English,6.5/10,tt0092400,40,16.0,1,GOTTHARD
4393,Circus,2010,7+,40/100,0,0,1,0,tv_show,reality television,United States,English,8.3/10,tt0092400,40,7.0,1,CIRCUS
4394,My Girlfriend is Shobitch,2017,16+,40/100,0,0,1,0,tv_show,reality television,United States,English,10.0,tt0092400,40,16.0,1,MY GIRLFRIEND IS SHOBITCH
4395,Geronimo Stilton,2009,all,40/100,0,0,1,0,tv_show,reality television,United States,English,6.8/10,tt0092400,40,16.0,1,GERONIMO STILTON
4396,Becoming a Man,2019,16+,40/100,0,0,1,0,tv_show,reality television,United States,English,9.2/10,tt0092400,40,16.0,1,BECOMING A MAN
4397,Catherine,2013,16+,40/100,0,0,1,0,tv_show,reality television,United States,English,7.3/10,tt0092400,40,16.0,1,CATHERINE
4398,Flickers,1980,all,40/100,0,0,1,0,tv_show,reality television,United Kingdom,English,8.0,tt0081864,40,16.0,1,FLICKERS
4400,Storage Wars: Northern Treasures,2017,18+,40/100,0,0,1,0,tv_show,reality television,United States,English,5.6/10,tt0092400,40,18.0,1,STORAGE WARS: NORTHERN TREASURES
4403,Bali,2006,16+,40/100,0,0,1,0,tv_show,reality television,United States,English,5.5/10,tt0092400,40,16.0,1,BALI
4404,Drop Kick on my Devil!,2018,16+,40/100,0,0,1,0,tv_show,reality television,United States,English,6.6/10,tt0092400,40,16.0,1,DROP KICK ON MY DEVIL!
4405,Your Bleeped Up Brain,2013,7+,40/100,0,0,1,0,tv_show,reality television,United States,English,7.8/10,tt0092400,40,7.0,1,YOUR BLEEPED UP BRAIN
4406,The Dreamstone,1990,all,40/100,0,0,1,0,tv_show,reality television,United States,English,8.1/10,tt0092400,40,16.0,1,THE DREAMSTONE
4407,Wildest Africa,2013,7+,40/100,0,0,1,0,tv_show,reality television,United States,English,8.2/10,tt0092400,40,7.0,1,WILDEST AFRICA
4408,Barbie Dreamtopia,2017,all,40/100,0,0,1,0,tv_show,animation,United States,English,10.0,tt7533146,40,16.0,1,BARBIE DREAMTOPIA
4409,Honest Ads,2017,16+,40/100,0,0,1,0,tv_show,reality television,United States,English,8.6/10,tt0092400,40,16.0,1,HONEST ADS
4410,An American Girl Story: Melody 1963 - Love Has to Win,2016,all,40/100,0,0,1,0,tv_show,reality television,United States,English,7.6/10,tt0092400,40,16.0,1,AN AMERICAN GIRL STORY: MELODY 1963 - LOVE HAS TO WIN
4411,Brum,1994,7+,40/100,0,0,1,0,tv_show,reality television,United States,English,6.3/10,tt0092400,40,7.0,1,BRUM
4412,Private Secretary,1953,16+,40/100,0,0,1,0,tv_show,sitcom,United States,English,6.0,tt0045435,40,16.0,1,PRIVATE SECRETARY
4413,Most Haunted,2002,7+,40/100,0,0,1,0,tv_show,reality television,United Kingdom,English,5.0,tt0362355,40,7.0,1,MOST HAUNTED
4414,Londongrad,2015,7+,40/100,0,0,1,0,tv_show,"comedy television series, adventure television series",Russia,Russian,5.0,tt2115354,40,7.0,1,LONDONGRAD
4415,7 Day Barre Challenge,2019,16+,40/100,0,0,1,0,tv_show,reality television,United States,English,10.0,tt0092400,40,16.0,1,7 DAY BARRE CHALLENGE
4416,ABC Galaxy,2015,16+,40/100,0,0,1,0,tv_show,reality television,United States,English,10.0,tt0092400,40,16.0,1,ABC GALAXY
4417,Ghost Stories,1997,16+,39/100,1,1,1,0,tv_show,anthology series,United States,English,10.0,tt0147766,39,16.0,1,GHOST STORIES
4418,Wildest Arctic,2012,16+,39/100,0,0,1,0,tv_show,reality television,United States,English,8.4/10,tt0092400,39,16.0,1,WILDEST ARCTIC
4419,Angelina Ballerina,2002,all,39/100,0,0,1,0,tv_show,children's television series,United Kingdom,English,4.0,tt0319935,39,16.0,1,ANGELINA BALLERINA
4420,Shui hu zhuan,2011,16+,39/100,0,0,1,0,tv_show,television series based on a novel,People's Republic of China,English,7.3/10,tt0092400,39,16.0,1,SHUI HU ZHUAN
4421,Pan y Circo,2020,16+,39/100,0,0,1,0,tv_show,reality television,United States,English,9.0,tt12675790,39,16.0,1,PAN Y CIRCO
4422,Barter Kings,2012,7+,39/100,0,0,1,0,tv_show,reality television,United States,English,1.0,tt2254098,39,7.0,1,BARTER KINGS
4423,Chi's Sweet Adventure,2016,16+,39/100,0,0,1,0,tv_show,reality television,United States,English,7.8/10,tt0092400,39,16.0,1,CHI'S SWEET ADVENTURE
4424,The New V.I.P.'s,2017,16+,39/100,0,0,1,0,tv_show,reality television,United States,English,10.0,tt0092400,39,16.0,1,THE NEW V.I.P.'S
4425,A Woman Named Jackie,1991,7+,39/100,0,0,1,0,tv_show,reality television,United States,English,6.6/10,tt0092400,39,7.0,1,A WOMAN NAMED JACKIE
4426,Password Plus,1979,all,39/100,0,0,1,0,tv_show,game show,United States,English,7.6,tt0197176,39,16.0,1,PASSWORD PLUS
4427,Category 7: The End of the World,2005,7+,39/100,0,0,1,0,tv_show,reality television,United States,English,4.7/10,tt0092400,39,7.0,1,CATEGORY 7: THE END OF THE WORLD
4428,Unsolved History,2002,16+,39/100,0,0,1,0,tv_show,documentary film,United States,English,1.0,tt0357400,39,16.0,1,UNSOLVED HISTORY
4430,Immortal Egypt,2016,16+,39/100,0,0,1,0,tv_show,reality television,United Kingdom,English,10.0,tt6139972,39,16.0,1,IMMORTAL EGYPT
4431,Stories from the Stone Age,2004,all,39/100,0,0,1,0,tv_show,reality television,United States,English,8.5/10,tt0092400,39,16.0,1,STORIES FROM THE STONE AGE
4432,The Johnny Carson Show,1955,16+,39/100,0,0,1,0,tv_show,reality television,United States,English,8.3,tt0047746,39,16.0,1,THE JOHNNY CARSON SHOW
4433,Wildest Indochina,2014,16+,39/100,0,0,1,0,tv_show,reality television,United States,English,8.4/10,tt0092400,39,16.0,1,WILDEST INDOCHINA
4434,For the Love of Jason,2020,18+,39/100,0,0,1,0,tv_show,reality television,United States,English,7.2/10,tt0092400,39,18.0,1,FOR THE LOVE OF JASON
4435,Project G.e.e.K.e.R.,1996,all,39/100,0,0,1,0,tv_show,reality television,United States,English,7.5/10,tt0092400,39,16.0,1,PROJECT G.E.E.K.E.R.
4436,Down East Dickering,2014,16+,39/100,0,0,1,0,tv_show,reality television,United States,English,8.0,tt3762958,39,16.0,1,DOWN EAST DICKERING
4437,Chloe's Closet,2010,all,39/100,0,0,1,0,tv_show,reality television,United States,English,6.9/10,tt0092400,39,16.0,1,CHLOE'S CLOSET
4438,The Hive,2010,all,39/100,0,0,1,0,tv_show,reality television,United States,English,6.6/10,tt0092400,39,16.0,1,THE HIVE
4439,Blockbusters,1980,16+,39/100,0,0,1,0,tv_show,game show,"Israel, United Kingdom",English,10.0,tt0194597,39,16.0,1,BLOCKBUSTERS
4440,Popeye and Son,1987,all,39/100,0,0,1,0,tv_show,reality television,United States,English,5.7/10,tt0092400,39,16.0,1,POPEYE AND SON
4441,Gangstars,2018,16+,39/100,0,0,1,0,tv_show,thriller television series,India,English,6.8/10,tt0092400,39,16.0,1,GANGSTARS
4442,6ixth Sense,2002,16+,39/100,0,0,1,0,tv_show,reality television,United Kingdom,English,10.0,tt0418364,39,16.0,1,6IXTH SENSE
4443,Shadow Force,2008,16+,39/100,0,0,1,0,tv_show,reality television,United States,English,7.3/10,tt0092400,39,16.0,1,SHADOW FORCE
4445,America Divided,2016,16+,39/100,0,0,1,0,tv_show,reality television,United States,English,10.0,tt5355972,39,16.0,1,AMERICA DIVIDED
4446,Danger & Eggs,2017,all,39/100,0,0,1,0,tv_show,reality television,United States,English,6.9/10,tt0092400,39,16.0,1,DANGER & EGGS
4447,Cool McCool,1966,7+,38/100,0,0,1,0,tv_show,reality television,United States,English,7.2/10,tt0092400,38,7.0,1,COOL MCCOOL
4448,Life with Elizabeth,1953,16+,38/100,0,0,1,0,tv_show,sitcom,United States,English,7.4,tt0045407,38,16.0,1,LIFE WITH ELIZABETH
4449,Modern Traveler,2016,16+,38/100,0,0,1,0,tv_show,reality television,United States,English,10.0,tt0092400,38,16.0,1,MODERN TRAVELER
4450,Crime & Punishment,2002,16+,38/100,0,0,1,0,tv_show,reality television,United States,English,7.3,tt0278250,38,16.0,1,CRIME & PUNISHMENT
4451,Inside the Mind of a Serial Killer,2015,16+,38/100,0,0,1,0,tv_show,reality television,United Kingdom,English,10.0,tt0092400,38,16.0,1,INSIDE THE MIND OF A SERIAL KILLER
4452,It's How You Get There,2017,16+,38/100,0,0,1,0,tv_show,reality television,United States,English,10.0,tt0092400,38,16.0,1,IT'S HOW YOU GET THERE
4453,Civilizations,2018,16+,38/100,0,0,1,0,tv_show,reality television,United States,English,10.0,tt0092400,38,16.0,1,CIVILIZATIONS
4454,Curious Traveler,2015,16+,38/100,0,0,1,0,tv_show,reality television,United States,English,7.9/10,tt0092400,38,16.0,1,CURIOUS TRAVELER
4455,Road Side Stories,2016,16+,38/100,0,0,1,0,tv_show,reality television,United States,English,10.0,tt0092400,38,16.0,1,ROAD SIDE STORIES
4456,The Prosecutors: In Pursuit of Justice,2000,16+,38/100,0,0,1,0,tv_show,television documentary,United States,English,7.9,tt0297607,38,16.0,1,THE PROSECUTORS: IN PURSUIT OF JUSTICE
4457,Busytown Mysteries,2007,all,38/100,0,0,1,0,tv_show,reality television,United States,English,6.2/10,tt0092400,38,16.0,1,BUSYTOWN MYSTERIES
4458,Starhunter ReduX,2018,16+,38/100,0,0,1,0,tv_show,reality television,United States,English,5.6/10,tt0092400,38,16.0,1,STARHUNTER REDUX
4459,The Aces' War,2018,16+,38/100,0,0,1,0,tv_show,reality television,United States,English,6.9/10,tt0092400,38,16.0,1,THE ACES' WAR
4460,Seven Senses of the Re'Union,2018,16+,38/100,0,0,1,0,tv_show,reality television,United States,English,4.6/10,tt0092400,38,16.0,1,SEVEN SENSES OF THE RE'UNION
4461,The Timeline,2015,16+,38/100,0,0,1,0,tv_show,American football film,United States,English,8.2/10,tt0092400,38,16.0,1,THE TIMELINE
4462,Roughing It,2002,16+,38/100,0,0,1,0,tv_show,reality television,United States,English,7.0/10,tt0092400,38,16.0,1,ROUGHING IT
4463,Sneg i pepel,2015,16+,38/100,0,0,1,0,tv_show,reality television,United States,English,6.2/10,tt0092400,38,16.0,1,SNEG I PEPEL
4464,One Mic Stand,2019,16+,38/100,0,0,1,0,tv_show,reality television,India,English,6.6/10,tt0092400,38,16.0,1,ONE MIC STAND
4465,Bat Pat,2016,16+,38/100,0,0,1,0,tv_show,reality television,United States,English,10.0,tt0092400,38,16.0,1,BAT PAT
4466,Secrets of Archaeology,2014,16+,38/100,0,0,1,0,tv_show,reality television,United States,English,8.0/10,tt0092400,38,16.0,1,SECRETS OF ARCHAEOLOGY
4467,Greatest Tank Battles,2010,7+,38/100,0,0,1,0,tv_show,reality television,Canada,English,7.0,tt1973370,38,7.0,1,GREATEST TANK BATTLES
4468,Nightmare in Suburbia,2008,16+,38/100,0,0,1,0,tv_show,reality television,United States,English,7.9/10,tt0092400,38,16.0,1,NIGHTMARE IN SUBURBIA
4469,Extinct,2001,16+,38/100,0,0,1,0,tv_show,reality television,United States,English,7.3/10,tt0092400,38,16.0,1,EXTINCT
4470,We'll Meet Again,1982,7+,38/100,0,0,1,0,tv_show,reality television,United States,English,7.1/10,tt0092400,38,7.0,1,WE'LL MEET AGAIN
4471,Sworn to Secrecy: Secrets of War,1998,16+,38/100,0,0,1,0,tv_show,reality television,United States,English,7.5/10,tt0092400,38,16.0,1,SWORN TO SECRECY: SECRETS OF WAR
4473,The Video Game Years,2012,16+,38/100,0,0,1,0,tv_show,reality television,United States,English,8.1/10,tt0092400,38,16.0,1,THE VIDEO GAME YEARS
4474,The Sheriffs are Coming,2012,all,38/100,0,0,1,0,tv_show,documentary film,United Kingdom,British English,10.0,tt3473178,38,16.0,1,THE SHERIFFS ARE COMING
4475,Jestination Unknown,2019,16+,38/100,0,0,1,0,tv_show,reality television,United States,English,6.1/10,tt0092400,38,16.0,1,JESTINATION UNKNOWN
4476,Impostors,2014,16+,38/100,0,0,1,0,tv_show,reality television,United States,English,7.7/10,tt0092400,38,16.0,1,IMPOSTORS
4477,Teens React,2011,16+,38/100,0,0,1,0,tv_show,reality television,United States,English,5.5/10,tt0092400,38,16.0,1,TEENS REACT
4478,Medieval Dead,2013,16+,38/100,0,0,1,0,tv_show,reality television,United States,English,7.3/10,tt0092400,38,16.0,1,MEDIEVAL DEAD
4479,Paranormal Investigators Uncut,2015,16+,38/100,0,0,1,0,tv_show,reality television,United States,English,10.0,tt0092400,38,16.0,1,PARANORMAL INVESTIGATORS UNCUT
4480,All Things Adrienne,2018,16+,38/100,0,0,1,0,tv_show,reality television,United States,English,10.0,tt0092400,38,16.0,1,ALL THINGS ADRIENNE
4481,Comedy Brew,2009,16+,38/100,0,0,1,0,tv_show,reality television,United States,English,10.0,tt0092400,38,16.0,1,COMEDY BREW
4482,To Kill or to Cure,2003,16+,38/100,0,0,1,0,tv_show,reality television,United States,English,10.0,tt0092400,38,16.0,1,TO KILL OR TO CURE
4483,Ireland's Greatest Robberies,1970,16+,38/100,0,0,1,0,tv_show,reality television,United States,English,10.0,tt0092400,38,16.0,1,IRELAND'S GREATEST ROBBERIES
4484,Glorious Gardens from Above,2014,16+,38/100,0,0,1,0,tv_show,reality television,United States,English,10.0,tt0092400,38,16.0,1,GLORIOUS GARDENS FROM ABOVE
4485,A Tale of Two Cities,1980,16+,38/100,0,0,1,0,tv_show,reality television,United States,English,6.6/10,tt0092400,38,16.0,1,A TALE OF TWO CITIES
4486,Extreme Forensics,2008,16+,38/100,0,0,1,0,tv_show,reality television,United States,English,7.9/10,tt0092400,38,16.0,1,EXTREME FORENSICS
4487,Miracle Pets,2001,16+,38/100,0,0,1,0,tv_show,"reality television, documentary film",United States,English,10.0,tt0279543,38,16.0,1,MIRACLE PETS
4488,999: Killer on the Line?,2016,16+,38/100,0,0,1,0,tv_show,reality television,United States,English,7.1/10,tt0092400,38,16.0,1,999: KILLER ON THE LINE?
4489,Time Team America,2009,all,38/100,0,0,1,0,tv_show,documentary film,United States,English,2.0,tt1556097,38,16.0,1,TIME TEAM AMERICA
4490,Small Business Revolution: Main Street,2016,16+,38/100,0,0,1,0,tv_show,reality television,United States,English,7.4/10,tt0092400,38,16.0,1,SMALL BUSINESS REVOLUTION: MAIN STREET
4491,Cosmic Quantum Ray,2010,7+,38/100,0,0,1,0,tv_show,reality television,United States,English,5.7/10,tt0092400,38,7.0,1,COSMIC QUANTUM RAY
4492,Final Life,2017,16+,38/100,0,0,1,0,tv_show,reality television,United States,English,5.4/10,tt0092400,38,16.0,1,FINAL LIFE
4493,The Californians,1957,16+,38/100,0,0,1,0,tv_show,Westerns on television,United States,English,5.0,tt0050002,38,16.0,1,THE CALIFORNIANS
4494,那年花開月正圓,2017,7+,38/100,0,0,1,0,tv_show,reality television,People's Republic of China,English,7.8/10,tt0092400,38,7.0,1,那年花開月正圓
4495,Minecraft Villagers,2013,16+,38/100,0,0,1,0,tv_show,reality television,United States,English,8.0/10,tt0092400,38,16.0,1,MINECRAFT VILLAGERS
4496,Boundless,2013,7+,37/100,0,0,1,0,tv_show,reality television,United States,English,7.6/10,tt0092400,37,7.0,1,BOUNDLESS
4497,Kids React,2010,16+,37/100,0,0,1,0,tv_show,reality television,United States,English,4.9/10,tt0092400,37,16.0,1,KIDS REACT
4498,Screen Two,1985,16+,37/100,0,0,1,0,tv_show,"drama television series, anthology series",United Kingdom,English,6.6,tt0297626,37,16.0,1,SCREEN TWO
4499,The Vigilantes in Masks,2011,16+,37/100,0,0,1,0,tv_show,wuxia,People's Republic of China,English,10.0,tt3211050,37,16.0,1,THE VIGILANTES IN MASKS
4500,The Bug Diaries,2019,all,37/100,0,0,1,0,tv_show,reality television,United States,English,7.0/10,tt0092400,37,16.0,1,THE BUG DIARIES
4501,Wild North,2015,16+,37/100,0,0,1,0,tv_show,reality television,United States,English,7.3/10,tt0092400,37,16.0,1,WILD NORTH
4502,Top Gear: Ambitious But Rubbish,2014,16+,37/100,0,0,1,0,tv_show,reality television,United States,English,10.0,tt0092400,37,16.0,1,TOP GEAR: AMBITIOUS BUT RUBBISH
4503,Empires,2000,all,37/100,0,0,1,0,tv_show,reality television,United States,English,10.0,tt0092400,37,16.0,1,EMPIRES
4504,The Snowy Day,2016,all,37/100,0,0,1,0,tv_show,reality television,United States,English,7.5/10,tt0092400,37,16.0,1,THE SNOWY DAY
4505,Hackers of CypherCon,2018,16+,37/100,0,0,1,0,tv_show,reality television,United States,English,8.6/10,tt0092400,37,16.0,1,HACKERS OF CYPHERCON
4506,Snog Marry Avoid?,2008,16+,37/100,0,0,1,0,tv_show,reality television,Netherlands,English,5.4,tt1270230,37,16.0,1,SNOG MARRY AVOID?
4507,Wishenpoof!,2015,all,37/100,0,0,1,0,tv_show,reality television,United States,English,5.0/10,tt0092400,37,16.0,1,WISHENPOOF!
4508,Tokyo Vampire Hotel,2018,16+,37/100,0,0,1,0,tv_show,reality television,United States,English,6.1/10,tt0092400,37,16.0,1,TOKYO VAMPIRE HOTEL
4509,Hot Girl,2016,16+,37/100,0,0,1,0,tv_show,reality television,People's Republic of China,Chinese,7.0/10,tt0092400,37,16.0,1,HOT GIRL
4510,Wheel Sharks,2013,16+,37/100,0,0,1,0,tv_show,reality television,United States,English,10.0,tt0092400,37,16.0,1,WHEEL SHARKS
4511,Legends of Power with Tony Robinson,2003,16+,37/100,0,0,1,0,tv_show,reality television,United States,English,10.0,tt0092400,37,16.0,1,LEGENDS OF POWER WITH TONY ROBINSON
4512,DNA Detectives,2011,16+,37/100,0,0,1,0,tv_show,reality television,United States,English,10.0,tt0092400,37,16.0,1,DNA DETECTIVES
4513,Underground: La Historia del Reggeaton,2020,16+,37/100,0,0,1,0,tv_show,reality television,United States,English,10.0,tt0092400,37,16.0,1,UNDERGROUND: LA HISTORIA DEL REGGEATON
4514,Luxury Life,2016,16+,37/100,0,0,1,0,tv_show,reality television,United States,English,10.0,tt0092400,37,16.0,1,LUXURY LIFE
4515,Great Family Adventures,2011,16+,37/100,0,0,1,0,tv_show,reality television,United States,English,10.0,tt0092400,37,16.0,1,GREAT FAMILY ADVENTURES
4516,Pet Moms,2018,16+,37/100,0,0,1,0,tv_show,reality television,United States,English,10.0,tt0092400,37,16.0,1,PET MOMS
4517,Perfect Couple,2014,16+,37/100,0,0,1,0,tv_show,reality television,People's Republic of China,English,10.0,tt5662664,37,16.0,1,PERFECT COUPLE
4518,The Other F Word,2017,16+,37/100,0,0,1,0,tv_show,reality television,United States,English,7.8/10,tt0092400,37,16.0,1,THE OTHER F WORD
4519,World War II The Last Heroes,2011,16+,37/100,0,0,1,0,tv_show,reality television,United States,English,8.5/10,tt0092400,37,16.0,1,WORLD WAR II THE LAST HEROES
4520,Stacey David's GearZ,2010,all,37/100,0,0,1,0,tv_show,reality television,United States,English,8.8/10,tt0092400,37,16.0,1,STACEY DAVID'S GEARZ
4521,Battlefield Recovery,2016,16+,37/100,0,0,1,0,tv_show,reality television,United States,English,6.5/10,tt0092400,37,16.0,1,BATTLEFIELD RECOVERY
4522,LEGO City,2011,all,37/100,0,0,1,0,tv_show,reality television,United States,English,5.4/10,tt0092400,37,16.0,1,LEGO CITY
4523,Creative Galaxy,2013,all,37/100,0,0,1,0,tv_show,reality television,United States,English,5.0/10,tt0092400,37,16.0,1,CREATIVE GALAXY
4524,Life on Fire,2010,16+,37/100,0,0,1,0,tv_show,television documentary,"France, United States",English,8.4/10,tt0092400,37,16.0,1,LIFE ON FIRE
4525,Prime Rewind: Inside the Boys,2020,18+,37/100,0,0,1,0,tv_show,reality television,United States,English,5.6/10,tt0092400,37,18.0,1,PRIME REWIND: INSIDE THE BOYS
4526,Austin Stevens - Adventures,2009,16+,37/100,0,0,1,0,tv_show,reality television,United States,English,8.1/10,tt0092400,37,16.0,1,AUSTIN STEVENS - ADVENTURES
4527,Bulge Bracket,2020,16+,37/100,0,0,1,0,tv_show,reality television,United States,English,5.2/10,tt0092400,37,16.0,1,BULGE BRACKET
4528,If You Give a Mouse a Cookie,2015,7+,37/100,0,0,1,0,tv_show,reality television,United States,English,6.4/10,tt0092400,37,7.0,1,IF YOU GIVE A MOUSE A COOKIE
4529,Faster with Finnegan,2020,16+,37/100,0,0,1,0,tv_show,reality television,United States,English,10.0,tt0092400,37,16.0,1,FASTER WITH FINNEGAN
4530,Chillers,1990,16+,36/100,0,0,1,0,tv_show,reality television,United States,English,1.0,tt0098889,36,16.0,1,CHILLERS
4531,Nature's Power Revealed,2011,16+,36/100,0,0,1,0,tv_show,reality television,United States,English,9.0/10,tt0092400,36,16.0,1,NATURE'S POWER REVEALED
4532,Ground Warfare,2010,16+,36/100,0,0,1,0,tv_show,reality television,United States,English,10.0,tt0092400,36,16.0,1,GROUND WARFARE
4533,Billion Dollar Wreck,2016,7+,36/100,0,0,1,0,tv_show,reality television,United States,English,1.0,tt5533788,36,7.0,1,BILLION DOLLAR WRECK
4534,Disasters of the Century,2004,7+,36/100,0,0,1,0,tv_show,documentary film,United States,English,5.0,tt1924759,36,7.0,1,DISASTERS OF THE CENTURY
4535,Dino the Dinosaur,2016,all,36/100,0,0,1,0,tv_show,reality television,United States,English,7.1/10,tt0092400,36,16.0,1,DINO THE DINOSAUR
4536,Sangre Negra,2017,16+,36/100,0,0,1,0,tv_show,reality television,United States,English,8.5/10,tt0092400,36,16.0,1,SANGRE NEGRA
4537,Tainted Dreams,2017,16+,36/100,0,0,1,0,tv_show,LGBT-related television series,United States,English,7.7,tt3161744,36,16.0,1,TAINTED DREAMS
4538,A Craftsman’s Legacy,2014,all,36/100,0,0,1,0,tv_show,reality television,United States,English,10.0,tt4958538,36,16.0,1,A CRAFTSMAN’S LEGACY
4539,Lidia's Kitchen,2013,all,36/100,0,0,1,0,tv_show,reality television,United States,English,7.9/10,tt0092400,36,16.0,1,LIDIA'S KITCHEN
4540,Noveltoon,1943,7+,36/100,0,0,1,0,tv_show,reality television,United States,English,10.0,tt0092400,36,7.0,1,NOVELTOON
4541,Color Crew,2015,all,36/100,0,0,1,0,tv_show,reality television,United States,English,5.5/10,tt0092400,36,16.0,1,COLOR CREW
4542,Nikola Tesla and the End of the World,2015,16+,36/100,0,0,1,0,tv_show,reality television,United States,English,4.9/10,tt0092400,36,16.0,1,NIKOLA TESLA AND THE END OF THE WORLD
4543,Life in the Carolinas,2008,16+,36/100,0,0,1,0,tv_show,reality television,United States,English,8.0/10,tt0092400,36,16.0,1,LIFE IN THE CAROLINAS
4544,FBI Takedowns,2015,7+,36/100,0,0,1,0,tv_show,reality television,United States,English,8.0/10,tt0092400,36,7.0,1,FBI TAKEDOWNS
4545,Bad Ink,2013,16+,36/100,0,0,1,0,tv_show,reality television,United States,English,1.0,tt3116986,36,16.0,1,BAD INK
4546,Ilana Glazer: The Planet Is Burning,2020,16+,36/100,0,0,1,0,tv_show,reality television,United States,English,3.9/10,tt0092400,36,16.0,1,ILANA GLAZER: THE PLANET IS BURNING
4547,Diagnosis: Unknown,2002,16+,36/100,0,0,1,0,tv_show,drama television series,United States,English,5.7,tt0053498,36,16.0,1,DIAGNOSIS: UNKNOWN
4548,Build a New Life In the Country,2005,16+,36/100,0,0,1,0,tv_show,reality television,United States,English,7.9/10,tt0092400,36,16.0,1,BUILD A NEW LIFE IN THE COUNTRY
4549,Christmas Through the Decades,2015,16+,36/100,0,0,1,0,tv_show,reality television,United States,English,8.2/10,tt0092400,36,16.0,1,CHRISTMAS THROUGH THE DECADES
4550,Private Sales,2016,16+,36/100,0,0,1,0,tv_show,reality television,United States,English,5.7/10,tt0092400,36,16.0,1,PRIVATE SALES
4551,부릉! 부릉! 브루미즈,2012,16+,36/100,0,0,1,0,tv_show,reality television,United States,English,4.6/10,tt0092400,36,16.0,1,부릉! 부릉! 브루미즈
4552,The Curse of King Tut's Tomb,2006,16+,36/100,0,0,1,0,tv_show,reality television,United States,English,4.4/10,tt0092400,36,16.0,1,THE CURSE OF KING TUT'S TOMB
4553,Eat. Race. Win.,2018,16+,36/100,0,0,1,0,tv_show,reality television,United States,English,7.1/10,tt0092400,36,16.0,1,EAT. RACE. WIN.
4554,Nurses Who Kill,2016,16+,36/100,0,0,1,0,tv_show,television documentary,United Kingdom,English,2.0,tt6264964,36,16.0,1,NURSES WHO KILL
4555,Trail of Tears,1999,all,36/100,0,0,1,0,tv_show,reality television,United States,English,8.2/10,tt0092400,36,16.0,1,TRAIL OF TEARS
4556,Fight Night: White Collar Boxing,2005,16+,36/100,0,0,1,0,tv_show,reality television,United States,English,10.0,tt0092400,36,16.0,1,FIGHT NIGHT: WHITE COLLAR BOXING
4557,Constitution USA with Peter Sagal,2013,16+,36/100,0,0,1,0,tv_show,reality television,United States,English,10.0,tt0092400,36,16.0,1,CONSTITUTION USA WITH PETER SAGAL
4558,Kung Food,2011,16+,36/100,0,0,1,0,tv_show,reality television,United States,English,10.0,tt0092400,36,16.0,1,KUNG FOOD
4559,Get the Fork Out,2018,16+,36/100,0,0,1,0,tv_show,reality television,United States,English,10.0,tt0092400,36,16.0,1,GET THE FORK OUT
4560,Hidden Europe,2002,16+,36/100,0,0,1,0,tv_show,reality television,United States,English,10.0,tt0092400,36,16.0,1,HIDDEN EUROPE
4561,Happy Marriage!?,2016,16+,36/100,0,0,1,0,tv_show,reality television,United States,English,6.4/10,tt0092400,36,16.0,1,HAPPY MARRIAGE!?
4562,Grand Tours of Scotland's Lochs,2017,16+,36/100,0,0,1,0,tv_show,reality television,United States,English,8.4/10,tt0092400,36,16.0,1,GRAND TOURS OF SCOTLAND'S LOCHS
4563,WWII in the Pacific,2015,7+,36/100,0,0,1,0,tv_show,reality television,United States,English,10.0,tt0092400,36,7.0,1,WWII IN THE PACIFIC
4564,"Glenn Martin, DDS",2009,16+,36/100,0,0,1,0,tv_show,reality television,United States,English,4.2/10,tt0092400,36,16.0,1,"GLENN MARTIN, DDS"
4565,Zack Morris is Trash,2017,16+,36/100,0,0,1,0,tv_show,reality television,United States,English,7.4/10,tt0092400,36,16.0,1,ZACK MORRIS IS TRASH
4566,The Kacey Musgraves Christmas Show,2019,16+,36/100,0,0,1,0,tv_show,reality television,United States,English,4.0,tt11225428,36,16.0,1,THE KACEY MUSGRAVES CHRISTMAS SHOW
4567,Thelma's Gypsy Girls,2012,16+,36/100,0,0,1,0,tv_show,reality television,United States,English,6.6/10,tt0092400,36,16.0,1,THELMA'S GYPSY GIRLS
4568,I Am Innocent,2015,18+,36/100,0,0,1,0,tv_show,reality television,United States,English,7.3/10,tt0092400,36,18.0,1,I AM INNOCENT
4569,Baby Talk,1991,all,36/100,0,0,1,0,tv_show,reality television,United States,English,4.1/10,tt0092400,36,16.0,1,BABY TALK
4570,"Rich Bride, Poor Bride",2006,all,36/100,0,0,1,0,tv_show,reality television,United States,English,6.2/10,tt0092400,36,16.0,1,"RICH BRIDE, POOR BRIDE"
4571,Delayed Gratification Series,2017,16+,36/100,0,0,1,0,tv_show,reality television,United States,English,8.7/10,tt0092400,36,16.0,1,DELAYED GRATIFICATION SERIES
4572,Betsy's Kindergarten Adventures,2008,all,36/100,0,0,1,0,tv_show,animation,United States,American English,7.0,tt0458250,36,16.0,1,BETSY'S KINDERGARTEN ADVENTURES
4573,Long Haired Businessmen,2013,16+,35/100,0,0,1,0,tv_show,reality television,United States,English,8.5/10,tt0092400,35,16.0,1,LONG HAIRED BUSINESSMEN
4574,Cut the Rope - Om Nom Stories,2012,all,35/100,0,0,1,0,tv_show,reality television,United States,English,6.0/10,tt0092400,35,16.0,1,CUT THE ROPE - OM NOM STORIES
4575,Drovers' Gold,1997,16+,35/100,0,0,1,0,tv_show,reality television,United States,English,9.0,tt0118305,35,16.0,1,DROVERS' GOLD
4576,Dance Moms: Miami,2012,16+,35/100,0,0,1,0,tv_show,reality television,United States,English,3.4,tt2190731,35,16.0,1,DANCE MOMS: MIAMI
4577,Crackanory,2013,16+,35/100,0,0,1,0,tv_show,reality television,United Kingdom,English,8.0,tt3328268,35,16.0,1,CRACKANORY
4578,Mary Portas: Secret Shopper,2011,16+,35/100,0,0,1,0,tv_show,reality television,United Kingdom,English,8.0,tt1823963,35,16.0,1,MARY PORTAS: SECRET SHOPPER
4579,Knock Knock Ghost,2015,13+,35/100,0,0,1,0,tv_show,reality television,Canada,English,10.0,tt5124168,35,13.0,1,KNOCK KNOCK GHOST
4581,Mobile,2007,16+,35/100,0,0,1,0,tv_show,reality television,United States,English,7.5/10,tt0092400,35,16.0,1,MOBILE
4582,Killer Wave,2007,16+,35/100,0,0,1,0,tv_show,reality television,United States,English,4.3/10,tt0092400,35,16.0,1,KILLER WAVE
4583,Edward and Mary: The Unknown Tudors,2002,16+,35/100,0,0,1,0,tv_show,reality television,United States,English,7.4/10,tt0092400,35,16.0,1,EDWARD AND MARY: THE UNKNOWN TUDORS
4584,Big Easy Motors,2016,7+,35/100,0,0,1,0,tv_show,reality television,United States,English,3.0,tt5734342,35,7.0,1,BIG EASY MOTORS
4585,Vanity,2015,16+,35/100,0,0,1,0,tv_show,reality television,United States,English,7.1/10,tt0092400,35,16.0,1,VANITY
4586,The R.I.P. Files,2012,16+,35/100,0,0,1,0,tv_show,reality television,United States,English,7.1/10,tt0092400,35,16.0,1,THE R.I.P. FILES
4587,Shark Gordon,2000,16+,35/100,0,0,1,0,tv_show,reality television,United States,English,8.9/10,tt0092400,35,16.0,1,SHARK GORDON
4588,Dangerous Encounters,2005,all,35/100,0,0,1,0,tv_show,reality television,United States,English,1.0,tt0924555,35,16.0,1,DANGEROUS ENCOUNTERS
4589,Foxy Ladies,2016,16+,35/100,0,0,1,0,tv_show,reality television,United States,English,6.1/10,tt0092400,35,16.0,1,FOXY LADIES
4590,Puppy in My Pocket,2010,16+,35/100,0,0,1,0,tv_show,reality television,United States,English,4.5/10,tt0092400,35,16.0,1,PUPPY IN MY POCKET
4591,The Pickwick Papers,1985,16+,35/100,0,0,1,0,tv_show,"drama television series, television series based on a novel",United Kingdom,English,10.0,tt0278228,35,16.0,1,THE PICKWICK PAPERS
4593,Fukuyadou Honpo: Kyoto Love Story,2016,16+,35/100,0,0,1,0,tv_show,reality television,United States,English,6.8/10,tt0092400,35,16.0,1,FUKUYADOU HONPO: KYOTO LOVE STORY
4594,The Crimean War,2018,16+,35/100,0,0,1,0,tv_show,reality television,United States,English,7.7/10,tt0092400,35,16.0,1,THE CRIMEAN WAR
4595,Stories of Saints for Kids,2016,16+,35/100,0,0,1,0,tv_show,reality television,United States,English,10.0,tt0092400,35,16.0,1,STORIES OF SAINTS FOR KIDS
4596,Zoo Babies,2009,16+,35/100,0,0,1,0,tv_show,reality television,United States,English,10.0,tt0092400,35,16.0,1,ZOO BABIES
4597,Episode #6.9,1990,16+,35/100,0,0,1,0,tv_show,reality television,United States,English,10.0,tt0092400,35,16.0,1,EPISODE #6.9
4598,Cowboy Country: The American Cowboy,2000,16+,35/100,0,0,1,0,tv_show,reality television,United States,English,10.0,tt0092400,35,16.0,1,COWBOY COUNTRY: THE AMERICAN COWBOY
4599,Cooking at the Academy,1991,16+,35/100,0,0,1,0,tv_show,reality television,United States,English,10.0,tt0092400,35,16.0,1,COOKING AT THE ACADEMY
4600,Islam and the West,2011,all,35/100,0,0,1,0,tv_show,reality television,United States,English,10.0,tt0092400,35,16.0,1,ISLAM AND THE WEST
4601,Beat the Clock,1979,16+,35/100,0,0,1,0,tv_show,reality television,United States,English,10.0,tt0042080,35,16.0,1,BEAT THE CLOCK
4602,Enchantimals: Tales from Everwilde,2018,all,35/100,0,0,1,0,tv_show,reality television,United States,English,6.6/10,tt0092400,35,16.0,1,ENCHANTIMALS: TALES FROM EVERWILDE
4603,Queen Victoria's Letters: A Monarch Unveiled,2014,16+,35/100,0,0,1,0,tv_show,reality television,United States,English,8.1/10,tt0092400,35,16.0,1,QUEEN VICTORIA'S LETTERS: A MONARCH UNVEILED
4604,Kremen. Osvobozhdenie,2013,16+,35/100,0,0,1,0,tv_show,reality television,United States,English,5.8/10,tt0092400,35,16.0,1,KREMEN. OSVOBOZHDENIE
4605,Wipeout (AU),2009,16+,35/100,0,0,1,0,tv_show,reality television,United States,English,6.1/10,tt0092400,35,16.0,1,WIPEOUT (AU)
4606,Kemurikusa,2019,all,35/100,0,0,1,0,tv_show,reality television,United States,English,7.1/10,tt0092400,35,16.0,1,KEMURIKUSA
4607,Travel With Kids,2011,all,35/100,0,0,1,0,tv_show,reality television,United States,English,6.2/10,tt0092400,35,16.0,1,TRAVEL WITH KIDS
4608,I killed my BFF,2012,16+,35/100,0,0,1,0,tv_show,reality television,United States,English,7.0/10,tt0092400,35,16.0,1,I KILLED MY BFF
4609,Xploration DIY Sci,2016,all,34/100,0,0,1,0,tv_show,reality television,United States,English,7.0,tt6056924,34,16.0,1,XPLORATION DIY SCI
4610,Rome,2012,16+,34/100,0,0,1,0,tv_show,reality television,United States,English,5.6/10,tt0092400,34,16.0,1,ROME
4611,Engineering Giants,2012,16+,34/100,0,0,1,0,tv_show,reality television,United States,English,8.5/10,tt0092400,34,16.0,1,ENGINEERING GIANTS
4612,Ladylike,2016,16+,34/100,0,0,1,0,tv_show,reality television,United States,English,6.1/10,tt0092400,34,16.0,1,LADYLIKE
4613,Inside the Tube: Going Underground,2017,16+,34/100,0,0,1,0,tv_show,reality television,United States,English,8.2/10,tt0092400,34,16.0,1,INSIDE THE TUBE: GOING UNDERGROUND
4614,Beyond,2005,16+,34/100,0,0,1,0,tv_show,reality television,United States,English,7.0/10,tt0092400,34,16.0,1,BEYOND
4615,Interpol Investigates,2004,16+,34/100,0,0,1,0,tv_show,reality television,United States,English,7.2,tt0426722,34,16.0,1,INTERPOL INVESTIGATES
4616,Hotel GB,2012,16+,34/100,0,0,1,0,tv_show,reality television,United Kingdom,English,6.1/10,tt0092400,34,16.0,1,HOTEL GB
4617,Owlegories,2016,16+,34/100,0,0,1,0,tv_show,reality television,United States,English,8.5/10,tt0092400,34,16.0,1,OWLEGORIES
4618,Teletubbies: Nursery Rhymes,2017,16+,34/100,0,0,1,0,tv_show,reality television,United States,English,5.2/10,tt0092400,34,16.0,1,TELETUBBIES: NURSERY RHYMES
4619,Big Shrimpin',2011,16+,34/100,0,0,1,0,tv_show,reality television,United States,English,6.0,tt2114586,34,16.0,1,BIG SHRIMPIN'
4620,Bordertown: Laredo,2011,16+,34/100,0,0,1,0,tv_show,reality television,United States,English,6.9/10,tt0092400,34,16.0,1,BORDERTOWN: LAREDO
4622,Design Squad,2007,all,34/100,0,0,1,0,tv_show,reality television,United States,English,8.4,tt1039872,34,16.0,1,DESIGN SQUAD
4623,Elders React,2012,16+,34/100,0,0,1,0,tv_show,reality television,United States,English,5.8/10,tt0092400,34,16.0,1,ELDERS REACT
4624,The Bumble Nums,2017,all,34/100,0,0,1,0,tv_show,reality television,United States,English,7.2/10,tt0092400,34,16.0,1,THE BUMBLE NUMS
4625,Qumi-Qumi,2012,16+,34/100,0,0,1,0,tv_show,reality television,United States,English,7.9/10,tt0092400,34,16.0,1,QUMI-QUMI
4626,Inside Jokes,2018,16+,34/100,0,0,1,0,tv_show,reality television,United States,English,7.3/10,tt0092400,34,16.0,1,INSIDE JOKES
4627,Plane Resurrection,2016,16+,34/100,0,0,1,0,tv_show,reality television,United States,English,7.3/10,tt0092400,34,16.0,1,PLANE RESURRECTION
4628,Sketch,2018,16+,34/100,0,0,1,0,tv_show,reality television,United States,English,10.0,tt0092400,34,16.0,1,SKETCH
4629,Fanny by Gaslight,1981,18+,34/100,0,0,1,0,tv_show,reality television,United Kingdom,English,5.0,tt0327282,34,18.0,1,FANNY BY GASLIGHT
4630,72 Hours,2013,16+,34/100,0,0,1,0,tv_show,reality television,United States,English,6.0,tt2525840,34,16.0,1,72 HOURS
4631,Cam & Leon,2017,16+,34/100,0,0,1,0,tv_show,reality television,United States,English,6.7/10,tt0092400,34,16.0,1,CAM & LEON
4632,Ghost Dimension,2016,7+,34/100,0,0,1,0,tv_show,reality television,United States,English,6.0/10,tt0092400,34,7.0,1,GHOST DIMENSION
4633,The Hunt,2014,16+,34/100,0,0,1,0,tv_show,reality television,United States,English,6.5/10,tt0092400,34,16.0,1,THE HUNT
4634,Wild About Animals,1995,16+,34/100,0,0,1,0,tv_show,documentary film,United States,English,7.4,tt0257330,34,16.0,1,WILD ABOUT ANIMALS
4635,Catherine the Great,2015,16+,34/100,0,0,1,0,tv_show,"historical film, drama film",Russia,Russian,8.0,tt4231140,34,16.0,1,CATHERINE THE GREAT
4636,Bookaboo,2016,all,34/100,0,0,1,0,tv_show,reality television,United Kingdom,English,10.0,tt1371652,34,16.0,1,BOOKABOO
4637,For the Love of Ray J,2009,16+,34/100,0,0,1,0,tv_show,reality television,United States,English,3.2/10,tt0092400,34,16.0,1,FOR THE LOVE OF RAY J
4638,Jessy & Nessy,2020,all,33/100,0,0,1,0,tv_show,reality television,United States,English,8.0/10,tt0092400,33,16.0,1,JESSY & NESSY
4639,Kids on the Edge,2016,16+,33/100,0,0,1,0,tv_show,reality television,United States,English,7.6/10,tt0092400,33,16.0,1,KIDS ON THE EDGE
4640,Double Your House for Half the Money,2012,16+,33/100,0,0,1,0,tv_show,reality television,United States,English,6.9/10,tt0092400,33,16.0,1,DOUBLE YOUR HOUSE FOR HALF THE MONEY
4641,Bump!,2005,16+,33/100,0,0,1,0,tv_show,LGBT-related television series,Canada,English,4.0,tt0765489,33,16.0,1,BUMP!
4642,"Frauen, die Geschichte machten",2013,16+,33/100,0,0,1,0,tv_show,documentary,Germany,German,7.2,tt3333802,33,16.0,1,"FRAUEN, DIE GESCHICHTE MACHTEN"
4643,First Civilizations,2018,16+,33/100,0,0,1,0,tv_show,reality television,United States,English,6.8/10,tt0092400,33,16.0,1,FIRST CIVILIZATIONS
4644,Wir Geiseln der SS,2015,7+,33/100,0,0,1,0,tv_show,reality television,United States,English,7.3/10,tt0092400,33,7.0,1,WIR GEISELN DER SS
4645,Mopar or No Car,2007,16+,33/100,0,0,1,0,tv_show,reality television,United States,English,10.0,tt0092400,33,16.0,1,MOPAR OR NO CAR
4646,The Surgeons,2003,16+,33/100,0,0,1,0,tv_show,reality television,People's Republic of China,English,9.0,tt6810962,33,16.0,1,THE SURGEONS
4647,Talking Tom Shorts,2014,16+,33/100,0,0,1,0,tv_show,reality television,United States,English,10.0,tt0092400,33,16.0,1,TALKING TOM SHORTS
4648,Fresh Tracks,2016,16+,33/100,0,0,1,0,tv_show,reality television,United States,English,8.8/10,tt0092400,33,16.0,1,FRESH TRACKS
4649,Flipping Boston,2012,16+,33/100,0,0,1,0,tv_show,reality television,United States,English,6.9/10,tt0092400,33,16.0,1,FLIPPING BOSTON
4650,American Treasures,2010,16+,33/100,0,0,1,0,tv_show,reality television,United States,English,6.5,tt1844862,33,16.0,1,AMERICAN TREASURES
4651,Mr Swimmer,2018,16+,33/100,0,0,1,0,tv_show,reality television,United States,English,7.4/10,tt0092400,33,16.0,1,MR SWIMMER
4652,Flying Through Time,2004,all,33/100,0,0,1,0,tv_show,reality television,United States,English,10.0,tt0092400,33,16.0,1,FLYING THROUGH TIME
4653,Looped,2016,all,33/100,0,0,1,0,tv_show,reality television,United States,English,5.8/10,tt0092400,33,16.0,1,LOOPED
4654,PowerNation: Engine Power,2014,all,33/100,0,0,1,0,tv_show,reality television,United States,English,7.7/10,tt0092400,33,16.0,1,POWERNATION: ENGINE POWER
4655,Pompidou,2015,16+,33/100,0,0,1,0,tv_show,comedy television series,United Kingdom,English,2.0,tt2811472,33,16.0,1,POMPIDOU
4656,Immortalized,2013,16+,33/100,0,0,1,0,tv_show,reality television,United States,English,4.4/10,tt0092400,33,16.0,1,IMMORTALIZED
4657,Hope and Wire,2014,16+,33/100,0,0,1,0,tv_show,reality television,United States,English,6.2/10,tt0092400,33,16.0,1,HOPE AND WIRE
4658,Brandi and Jarrod: Married to the Job,2014,7+,33/100,0,0,1,0,tv_show,reality television,United States,English,4.2/10,tt0092400,33,7.0,1,BRANDI AND JARROD: MARRIED TO THE JOB
4659,Anna's Wild Life,2011,all,33/100,0,0,1,0,tv_show,reality television,United States,English,8.4/10,tt0092400,33,16.0,1,ANNA'S WILD LIFE
4660,New York Confidential,2017,16+,33/100,0,0,1,0,tv_show,drama television series,United States,English,4.9,tt0052496,33,16.0,1,NEW YORK CONFIDENTIAL
4661,Handy Bean,2018,16+,33/100,0,0,1,0,tv_show,reality television,United States,English,6.8/10,tt0092400,33,16.0,1,HANDY BEAN
4662,Mix Master,2011,16+,33/100,0,0,1,0,tv_show,reality television,United States,English,7.9/10,tt0092400,33,16.0,1,MIX MASTER
4663,SciGirls,2010,all,33/100,0,0,1,0,tv_show,"educational television, live action/animated television series",United States,English,7.5/10,tt0092400,33,16.0,1,SCIGIRLS
4664,Today's Homeowner with Danny Lipford,1998,all,32/100,0,0,1,0,tv_show,reality television,United States,English,8.9/10,tt0092400,32,16.0,1,TODAY'S HOMEOWNER WITH DANNY LIPFORD
4665,Gangster Empire: Rise of the Mob,2013,16+,32/100,0,0,1,0,tv_show,crime film,United States,English,3.0,tt2884504,32,16.0,1,GANGSTER EMPIRE: RISE OF THE MOB
4666,A Path Appears,2016,16+,32/100,0,0,1,0,tv_show,reality television,United States,English,7.6/10,tt0092400,32,16.0,1,A PATH APPEARS
4667,Strictly Ballet,2014,16+,32/100,0,0,1,0,tv_show,reality television,United States,English,6.5/10,tt0092400,32,16.0,1,STRICTLY BALLET
4668,Beyond the Tattoo,2017,16+,32/100,0,0,1,0,tv_show,reality television,United States,English,6.7/10,tt0092400,32,16.0,1,BEYOND THE TATTOO
4669,The Suspects: True Australian Thrillers,2010,16+,32/100,0,0,1,0,tv_show,reality television,United States,English,7.9/10,tt0092400,32,16.0,1,THE SUSPECTS: TRUE AUSTRALIAN THRILLERS
4670,UQ Holder!,2017,16+,32/100,0,0,1,0,tv_show,reality television,United States,English,10.0,tt0092400,32,16.0,1,UQ HOLDER!
4671,Deals from the Dark Side,2011,16+,32/100,0,0,1,0,tv_show,reality television,United States,English,6.5/10,tt0092400,32,16.0,1,DEALS FROM THE DARK SIDE
4672,Conversations in L.A.,2017,16+,32/100,0,0,1,0,tv_show,reality television,United States,English,6.7/10,tt0092400,32,16.0,1,CONVERSATIONS IN L.A.
4673,Making It in Music City,2017,16+,32/100,0,0,1,0,tv_show,reality television,United States,English,7.3/10,tt0092400,32,16.0,1,MAKING IT IN MUSIC CITY
4675,Infidelity,2015,16+,32/100,0,0,1,0,tv_show,reality television,United States,English,6.4/10,tt0092400,32,16.0,1,INFIDELITY
4676,Stalkers Who Kill,2016,16+,32/100,0,0,1,0,tv_show,docudrama,United States,English,1.0,tt6963502,32,16.0,1,STALKERS WHO KILL
4677,Shelldon,2009,all,32/100,0,0,1,0,tv_show,reality television,"United States, Singapore, Thailand",English,6.7,tt1333922,32,16.0,1,SHELLDON
4678,Thurston,2011,16+,32/100,0,0,1,0,tv_show,reality television,United States,English,6.3/10,tt0092400,32,16.0,1,THURSTON
4679,Crime Inc,2010,16+,32/100,0,0,1,0,tv_show,television documentary,United Kingdom,English,8.0,tt0938980,32,16.0,1,CRIME INC
4680,The Irish Mob,2016,16+,32/100,0,0,1,0,tv_show,reality television,United States,English,7.5/10,tt0092400,32,16.0,1,THE IRISH MOB
4681,Buried Secrets,2005,16+,32/100,0,0,1,0,tv_show,reality television,United States,English,7.4/10,tt0092400,32,16.0,1,BURIED SECRETS
4682,Wendy,2013,7+,32/100,0,0,1,0,tv_show,reality television,United States,English,5.9/10,tt0092400,32,7.0,1,WENDY
4683,Worth It: Lifestyle,2017,16+,32/100,0,0,1,0,tv_show,reality television,United States,English,7.6/10,tt0092400,32,16.0,1,WORTH IT: LIFESTYLE
4684,Troy the Train of Car City,2016,16+,32/100,0,0,1,0,tv_show,reality television,United States,English,7.5/10,tt0092400,32,16.0,1,TROY THE TRAIN OF CAR CITY
4685,The Underdogs,2010,all,32/100,0,0,1,0,tv_show,reality television,United States,English,8.3/10,tt0092400,32,16.0,1,THE UNDERDOGS
4686,Discovering the World,2019,16+,32/100,0,0,1,0,tv_show,reality television,United States,English,6.7/10,tt0092400,32,16.0,1,DISCOVERING THE WORLD
4687,Hitler's Propaganda Machine,2017,16+,31/100,0,0,1,0,tv_show,reality television,United States,English,8.0/10,tt0092400,31,16.0,1,HITLER'S PROPAGANDA MACHINE
4688,A Desert Between Us and Them,2013,16+,31/100,0,0,1,0,tv_show,reality television,United States,English,7.5/10,tt0092400,31,16.0,1,A DESERT BETWEEN US AND THEM
4689,Ancient Warriors,1994,16+,31/100,0,0,1,0,tv_show,documentary film,United States,English,6.2/10,tt0092400,31,16.0,1,ANCIENT WARRIORS
4690,The Presidents: From Politics to Power,2014,16+,31/100,0,0,1,0,tv_show,reality television,United States,English,6.4/10,tt0092400,31,16.0,1,THE PRESIDENTS: FROM POLITICS TO POWER
4691,Napoleon Hill's Master Key,1993,16+,31/100,0,0,1,0,tv_show,reality television,United States,English,6.8/10,tt0092400,31,16.0,1,NAPOLEON HILL'S MASTER KEY
4692,Outsmarted,2017,16+,31/100,0,0,1,0,tv_show,reality television,United States,English,7.7/10,tt0092400,31,16.0,1,OUTSMARTED
4693,WellieWishers,2016,16+,31/100,0,0,1,0,tv_show,reality television,United States,English,7.0/10,tt0092400,31,16.0,1,WELLIEWISHERS
4694,Monster Hunters,2002,16+,31/100,0,0,1,0,tv_show,reality television,United States,English,4.7/10,tt0092400,31,16.0,1,MONSTER HUNTERS
4695,Steps to the Future,2010,16+,31/100,0,0,1,0,tv_show,reality television,United States,English,10.0,tt0092400,31,16.0,1,STEPS TO THE FUTURE
4696,edebits,2000,all,31/100,0,0,1,0,tv_show,reality television,United States,English,10.0,tt0092400,31,16.0,1,EDEBITS
4697,Hey Qween,2018,16+,31/100,0,0,1,0,tv_show,reality television,United States,English,6.0/10,tt0092400,31,16.0,1,HEY QWEEN
4698,The Amazing Gayl Pile,2015,16+,31/100,0,0,1,0,tv_show,reality television,United States,English,4.6/10,tt0092400,31,16.0,1,THE AMAZING GAYL PILE
4699,Voyage of the Continents,2012,16+,31/100,0,0,1,0,tv_show,"historical film, documentary film",France,English,3.0,tt3696480,31,16.0,1,VOYAGE OF THE CONTINENTS
4701,Serial Swindlers,2018,16+,31/100,0,0,1,0,tv_show,reality television,United States,English,7.2/10,tt0092400,31,16.0,1,SERIAL SWINDLERS
4702,Love It or Lose It,2004,16+,31/100,0,0,1,0,tv_show,reality television,United States,English,6.1/10,tt0092400,31,16.0,1,LOVE IT OR LOSE IT
4703,Wrench Wars,2017,16+,31/100,0,0,1,0,tv_show,reality television,United States,English,5.7/10,tt0092400,31,16.0,1,WRENCH WARS
4704,Hollywood Couples,2006,16+,31/100,0,0,1,0,tv_show,reality television,United States,English,7.2/10,tt0092400,31,16.0,1,HOLLYWOOD COUPLES
4705,DoongDoong,2020,16+,31/100,0,0,1,0,tv_show,reality television,United States,English,6.8/10,tt0092400,31,16.0,1,DOONGDOONG
4706,Gordon the Garden Gnome,2005,all,31/100,0,0,1,0,tv_show,reality television,United Kingdom,English,8.0,tt0455255,31,16.0,1,GORDON THE GARDEN GNOME
4707,The Weather Files,2018,16+,31/100,0,0,1,0,tv_show,reality television,United States,English,7.6/10,tt0092400,31,16.0,1,THE WEATHER FILES
4708,Superships,2001,all,31/100,0,0,1,0,tv_show,reality television,United States,English,7.6/10,tt0092400,31,16.0,1,SUPERSHIPS
4709,Grand Star,2007,16+,31/100,0,0,1,0,tv_show,"science fiction television program, post-apocalyptic television series",Canada,French,7.0,tt0830161,31,16.0,1,GRAND STAR
4710,Vatican Miracle Examiner,2017,16+,30/100,0,0,1,0,tv_show,reality television,United States,English,6.5/10,tt0092400,30,16.0,1,VATICAN MIRACLE EXAMINER
4711,The Source Series,2014,16+,30/100,0,0,1,0,tv_show,reality television,United States,English,7.3/10,tt0092400,30,16.0,1,THE SOURCE SERIES
4712,The Really Big Flip,2017,16+,30/100,0,0,1,0,tv_show,reality television,United States,English,6.3/10,tt0092400,30,16.0,1,THE REALLY BIG FLIP
4713,The Urban Vegetarian,2017,16+,30/100,0,0,1,0,tv_show,reality television,United States,English,5.5/10,tt0092400,30,16.0,1,THE URBAN VEGETARIAN
4714,War in the Pacific,2017,16+,30/100,0,0,1,0,tv_show,reality television,United States,English,5.9/10,tt0092400,30,16.0,1,WAR IN THE PACIFIC
4715,Iconic Characters,2018,16+,30/100,0,0,1,0,tv_show,reality television,United States,English,6.8/10,tt0092400,30,16.0,1,ICONIC CHARACTERS
4716,The World's Funniest Moments,2008,16+,30/100,0,0,1,0,tv_show,reality television,United States,English,2.9/10,tt0092400,30,16.0,1,THE WORLD'S FUNNIEST MOMENTS
4717,Museum Diaries,2014,16+,30/100,0,0,1,0,tv_show,reality television,United States,English,6.2/10,tt0092400,30,16.0,1,MUSEUM DIARIES
4718,Critical Rescue,2003,16+,30/100,0,0,1,0,tv_show,reality television,United States,English,6.3,tt0358809,30,16.0,1,CRITICAL RESCUE
4719,Vinnie Jones' Toughest Cops,2009,16+,30/100,0,0,1,0,tv_show,reality television,United States,English,7.1/10,tt0092400,30,16.0,1,VINNIE JONES' TOUGHEST COPS
4720,St. Bears Doll's Hospital,1998,16+,30/100,0,0,1,0,tv_show,children's television series,"Canada, Australia, United States",English,6.6,tt2647766,30,16.0,1,ST. BEARS DOLL'S HOSPITAL
4721,Millenniums,2018,16+,30/100,0,0,1,0,tv_show,reality television,United States,English,6.2/10,tt0092400,30,16.0,1,MILLENNIUMS
4722,Counting with Paula,2015,16+,30/100,0,0,1,0,tv_show,reality television,United States,English,6.1/10,tt0092400,30,16.0,1,COUNTING WITH PAULA
4723,Very Superstitious with George Lopez,2018,16+,30/100,0,0,1,0,tv_show,reality television,United States,English,6.7/10,tt0092400,30,16.0,1,VERY SUPERSTITIOUS WITH GEORGE LOPEZ
4724,Fashion News Live,2004,16+,29/100,0,0,1,0,tv_show,reality television,United States,English,6.5/10,tt0092400,29,16.0,1,FASHION NEWS LIVE
4725,Ultimate Journeys,2013,16+,29/100,0,0,1,0,tv_show,reality television,United States,English,7.5/10,tt0092400,29,16.0,1,ULTIMATE JOURNEYS
4726,A Year to Remember,2011,16+,29/100,0,0,1,0,tv_show,reality television,Netherlands,Dutch,7.1,tt9228562,29,16.0,1,A YEAR TO REMEMBER
4727,The American Dream Project,2015,16+,29/100,0,0,1,0,tv_show,reality television,United States,English,6.8/10,tt0092400,29,16.0,1,THE AMERICAN DREAM PROJECT
4728,American Daredevils,2013,16+,29/100,0,0,1,0,tv_show,reality television,United States,English,6.2/10,tt0092400,29,16.0,1,AMERICAN DAREDEVILS
4729,Ritual,2017,16+,29/100,0,0,1,0,tv_show,reality television,United States,English,7.7/10,tt0092400,29,16.0,1,RITUAL
4730,Mission NinetyTwo,2015,16+,29/100,0,0,1,0,tv_show,reality television,United States,English,4.6/10,tt0092400,29,16.0,1,MISSION NINETYTWO
4731,Boing: The Play Ranger,2015,16+,29/100,0,0,1,0,tv_show,reality television,United States,English,7.3/10,tt0092400,29,16.0,1,BOING: THE PLAY RANGER
4732,Mario Lopez: Saved By the Baby,2010,16+,29/100,0,0,1,0,tv_show,reality television,United States,English,5.5/10,tt0092400,29,16.0,1,MARIO LOPEZ: SAVED BY THE BABY
4733,New York Goes to Hollywood,2008,16+,29/100,0,0,1,0,tv_show,reality television,United States,English,4.9,tt1260848,29,16.0,1,NEW YORK GOES TO HOLLYWOOD
4734,About Him: Freshman Year,2017,16+,29/100,0,0,1,0,tv_show,reality television,United States,English,10.0,tt0092400,29,16.0,1,ABOUT HIM: FRESHMAN YEAR
4735,Innovation Nation,2011,16+,29/100,0,0,1,0,tv_show,reality television,United States,English,8.0,tt4086030,29,16.0,1,INNOVATION NATION
4736,Hilarious Helmet History,2017,16+,29/100,0,0,1,0,tv_show,reality television,United States,English,6.6/10,tt0092400,29,16.0,1,HILARIOUS HELMET HISTORY
4737,NOVA Wonders,2018,all,29/100,0,0,1,0,tv_show,reality television,United States,English,7.6/10,tt0092400,29,16.0,1,NOVA WONDERS
4738,Dangerous Waters,2013,16+,29/100,0,0,1,0,tv_show,reality television,United States,English,7.0/10,tt0092400,29,16.0,1,DANGEROUS WATERS
4739,One-Eyed Horse: The Series,2009,16+,29/100,0,0,1,0,tv_show,reality television,United States,English,3.9/10,tt0092400,29,16.0,1,ONE-EYED HORSE: THE SERIES
4740,Sam's Game,2001,16+,29/100,0,0,1,0,tv_show,reality television,United States,English,6.4,tt1476008,29,16.0,1,SAM'S GAME
4741,Anthony Bourdain Explains Everything,1970,16+,29/100,0,0,1,0,tv_show,reality television,United States,English,10.0,tt0092400,29,16.0,1,ANTHONY BOURDAIN EXPLAINS EVERYTHING
4742,Carl's Car Wash - Super Simple,2016,16+,29/100,0,0,1,0,tv_show,reality television,United States,English,6.2/10,tt0092400,29,16.0,1,CARL'S CAR WASH - SUPER SIMPLE
4743,Nerve Center,2012,7+,29/100,0,0,1,0,tv_show,reality television,United States,English,6.6/10,tt0092400,29,7.0,1,NERVE CENTER
4744,Main courante,2012,16+,29/100,0,0,1,0,tv_show,crime television series,France,English,6.7,tt2359700,29,16.0,1,MAIN COURANTE
4745,Xploration Earth 2050,2014,16+,28/100,0,0,1,0,tv_show,reality television,United States,English,7.7/10,tt0092400,28,16.0,1,XPLORATION EARTH 2050
4746,MegaWorld,2008,all,28/100,0,0,1,0,tv_show,reality television,United States,English,6.8/10,tt0092400,28,16.0,1,MEGAWORLD
4747,Gnarfs,2003,16+,28/100,0,0,1,0,tv_show,reality television,United States,English,6.7,tt1351407,28,16.0,1,GNARFS
4748,Wildlife Quest,2016,16+,28/100,0,0,1,0,tv_show,reality television,United States,English,6.1/10,tt0092400,28,16.0,1,WILDLIFE QUEST
4750,"The Vietnam War: Before, During, After",2017,16+,28/100,0,0,1,0,tv_show,reality television,United States,English,7.4/10,tt0092400,28,16.0,1,"THE VIETNAM WAR: BEFORE, DURING, AFTER"
4751,Strange Love,2005,16+,28/100,0,0,1,0,tv_show,reality television,United States,English,2.4/10,tt0092400,28,16.0,1,STRANGE LOVE
4752,Instruments of Death,2012,16+,28/100,0,0,1,0,tv_show,reality television,United States,English,8.0/10,tt0092400,28,16.0,1,INSTRUMENTS OF DEATH
4753,Fountain Of Youth,2017,16+,28/100,0,0,1,0,tv_show,reality television,United States,English,5.8/10,tt0092400,28,16.0,1,FOUNTAIN OF YOUTH
4754,Yaya et Zouk,2015,16+,28/100,0,0,1,0,tv_show,reality television,United States,English,4.0/10,tt0092400,28,16.0,1,YAYA ET ZOUK
4755,Death Unexplained,2012,16+,28/100,0,0,1,0,tv_show,documentary film,United Kingdom,English,7.4/10,tt0092400,28,16.0,1,DEATH UNEXPLAINED
4756,Avoiding Apocalypse,2012,16+,27/100,0,0,1,0,tv_show,reality television,United States,English,5.6/10,tt0092400,27,16.0,1,AVOIDING APOCALYPSE
4757,Could It Be A Miracle,1997,16+,27/100,0,0,1,0,tv_show,reality television,United States,English,7.2/10,tt0092400,27,16.0,1,COULD IT BE A MIRACLE
4758,Stable Wars: Del Mar,2014,16+,27/100,0,0,1,0,tv_show,reality television,United States,English,10.0,tt0092400,27,16.0,1,STABLE WARS: DEL MAR
4759,Liquor House Comedy,2017,16+,27/100,0,0,1,0,tv_show,reality television,United States,English,10.0,tt0092400,27,16.0,1,LIQUOR HOUSE COMEDY
4760,MegaSpeed,2014,16+,27/100,0,0,1,0,tv_show,reality television,United States,English,4.4/10,tt0092400,27,16.0,1,MEGASPEED
4761,ViR: The Robot Boy,2013,16+,27/100,0,0,1,0,tv_show,reality television,India,Hindi,2.8/10,tt0092400,27,16.0,1,VIR: THE ROBOT BOY
4762,JFK - A New World Order,2013,7+,27/100,0,0,1,0,tv_show,reality television,United States,English,7.0/10,tt0092400,27,7.0,1,JFK - A NEW WORLD ORDER
4763,"#MeToo, Now What?",2018,16+,27/100,0,0,1,0,tv_show,reality television,United States,English,1.0,tt8195496,27,16.0,1,"#METOO, NOW WHAT?"
4764,Favorite Places,2012,16+,27/100,0,0,1,0,tv_show,reality television,United States,English,2.4/10,tt0092400,27,16.0,1,FAVORITE PLACES
4765,The Hollywood Puppet Show,2017,16+,27/100,0,0,1,0,tv_show,reality television,United States,English,6.2/10,tt0092400,27,16.0,1,THE HOLLYWOOD PUPPET SHOW
4766,Narco Finance,2015,16+,27/100,0,0,1,0,tv_show,reality television,United States,English,7.8/10,tt0092400,27,16.0,1,NARCO FINANCE
4767,Treetop Family - Super Simple,2017,16+,27/100,0,0,1,0,tv_show,reality television,United States,English,6.7/10,tt0092400,27,16.0,1,TREETOP FAMILY - SUPER SIMPLE
4768,The Lifted Life,2017,16+,26/100,0,0,1,0,tv_show,reality television,United States,English,4.7/10,tt0092400,26,16.0,1,THE LIFTED LIFE
4769,My House of Paranormal,2017,16+,26/100,0,0,1,0,tv_show,reality television,United States,English,4.0/10,tt0092400,26,16.0,1,MY HOUSE OF PARANORMAL
4770,Talking Tom and Friends Minis,2016,all,26/100,0,0,1,0,tv_show,reality television,United States,English,7.6/10,tt0092400,26,16.0,1,TALKING TOM AND FRIENDS MINIS
4771,Headliners,2017,16+,26/100,0,0,1,0,tv_show,reality television,United States,English,4.6/10,tt0092400,26,16.0,1,HEADLINERS
4772,Star April,2017,16+,26/100,0,0,1,0,tv_show,reality television,United States,English,8.0,tt6950542,26,16.0,1,STAR APRIL
4773,How Tech Works,2012,16+,26/100,0,0,1,0,tv_show,reality television,United States,English,6.8/10,tt0092400,26,16.0,1,HOW TECH WORKS
4774,Rev & Roll,2019,16+,26/100,0,0,1,0,tv_show,reality television,Canada,English,1.0,tt9741332,26,16.0,1,REV & ROLL
4775,Ghost Cases,2010,16+,26/100,0,0,1,0,tv_show,reality television,United States,English,5.2/10,tt0092400,26,16.0,1,GHOST CASES
4776,Family Travel with Colleen Kelly,2013,16+,26/100,0,0,1,0,tv_show,reality television,United States,English,7.8/10,tt0092400,26,16.0,1,FAMILY TRAVEL WITH COLLEEN KELLY
4777,Juan Happy Love Story,2016,16+,26/100,0,0,1,0,tv_show,romantic comedy,Philippines,Filipino,6.9,tt5718960,26,16.0,1,JUAN HAPPY LOVE STORY
4778,Murderers and Their Mothers,2016,16+,26/100,0,0,1,0,tv_show,reality television,United States,English,4.4/10,tt0092400,26,16.0,1,MURDERERS AND THEIR MOTHERS
4779,House Hazards,2012,16+,25/100,0,0,1,0,tv_show,reality television,Canada,English,4.8/10,tt0092400,25,16.0,1,HOUSE HAZARDS
4780,Paranormal Egypt,2007,all,25/100,0,0,1,0,tv_show,reality television,United States,English,3.8/10,tt0092400,25,16.0,1,PARANORMAL EGYPT
4781,Makeover Wish,2007,16+,25/100,0,0,1,0,tv_show,reality television,United States,English,6.0/10,tt0092400,25,16.0,1,MAKEOVER WISH
4782,Ultimate Wheels,2014,16+,25/100,0,0,1,0,tv_show,reality television,United States,English,5.1/10,tt0092400,25,16.0,1,ULTIMATE WHEELS
4783,MayDay: Air Disaster Investigations,2010,16+,25/100,0,0,1,0,tv_show,reality television,United States,English,10.0,tt0092400,25,16.0,1,MAYDAY: AIR DISASTER INVESTIGATIONS
4784,Gok's Clothes Roadshow,2011,16+,24/100,0,0,1,0,tv_show,reality television,United States,English,6.4/10,tt0092400,24,16.0,1,GOK'S CLOTHES ROADSHOW
4785,Scandalous Overtures,2014,16+,24/100,0,0,1,0,tv_show,reality television,United States,English,5.6/10,tt0092400,24,16.0,1,SCANDALOUS OVERTURES
4786,Ekaterina: The Rise of Catherine the Great,2014,16+,24/100,0,0,1,0,tv_show,reality television,United States,English,10.0,tt0092400,24,16.0,1,EKATERINA: THE RISE OF CATHERINE THE GREAT
4787,David and Olivia? - Naked in Scotland,2018,16+,24/100,0,0,1,0,tv_show,reality television,United States,English,10.0,tt0092400,24,16.0,1,DAVID AND OLIVIA? - NAKED IN SCOTLAND
4788,Rakuen Miyoshi Kazuyoshi to meguru rakuen no tabi,2016,16+,24/100,0,0,1,0,tv_show,reality television,United States,English,4.8/10,tt0092400,24,16.0,1,RAKUEN MIYOSHI KAZUYOSHI TO MEGURU RAKUEN NO TABI
4789,State Parole,2008,16+,24/100,0,0,1,0,tv_show,reality television,United States,English,4.6/10,tt0092400,24,16.0,1,STATE PAROLE
4790,Best of BabyFirst Art Music Language And More,2015,16+,24/100,0,0,1,0,tv_show,reality television,United States,English,10.0,tt0092400,24,16.0,1,BEST OF BABYFIRST ART MUSIC LANGUAGE AND MORE
4791,Supersize Structures,2016,16+,23/100,0,0,1,0,tv_show,reality television,United States,English,4.4/10,tt0092400,23,16.0,1,SUPERSIZE STRUCTURES
4792,Rat-A-Tat,2015,16+,23/100,0,0,1,0,tv_show,comedy television series,"United States, India","English, Hindi",10.0,tt11836288,23,16.0,1,RAT-A-TAT
4793,David Hand's Animaland,1948,16+,23/100,0,0,1,0,tv_show,reality television,United States,English,10.0,tt0092400,23,16.0,1,DAVID HAND'S ANIMALAND
4794,Color Inspirations: Art And Music,2011,16+,23/100,0,0,1,0,tv_show,reality television,United States,English,10.0,tt0092400,23,16.0,1,COLOR INSPIRATIONS: ART AND MUSIC
4795,Betty Boop,1932,all,23/100,0,0,1,0,tv_show,reality television,United States,English,10.0,tt0092400,23,16.0,1,BETTY BOOP
4796,It's A Miracle,1998,16+,22/100,0,0,1,0,tv_show,reality television,United States,English,10.0,tt0197161,22,16.0,1,IT'S A MIRACLE
4797,Flint,2012,16+,22/100,0,0,1,0,tv_show,reality television,United States,English,10.0,tt0092400,22,16.0,1,FLINT
4798,A Century of Science Fiction,2001,16+,21/100,0,0,1,0,tv_show,reality television,United States,English,10.0,tt0092400,21,16.0,1,A CENTURY OF SCIENCE FICTION
4799,Hidden Agenda - Real Conspiracies that Affect Our Lives Today,2017,16+,21/100,0,0,1,0,tv_show,reality television,United States,English,10.0,tt0092400,21,16.0,1,HIDDEN AGENDA - REAL CONSPIRACIES THAT AFFECT OUR LIVES TODAY
4801,"I, Caesar: The Rise and Fall of the Roman Empire",1997,16+,21/100,0,0,1,0,tv_show,reality television,United States,English,10.0,tt0092400,21,16.0,1,"I, CAESAR: THE RISE AND FALL OF THE ROMAN EMPIRE"
4802,Snapshots,2016,16+,21/100,0,0,1,0,tv_show,reality television,Canada,English,10.0,tt0092400,21,16.0,1,SNAPSHOTS
4803,Kongsuni & Friends,2018,16+,21/100,0,0,1,0,tv_show,reality television,United States,English,10.0,tt0092400,21,16.0,1,KONGSUNI & FRIENDS
4804,"Sesame Street: 3,2,1 Let's Go",2010,16+,21/100,0,0,1,0,tv_show,reality television,United States,English,10.0,tt0092400,21,16.0,1,"SESAME STREET: 3,2,1 LET'S GO"
4805,Local Knowledge,2017,16+,20/100,0,0,1,0,tv_show,reality television,United States,English,10.0,tt0092400,20,16.0,1,LOCAL KNOWLEDGE
4806,Trinity and Beyond,2018,16+,20/100,0,0,1,0,tv_show,reality television,United States,English,10.0,tt0092400,20,16.0,1,TRINITY AND BEYOND
4807,The Poltergeist Diaries,2018,16+,20/100,0,0,1,0,tv_show,reality television,United States,English,10.0,tt0092400,20,16.0,1,THE POLTERGEIST DIARIES
4808,Let's Fall in Love -《咱们相爱吧》,2018,16+,20/100,0,0,1,0,tv_show,reality television,United States,English,10.0,tt0092400,20,16.0,1,LET'S FALL IN LOVE -《咱们相爱吧》
4809,Room to Improve,2012,16+,20/100,0,0,1,0,tv_show,reality television,Ireland,English,8.7,tt14246436,20,16.0,1,ROOM TO IMPROVE
4810,Cleopatra,2018,16+,20/100,0,0,1,0,tv_show,reality television,United States,English,10.0,tt0092400,20,16.0,1,CLEOPATRA
4811,City Slickers In Westworld featuring Billy Crystal,2017,16+,20/100,0,0,1,0,tv_show,reality television,United States,English,10.0,tt0092400,20,16.0,1,CITY SLICKERS IN WESTWORLD FEATURING BILLY CRYSTAL
4812,Dog Dynasty,2016,16+,20/100,0,0,1,0,tv_show,reality television,United States,English,10.0,tt0092400,20,16.0,1,DOG DYNASTY
4813,Chasin the Sun,2017,16+,20/100,0,0,1,0,tv_show,reality television,United States,English,10.0,tt0092400,20,16.0,1,CHASIN THE SUN
4814,The Very Best Of Kristen Bell,2010,16+,20/100,0,0,1,0,tv_show,reality television,United States,English,10.0,tt0092400,20,16.0,1,THE VERY BEST OF KRISTEN BELL
4815,La Usurpadora,2019,16+,20/100,0,0,1,0,tv_show,telenovela,Mexico,Spanish,7.7,tt0211878,20,16.0,1,LA USURPADORA
4816,Card Sharks 86,1986,16+,20/100,0,0,1,0,tv_show,reality television,United States,English,10.0,tt0092400,20,16.0,1,CARD SHARKS 86
4817,Police Women,2010,16+,20/100,0,0,1,0,tv_show,reality television,United States,English,10.0,tt1763858,20,16.0,1,POLICE WOMEN
4818,The Notekins,2012,16+,20/100,0,0,1,0,tv_show,reality television,United States,English,10.0,tt0092400,20,16.0,1,THE NOTEKINS
4820,Crime Scene Solvers,2018,16+,19/100,0,0,1,0,tv_show,thriller television series,France,French,5.0,tt9128818,19,16.0,1,CRIME SCENE SOLVERS
4821,Life and Fate,2012,16+,19/100,0,0,1,0,tv_show,television series based on a novel,Russia,Russian,10.0,tt2460432,19,16.0,1,LIFE AND FATE
4822,Breaking Homicide,2018,16+,19/100,0,0,1,0,tv_show,reality television,United States,English,10.0,tt0092400,19,16.0,1,BREAKING HOMICIDE
4823,60 Second Docs,2016,16+,19/100,0,0,1,0,tv_show,reality television,United States,English,10.0,tt0092400,19,16.0,1,60 SECOND DOCS
4824,14 Year Old President of the Smallest Country in the World,2017,16+,19/100,0,0,1,0,tv_show,reality television,United States,English,10.0,tt0092400,19,16.0,1,14 YEAR OLD PRESIDENT OF THE SMALLEST COUNTRY IN THE WORLD
4825,Clip: Lego Jurassic World Video Game Walkthrough,2017,16+,19/100,0,0,1,0,tv_show,reality television,United States,English,10.0,tt0092400,19,16.0,1,CLIP: LEGO JURASSIC WORLD VIDEO GAME WALKTHROUGH
4826,Brooklyn Kinda Love,2011,16+,19/100,0,0,1,0,tv_show,reality television,United States,English,10.0,tt0092400,19,16.0,1,BROOKLYN KINDA LOVE
4827,Lego Set Builds Bionicle - Artifex,2016,16+,19/100,0,0,1,0,tv_show,reality television,United States,English,10.0,tt0092400,19,16.0,1,LEGO SET BUILDS BIONICLE - ARTIFEX
4828,Auction,2013,16+,19/100,0,0,1,0,tv_show,reality television,United States,English,10.0,tt0092400,19,16.0,1,AUCTION
4829,Harry the Bunny,2011,16+,19/100,0,0,1,0,tv_show,reality television,United States,English,10.0,tt0092400,19,16.0,1,HARRY THE BUNNY
4830,The Toque 12 Master Chefs at The Epicurean Market,2013,16+,18/100,0,0,1,0,tv_show,reality television,United States,English,10.0,tt0092400,18,16.0,1,THE TOQUE 12 MASTER CHEFS AT THE EPICUREAN MARKET
4831,The Queen's Diamond Decades,2013,16+,18/100,0,0,1,0,tv_show,reality television,United States,English,10.0,tt0092400,18,16.0,1,THE QUEEN'S DIAMOND DECADES
4832,Dark Forest,2015,16+,18/100,0,0,1,0,tv_show,reality television,United States,English,10.0,tt0092400,18,16.0,1,DARK FOREST
4833,Television Playhouse,1947,16+,18/100,0,0,1,0,tv_show,anthology series,United States,English,10.0,tt0127399,18,16.0,1,TELEVISION PLAYHOUSE
4834,Babies in Car City,2017,16+,18/100,0,0,1,0,tv_show,reality television,United States,English,10.0,tt0092400,18,16.0,1,BABIES IN CAR CITY
4835,Angels,2017,16+,18/100,0,0,1,0,tv_show,reality television,United States,English,10.0,tt0092400,18,16.0,1,ANGELS
4836,Power Battle Watch Car,2016,16+,18/100,0,0,1,0,tv_show,reality television,United States,English,10.0,tt0092400,18,16.0,1,POWER BATTLE WATCH CAR
4837,Siege in Fog,2018,16+,18/100,0,0,1,0,tv_show,reality television,People's Republic of China,English,10.0,tt0092400,18,16.0,1,SIEGE IN FOG
4838,Addy Media,2018,16+,18/100,0,0,1,0,tv_show,reality television,United States,English,10.0,tt0092400,18,16.0,1,ADDY MEDIA
4839,Two Legends,2014,16+,18/100,0,0,1,0,tv_show,reality television,United States,English,10.0,tt0092400,18,16.0,1,TWO LEGENDS
4840,Dirty Dancing,2017,16+,18/100,0,0,1,0,tv_show,drama television series,United States,English,5.8,tt0094450,18,16.0,1,DIRTY DANCING
4841,5 Facts,2014,16+,18/100,0,0,1,0,tv_show,reality television,United States,English,10.0,tt0092400,18,16.0,1,5 FACTS
4842,True Nordic Crimes,2017,16+,18/100,0,0,1,0,tv_show,reality television,United States,English,10.0,tt0092400,18,16.0,1,TRUE NORDIC CRIMES
4843,Peanuts,1965,16+,18/100,0,0,1,0,tv_show,reality television,United States,English,10.0,tt0092400,18,16.0,1,PEANUTS
4844,73 Questions Answered By Your Favorite Celebs,2014,16+,18/100,0,0,1,0,tv_show,reality television,United States,English,10.0,tt0092400,18,16.0,1,73 QUESTIONS ANSWERED BY YOUR FAVORITE CELEBS
4845,'About Joey',2017,16+,18/100,0,0,1,0,tv_show,reality television,United States,English,10.0,tt0092400,18,16.0,1,'ABOUT JOEY'
4846,Architects of Darkness,2014,16+,18/100,0,0,1,0,tv_show,reality television,United States,English,10.0,tt0092400,18,16.0,1,ARCHITECTS OF DARKNESS
4847,Hollywood's 10 Best,2017,16+,18/100,0,0,1,0,tv_show,reality television,United States,English,10.0,tt0092400,18,16.0,1,HOLLYWOOD'S 10 BEST
4848,Katsugeki/Touken Ranbu,2017,16+,17/100,0,0,1,0,tv_show,reality television,United States,English,10.0,tt0092400,17,16.0,1,KATSUGEKI/TOUKEN RANBU
4849,Classic Popeye,1960,16+,17/100,0,0,1,0,tv_show,reality television,United States,English,10.0,tt0092400,17,16.0,1,CLASSIC POPEYE
4850,History of Westinghouse,1904,16+,17/100,0,0,1,0,tv_show,reality television,United States,English,10.0,tt0092400,17,16.0,1,HISTORY OF WESTINGHOUSE
4851,Garage Dreams,2015,16+,17/100,0,0,1,0,tv_show,reality television,United States,English,10.0,tt0092400,17,16.0,1,GARAGE DREAMS
4852,Ghost Response - Haunted UK,2018,16+,17/100,0,0,1,0,tv_show,reality television,United States,English,10.0,tt0092400,17,16.0,1,GHOST RESPONSE - HAUNTED UK
4854,Day of The Gun - The Series,2018,16+,17/100,0,0,1,0,tv_show,reality television,United States,English,10.0,tt0092400,17,16.0,1,DAY OF THE GUN - THE SERIES
4856,Second Sight,2000,16+,17/100,0,0,1,0,tv_show,drama television series,United Kingdom,English,2.0,tt0187489,17,16.0,1,SECOND SIGHT
4857,Tom The Tow Truck's Paint Shop,2016,16+,17/100,0,0,1,0,tv_show,reality television,United States,English,10.0,tt0092400,17,16.0,1,TOM THE TOW TRUCK'S PAINT SHOP
4858,Mono Mario,2016,16+,17/100,0,0,1,0,tv_show,reality television,United States,English,10.0,tt0092400,17,16.0,1,MONO MARIO
4859,Inherited Marriage,2010,16+,17/100,0,0,1,0,tv_show,reality television,United States,English,10.0,tt0092400,17,16.0,1,INHERITED MARRIAGE
4860,Video Workbench: The Scale Model Show,2016,16+,17/100,0,0,1,0,tv_show,reality television,United States,English,10.0,tt0092400,17,16.0,1,VIDEO WORKBENCH: THE SCALE MODEL SHOW
4861,Technological Marvels of the Ancient World,2003,16+,17/100,0,0,1,0,tv_show,reality television,United States,English,10.0,tt0092400,17,16.0,1,TECHNOLOGICAL MARVELS OF THE ANCIENT WORLD
4862,Mickey's Farm,2009,16+,17/100,0,0,1,0,tv_show,children's television series,Canada,English,6.6,tt1833426,17,16.0,1,MICKEY'S FARM
4863,Baby Einstein's Holiday Special,2009,16+,17/100,0,0,1,0,tv_show,reality television,United States,English,10.0,tt0092400,17,16.0,1,BABY EINSTEIN'S HOLIDAY SPECIAL
4864,The Splendor of Rome,2018,16+,17/100,0,0,1,0,tv_show,reality television,United States,English,10.0,tt0092400,17,16.0,1,THE SPLENDOR OF ROME
4865,Saving Ghosts,2018,16+,17/100,0,0,1,0,tv_show,reality television,United States,English,10.0,tt0092400,17,16.0,1,SAVING GHOSTS
4866,Haunted France,2018,16+,17/100,0,0,1,0,tv_show,reality television,United States,English,10.0,tt0092400,17,16.0,1,HAUNTED FRANCE
4867,Killer IQ: Lion vs. Hyena,2015,16+,17/100,0,0,1,0,tv_show,reality television,United States,English,10.0,tt0092400,17,16.0,1,KILLER IQ: LION VS. HYENA
4870,Brand New House On a Budget,2014,16+,17/100,0,0,1,0,tv_show,reality television,United States,English,10.0,tt0092400,17,16.0,1,BRAND NEW HOUSE ON A BUDGET
4871,Bounty Hamster,2003,16+,17/100,0,0,1,0,tv_show,children's television series,United Kingdom,English,10.0,tt1145491,17,16.0,1,BOUNTY HAMSTER
4872,Adam & Eve,2016,16+,17/100,0,0,1,0,tv_show,reality television,United States,English,10.0,tt0092400,17,16.0,1,ADAM & EVE
4873,Graham Kerr's Kitchen,1992,16+,16/100,0,0,1,0,tv_show,reality television,United States,English,10.0,tt0092400,16,16.0,1,GRAHAM KERR'S KITCHEN
4874,Somewhere South,2020,16+,16/100,0,0,1,0,tv_show,reality television,United States,English,10.0,tt0092400,16,16.0,1,SOMEWHERE SOUTH
4875,300 Million Years,2015,16+,16/100,0,0,1,0,tv_show,reality television,United States,English,10.0,tt0092400,16,16.0,1,300 MILLION YEARS
4876,Roblox Funny Moments (PairOfDucks),2017,16+,16/100,0,0,1,0,tv_show,reality television,United States,English,10.0,tt0092400,16,16.0,1,ROBLOX FUNNY MOMENTS (PAIROFDUCKS)
4877,Space Mistakes,2016,16+,16/100,0,0,1,0,tv_show,reality television,United States,English,10.0,tt0092400,16,16.0,1,SPACE MISTAKES
4879,Running Man,2016,16+,16/100,0,0,1,0,tv_show,reality television,South Korea,Korean,10.0,tt2185037,16,16.0,1,RUNNING MAN
4880,Spring 1986 TV Line-Up,2012,16+,16/100,0,0,1,0,tv_show,reality television,United States,English,10.0,tt0092400,16,16.0,1,SPRING 1986 TV LINE-UP
4881,The Complete Story of Hitler and the Nazis,2017,16+,16/100,0,0,1,0,tv_show,reality television,United States,English,10.0,tt12582850,16,16.0,1,THE COMPLETE STORY OF HITLER AND THE NAZIS
4882,Ancient Civilizations of North America,2008,16+,16/100,0,0,1,0,tv_show,reality television,United States,English,10.0,tt0092400,16,16.0,1,ANCIENT CIVILIZATIONS OF NORTH AMERICA
4884,Lego Pirates of the Caribbean Playthrough,2017,16+,16/100,0,0,1,0,tv_show,reality television,United States,English,10.0,tt0092400,16,16.0,1,LEGO PIRATES OF THE CARIBBEAN PLAYTHROUGH
4885,Whitney Bjerken Gymnastics Level 9 Competitions,2017,16+,16/100,0,0,1,0,tv_show,reality television,United States,English,10.0,tt0092400,16,16.0,1,WHITNEY BJERKEN GYMNASTICS LEVEL 9 COMPETITIONS
4886,The Amazing World of Aviation,2013,16+,16/100,0,0,1,0,tv_show,reality television,United States,English,10.0,tt0092400,16,16.0,1,THE AMAZING WORLD OF AVIATION
4887,Strictly Dumpling,2017,16+,16/100,0,0,1,0,tv_show,reality television,United States,English,10.0,tt0092400,16,16.0,1,STRICTLY DUMPLING
4888,Gardens of the World,2007,16+,16/100,0,0,1,0,tv_show,television documentary,United States,English,10.0,tt0221199,16,16.0,1,GARDENS OF THE WORLD
4889,1Life,2016,16+,16/100,0,0,1,0,tv_show,reality television,United States,English,10.0,tt0092400,16,16.0,1,1LIFE
4890,Life on Mar's: The Home Makeover Show,2015,16+,16/100,0,0,1,0,tv_show,reality television,United States,English,10.0,tt0092400,16,16.0,1,LIFE ON MAR'S: THE HOME MAKEOVER SHOW
4891,Tomorrow's World,1995,16+,16/100,0,0,1,0,tv_show,reality television,United Kingdom,English,6.7,tt0299402,16,16.0,1,TOMORROW'S WORLD
4892,Try Guys,2017,16+,16/100,0,0,1,0,tv_show,reality television,United States,English,10.0,tt0092400,16,16.0,1,TRY GUYS
4893,Make48,2017,16+,16/100,0,0,1,0,tv_show,reality television,United States,English,10.0,tt0092400,16,16.0,1,MAKE48
4894,I've Got a Secret,1961,16+,16/100,0,0,1,0,tv_show,panel game,"United States, Australia",English,7.9,tt0044270,16,16.0,1,I'VE GOT A SECRET
4896,The Order of Victory,2016,16+,16/100,0,0,1,0,tv_show,reality television,United States,English,10.0,tt0092400,16,16.0,1,THE ORDER OF VICTORY
4897,Morning Glory,2013,16+,16/100,0,1,1,0,tv_show,reality television,United States,English,10.0,tt0092400,16,16.0,1,MORNING GLORY
4898,Where I'd Rather Be,2017,16+,16/100,0,0,1,0,tv_show,reality television,United States,English,10.0,tt0092400,16,16.0,1,WHERE I'D RATHER BE
4899,Hotel Sacher,2016,16+,16/100,0,0,1,0,tv_show,reality television,United States,English,10.0,tt0092400,16,16.0,1,HOTEL SACHER
4900,In Search of Hidden Holy Sites,2013,16+,16/100,0,0,1,0,tv_show,reality television,United States,English,10.0,tt0092400,16,16.0,1,IN SEARCH OF HIDDEN HOLY SITES
4901,Deals in the Desert,2018,16+,16/100,0,0,1,0,tv_show,reality television,United States,English,10.0,tt0092400,16,16.0,1,DEALS IN THE DESERT
4902,She Is Beautiful,2018,16+,16/100,0,0,1,0,tv_show,drama film,People's Republic of China,Putonghua,5.9,tt10380340,16,16.0,1,SHE IS BEAUTIFUL
4903,"Miracle of Faith: 2,000 Years of Christianity in the Holy Land",2000,16+,16/100,0,0,1,0,tv_show,reality television,United States,English,10.0,tt0092400,16,16.0,1,"MIRACLE OF FAITH: 2,000 YEARS OF CHRISTIANITY IN THE HOLY LAND"
4904,Dinosaurs Inside and Out,1996,16+,16/100,0,0,1,0,tv_show,reality television,United States,English,10.0,tt0092400,16,16.0,1,DINOSAURS INSIDE AND OUT
4905,The Wackiest Works of Tex Avery,1945,16+,16/100,0,0,1,0,tv_show,reality television,United States,English,10.0,tt0092400,16,16.0,1,THE WACKIEST WORKS OF TEX AVERY
4906,The Family Blend!,2016,16+,16/100,0,0,1,0,tv_show,reality television,United States,English,10.0,tt0092400,16,16.0,1,THE FAMILY BLEND!
4907,Focal Point,2019,16+,16/100,0,0,1,0,tv_show,reality television,United States,English,10.0,tt0092400,16,16.0,1,FOCAL POINT
4908,"Mysteries, Magic and Miracles",1994,16+,14/100,0,0,1,0,tv_show,reality television,United States,English,10.0,tt0092400,14,16.0,1,"MYSTERIES, MAGIC AND MIRACLES"
4909,Amber the Ambulance,2017,16+,14/100,0,0,1,0,tv_show,reality television,United States,English,10.0,tt0092400,14,16.0,1,AMBER THE AMBULANCE
4910,Kings in Grass Castles,1998,16+,14/100,0,0,1,0,tv_show,reality television,United States,English,10.0,tt0092400,14,16.0,1,KINGS IN GRASS CASTLES
4911,Review: Gun Stock Reviews,2017,16+,14/100,0,0,1,0,tv_show,reality television,United States,English,10.0,tt0092400,14,16.0,1,REVIEW: GUN STOCK REVIEWS
4912,I'm a Creepy Crawly,2018,16+,14/100,0,0,1,0,tv_show,reality television,United States,English,10.0,tt0092400,14,16.0,1,I'M A CREEPY CRAWLY
4913,Inside Things,2017,16+,14/100,0,0,1,0,tv_show,reality television,United States,English,10.0,tt0092400,14,16.0,1,INSIDE THINGS
4914,Crew,1970,16+,14/100,0,0,1,0,tv_show,reality television,United States,English,10.0,tt0092400,14,16.0,1,CREW
4915,An Unknown Enemy,2018,16+,14/100,0,0,1,0,tv_show,reality television,Mexico,Spanish,10.0,tt8946436,14,16.0,1,AN UNKNOWN ENEMY
4916,Easy Living,2010,16+,14/100,0,0,1,0,tv_show,crime television series,Hungary,Hungarian,9.0,tt5099020,14,16.0,1,EASY LIVING
4917,How Does That Work?,2007,16+,14/100,0,0,1,0,tv_show,reality television,United States,English,10.0,tt0092400,14,16.0,1,HOW DOES THAT WORK?
4918,Tank Biathlon,2017,16+,14/100,0,0,1,0,tv_show,reality television,United States,English,10.0,tt0092400,14,16.0,1,TANK BIATHLON
4919,Celebrity Poker Gala,2018,16+,14/100,0,0,1,0,tv_show,reality television,United States,English,10.0,tt0092400,14,16.0,1,CELEBRITY POKER GALA
4920,Actually Me,2017,16+,14/100,0,0,1,0,tv_show,reality television,United States,English,10.0,tt0092400,14,16.0,1,ACTUALLY ME
4921,Microsoft Outlook 2016 - Training,2017,16+,14/100,0,0,1,0,tv_show,reality television,United States,English,10.0,tt0092400,14,16.0,1,MICROSOFT OUTLOOK 2016 - TRAINING
4922,Fluffy Gardens,2007,16+,14/100,0,0,1,0,tv_show,reality television,United States,English,10.0,tt0092400,14,16.0,1,FLUFFY GARDENS
4923,Changelings: cambions,2014,16+,14/100,0,0,1,0,tv_show,reality television,United States,English,10.0,tt0092400,14,16.0,1,CHANGELINGS: CAMBIONS
4924,Blippi - Videos for Kids,2016,16+,14/100,0,0,1,0,tv_show,reality television,United States,English,10.0,tt0092400,14,16.0,1,BLIPPI - VIDEOS FOR KIDS
4925,Under The Sea: The Great Barrier Reef,2017,16+,14/100,0,0,1,0,tv_show,reality television,United States,English,10.0,tt0092400,14,16.0,1,UNDER THE SEA: THE GREAT BARRIER REEF
4926,Backcountry Fly Fishing,2014,16+,14/100,0,0,1,0,tv_show,reality television,United States,English,10.0,tt0092400,14,16.0,1,BACKCOUNTRY FLY FISHING
4927,MANE,2018,16+,14/100,0,0,1,0,tv_show,reality television,United States,English,10.0,tt0092400,14,16.0,1,MANE
4928,True Ghost Stories,2017,16+,14/100,0,0,1,0,tv_show,reality television,United States,English,10.0,tt0092400,14,16.0,1,TRUE GHOST STORIES
4930,Wild & Crazy,2008,16+,14/100,0,0,1,0,tv_show,reality television,United States,English,9.0,tt0121967,14,16.0,1,WILD & CRAZY
4931,"YTF: Yesterday, Today, Forever",2012,16+,14/100,0,0,1,0,tv_show,reality television,United States,English,10.0,tt0092400,14,16.0,1,"YTF: YESTERDAY, TODAY, FOREVER"
4932,Van Der Week,2011,16+,14/100,0,0,1,0,tv_show,reality television,United States,English,10.0,tt0092400,14,16.0,1,VAN DER WEEK
4934,Getting Doug with High,2017,16+,14/100,0,0,1,0,tv_show,comedy podcast,United States,English,10.0,tt0092400,14,16.0,1,GETTING DOUG WITH HIGH
4935,Always and Forever,2003,16+,14/100,0,0,1,0,tv_show,reality television,United States,English,10.0,tt0092400,14,16.0,1,ALWAYS AND FOREVER
4936,GayTerns,2016,16+,14/100,0,0,1,0,tv_show,reality television,United States,English,10.0,tt0092400,14,16.0,1,GAYTERNS
4937,Altair: A Record of Battles,2017,16+,14/100,0,0,1,0,tv_show,reality television,United States,English,10.0,tt0092400,14,16.0,1,ALTAIR: A RECORD OF BATTLES
4938,"Review: Build A Bear, Tsum Tsum and Disney Plushie Toy Reviews",2017,16+,14/100,0,0,1,0,tv_show,reality television,United States,English,10.0,tt0092400,14,16.0,1,"REVIEW: BUILD A BEAR, TSUM TSUM AND DISNEY PLUSHIE TOY REVIEWS"
4939,Can You Even Sport?,2011,16+,14/100,0,0,1,0,tv_show,reality television,United States,English,10.0,tt0092400,14,16.0,1,CAN YOU EVEN SPORT?
4940,Mafia Undercover,2016,16+,14/100,0,0,1,0,tv_show,reality television,United States,English,10.0,tt0092400,14,16.0,1,MAFIA UNDERCOVER
4941,Super Mario 64 Playthrough,2017,16+,14/100,0,0,1,0,tv_show,reality television,United States,English,10.0,tt0092400,14,16.0,1,SUPER MARIO 64 PLAYTHROUGH
4943,Mix Master: Final Force,2011,16+,14/100,0,0,1,0,tv_show,reality television,United States,English,10.0,tt0092400,14,16.0,1,MIX MASTER: FINAL FORCE
4944,Serial Killer Culture TV,2017,16+,14/100,0,0,1,0,tv_show,reality television,United States,English,10.0,tt0092400,14,16.0,1,SERIAL KILLER CULTURE TV
4945,"Myths, Magic & Monsters",2007,16+,14/100,0,0,1,0,tv_show,reality television,United States,English,10.0,tt0092400,14,16.0,1,"MYTHS, MAGIC & MONSTERS"
4946,Animal Favorites,2002,16+,14/100,0,0,1,0,tv_show,reality television,United States,English,10.0,tt0092400,14,16.0,1,ANIMAL FAVORITES
4947,Sea Power,2005,16+,14/100,0,0,1,0,tv_show,reality television,United States,English,10.0,tt0092400,14,16.0,1,SEA POWER
4948,Crimes that Made History,2017,16+,14/100,0,0,1,0,tv_show,reality television,United States,English,10.0,tt0092400,14,16.0,1,CRIMES THAT MADE HISTORY
4949,Woodwalkers,2017,16+,14/100,0,0,1,0,tv_show,reality television,United States,English,10.0,tt0092400,14,16.0,1,WOODWALKERS
4950,Wolfpack,2013,16+,14/100,0,0,1,0,tv_show,reality television,United States,English,10.0,tt0092400,14,16.0,1,WOLFPACK
4951,Uncharted Waters with Peter Miller,2019,16+,14/100,0,0,1,0,tv_show,reality television,United States,English,10.0,tt0092400,14,16.0,1,UNCHARTED WATERS WITH PETER MILLER
4953,The Magical Adventures of Quasimodo,1996,16+,14/100,0,0,1,0,tv_show,reality television,United States,English,10.0,tt0092400,14,16.0,1,THE MAGICAL ADVENTURES OF QUASIMODO
4954,"Cars, Cops & Criminals",2008,16+,14/100,0,0,1,0,tv_show,reality television,United States,English,10.0,tt0092400,14,16.0,1,"CARS, COPS & CRIMINALS"
4955,The Complete History of the Second World War,2017,16+,14/100,0,0,1,0,tv_show,reality television,United States,English,10.0,tt0092400,14,16.0,1,THE COMPLETE HISTORY OF THE SECOND WORLD WAR
4956,The Red Booth,2017,16+,14/100,0,0,1,0,tv_show,reality television,United States,English,10.0,tt0092400,14,16.0,1,THE RED BOOTH
4957,Desperate Love,2012,16+,14/100,0,0,1,0,tv_show,romance television series,United States,English,8.4,tt6352844,14,16.0,1,DESPERATE LOVE
4959,Tales of the Living Dead,2000,16+,14/100,0,0,1,0,tv_show,reality television,United States,English,10.0,tt0092400,14,16.0,1,TALES OF THE LIVING DEAD
4960,"Monsters, Madness and Mayhem",2003,16+,14/100,0,0,1,0,tv_show,reality television,United States,English,10.0,tt0092400,14,16.0,1,"MONSTERS, MADNESS AND MAYHEM"
4961,PRIME JAPAN,2016,16+,14/100,0,0,1,0,tv_show,reality television,United States,English,10.0,tt0092400,14,16.0,1,PRIME JAPAN
4962,Heart to Heart,2015,16+,14/100,0,0,1,0,tv_show,"romance film, medical drama, comedy film",South Korea,Korean,10.0,tt4342564,14,16.0,1,HEART TO HEART
4963,Hitler's Lost Battles,2017,16+,14/100,0,0,1,0,tv_show,reality television,United States,English,10.0,tt0092400,14,16.0,1,HITLER'S LOST BATTLES
4964,Countdown to Victory: World War II - The Ultimate Timeline,2009,16+,14/100,0,0,1,0,tv_show,reality television,United States,English,10.0,tt0092400,14,16.0,1,COUNTDOWN TO VICTORY: WORLD WAR II - THE ULTIMATE TIMELINE
4965,Lockout,2016,16+,14/100,0,0,1,0,tv_show,reality television,United States,English,10.0,tt0092400,14,16.0,1,LOCKOUT
4966,Working 24 Hours At...,2015,16+,14/100,0,0,1,0,tv_show,reality television,United States,English,10.0,tt0092400,14,16.0,1,WORKING 24 HOURS AT...
4967,Dinosaur Britain,2015,16+,14/100,0,0,1,0,tv_show,reality television,United Kingdom,English,8.0,tt8488330,14,16.0,1,DINOSAUR BRITAIN
4968,F'd,2015,16+,14/100,0,0,1,0,tv_show,reality television,United States,English,10.0,tt0092400,14,16.0,1,F'D
4969,Tea Time with Tayla,2011,16+,13/100,0,0,1,0,tv_show,reality television,United States,English,10.0,tt0092400,13,16.0,1,TEA TIME WITH TAYLA
4970,Wildest Middle East,2015,16+,13/100,0,0,1,0,tv_show,reality television,United States,English,10.0,tt0092400,13,16.0,1,WILDEST MIDDLE EAST
4971,Mafia Queens,2018,16+,13/100,0,0,1,0,tv_show,reality television,United States,English,10.0,tt0092400,13,16.0,1,MAFIA QUEENS
4972,Home Remedy,2017,16+,13/100,0,0,1,0,tv_show,reality television,United States,English,10.0,tt0092400,13,16.0,1,HOME REMEDY
4973,Food Hacks,2017,16+,13/100,0,0,1,0,tv_show,reality television,United States,English,10.0,tt0092400,13,16.0,1,FOOD HACKS
4974,The Prince of Han Dynasty 1,2001,16+,13/100,0,0,1,0,tv_show,reality television,United States,English,10.0,tt0092400,13,16.0,1,THE PRINCE OF HAN DYNASTY 1
4975,Feed Famous,2018,16+,13/100,0,0,1,0,tv_show,reality television,United States,English,10.0,tt0092400,13,16.0,1,FEED FAMOUS
4976,Dermot Bannon's Luxury Homes,2018,16+,13/100,0,0,1,0,tv_show,reality television,United States,English,10.0,tt0092400,13,16.0,1,DERMOT BANNON'S LUXURY HOMES
4977,Blake Griffin's Internship,2011,16+,13/100,0,0,1,0,tv_show,reality television,United States,English,10.0,tt0092400,13,16.0,1,BLAKE GRIFFIN'S INTERNSHIP
4978,Learn with Ethan The Dump Truck,2016,16+,13/100,0,0,1,0,tv_show,reality television,United States,English,10.0,tt0092400,13,16.0,1,LEARN WITH ETHAN THE DUMP TRUCK
4979,Titipo Titipo,2017,16+,13/100,0,0,1,0,tv_show,reality television,United States,English,10.0,tt0092400,13,16.0,1,TITIPO TITIPO
4980,On The Bank,2017,16+,13/100,0,0,1,0,tv_show,reality television,United States,English,10.0,tt0092400,13,16.0,1,ON THE BANK
4981,Paper Mario Color Splash Playthrough,2016,16+,13/100,0,0,1,0,tv_show,reality television,United States,English,10.0,tt0092400,13,16.0,1,PAPER MARIO COLOR SPLASH PLAYTHROUGH
4982,Oh My General,2017,16+,13/100,0,0,1,0,tv_show,reality television,People's Republic of China,English,10.0,tt0092400,13,16.0,1,OH MY GENERAL
4983,Egotastic FunTime!,2017,16+,13/100,0,0,1,0,tv_show,reality television,United States,English,10.0,tt0092400,13,16.0,1,EGOTASTIC FUNTIME!
4984,Backline,2017,16+,13/100,0,0,1,0,tv_show,reality television,United States,English,10.0,tt0092400,13,16.0,1,BACKLINE
4985,Victorious Living with Kenneth Copeland,2016,16+,13/100,0,0,1,0,tv_show,reality television,United States,English,10.0,tt0092400,13,16.0,1,VICTORIOUS LIVING WITH KENNETH COPELAND
4986,Partners in Crime,2011,16+,13/100,0,0,1,0,tv_show,television series based on a novel,United Kingdom,English,6.0,tt3574152,13,16.0,1,PARTNERS IN CRIME
4987,From Beyond,2017,16+,13/100,0,0,1,0,tv_show,reality television,United States,English,10.0,tt0092400,13,16.0,1,FROM BEYOND
4988,Space Curiosities,2017,16+,13/100,0,0,1,0,tv_show,reality television,United States,English,10.0,tt0092400,13,16.0,1,SPACE CURIOSITIES
4989,Beginnings,2016,16+,13/100,0,0,1,0,tv_show,reality television,United States,English,10.0,tt0092400,13,16.0,1,BEGINNINGS
4990,Revival Radio TV,2017,16+,13/100,0,0,1,0,tv_show,reality television,United States,English,10.0,tt0092400,13,16.0,1,REVIVAL RADIO TV
4991,The Lost Tales of Egypt,2018,16+,13/100,0,0,1,0,tv_show,reality television,United States,English,10.0,tt0092400,13,16.0,1,THE LOST TALES OF EGYPT
4992,"Yoga For Back Pain, Neck Pain & Stress Relief - Lindsey Samper",2017,16+,13/100,0,0,1,0,tv_show,reality television,United States,English,10.0,tt0092400,13,16.0,1,"YOGA FOR BACK PAIN, NECK PAIN & STRESS RELIEF - LINDSEY SAMPER"
4993,Lego Set Builds Spongebob Squarepants - Artifex,2017,16+,13/100,0,0,1,0,tv_show,reality television,United States,English,10.0,tt0092400,13,16.0,1,LEGO SET BUILDS SPONGEBOB SQUAREPANTS - ARTIFEX
4994,Spectre Analysis,2017,16+,13/100,0,0,1,0,tv_show,reality television,United States,English,10.0,tt0092400,13,16.0,1,SPECTRE ANALYSIS
4995,I Declare War: The Series,2016,16+,13/100,0,0,1,0,tv_show,reality television,United States,English,10.0,tt0092400,13,16.0,1,I DECLARE WAR: THE SERIES
4996,The Bomber: Behind Nazi Lines,2012,16+,13/100,0,0,1,0,tv_show,reality television,United States,English,10.0,tt0092400,13,16.0,1,THE BOMBER: BEHIND NAZI LINES
4997,Blood and Water,2015,16+,13/100,0,0,1,0,tv_show,reality television,Canada,English,4.0,tt4474750,13,16.0,1,BLOOD AND WATER
4998,Watch Around the Clock B&W,2017,16+,13/100,0,0,1,0,tv_show,reality television,United States,English,10.0,tt0092400,13,16.0,1,WATCH AROUND THE CLOCK B&W
4999,Luxury Travel Show,2018,16+,13/100,0,0,1,0,tv_show,reality television,United States,English,10.0,tt0092400,13,16.0,1,LUXURY TRAVEL SHOW
5000,America's Monsters,2013,16+,13/100,0,0,1,0,tv_show,reality television,United States,English,10.0,tt0092400,13,16.0,1,AMERICA'S MONSTERS
5001,The Evolution of Us,2016,16+,13/100,0,0,1,0,tv_show,reality television,United States,English,10.0,tt0092400,13,16.0,1,THE EVOLUTION OF US
5002,How-To,2015,16+,13/100,0,0,1,0,tv_show,drama film,Germany,German,8.0,tt9184994,13,16.0,1,HOW-TO
5003,Besties,2013,16+,13/100,0,0,1,0,tv_show,reality television,United States,English,10.0,tt0092400,13,16.0,1,BESTIES
5004,Full Body Flexibility Beginners Yoga Workouts - Krystin Scott,2017,16+,13/100,0,0,1,0,tv_show,reality television,United States,English,10.0,tt0092400,13,16.0,1,FULL BODY FLEXIBILITY BEGINNERS YOGA WORKOUTS - KRYSTIN SCOTT
5005,The Sweet Spot: A Treasury of Baseball Stories,2016,16+,13/100,0,0,1,0,tv_show,reality television,United States,English,10.0,tt0092400,13,16.0,1,THE SWEET SPOT: A TREASURY OF BASEBALL STORIES
5006,Treasure Houses of Britain,2011,16+,13/100,0,0,1,0,tv_show,reality television,United Kingdom,English,10.0,tt0092400,13,16.0,1,TREASURE HOUSES OF BRITAIN
5007,Homebuddies,2017,16+,13/100,0,0,1,0,tv_show,reality television,United States,English,10.0,tt0092400,13,16.0,1,HOMEBUDDIES
5008,Cosmic Kids Yoga Adventures,2012,16+,13/100,0,0,1,0,tv_show,reality television,United States,English,10.0,tt0092400,13,16.0,1,COSMIC KIDS YOGA ADVENTURES
5009,Iria: Zeiram The Bounty Hunter,1994,16+,13/100,0,0,1,0,tv_show,reality television,United States,English,10.0,tt0092400,13,16.0,1,IRIA: ZEIRAM THE BOUNTY HUNTER
5010,The Ridge: Origins,2016,16+,13/100,0,0,1,0,tv_show,reality television,United States,English,10.0,tt0092400,13,16.0,1,THE RIDGE: ORIGINS
5011,SharkBites TV,2017,16+,13/100,0,0,1,0,tv_show,reality television,United States,English,10.0,tt0092400,13,16.0,1,SHARKBITES TV
5012,My First INBA Fitness Model Competition,2017,16+,13/100,0,0,1,0,tv_show,reality television,United States,English,10.0,tt0092400,13,16.0,1,MY FIRST INBA FITNESS MODEL COMPETITION
5013,Hitler's Holocaust,2001,16+,13/100,0,0,1,0,tv_show,reality television,United States,English,10.0,tt0092400,13,16.0,1,HITLER'S HOLOCAUST
5014,A Century of Lionel Legendary Trains,2005,16+,13/100,0,0,1,0,tv_show,reality television,United States,English,10.0,tt0092400,13,16.0,1,A CENTURY OF LIONEL LEGENDARY TRAINS
5015,Lucas el Camioncito,2016,16+,13/100,0,0,1,0,tv_show,reality television,United States,English,10.0,tt0092400,13,16.0,1,LUCAS EL CAMIONCITO
5016,Subzero,2018,16+,13/100,0,0,1,0,tv_show,reality television,United States,English,10.0,tt0092400,13,16.0,1,SUBZERO
5017,Human Nature,2013,16+,13/100,1,0,1,0,tv_show,reality television,United States,English,10.0,tt0092400,13,16.0,1,HUMAN NATURE
5018,Aerial Adventures,2010,16+,13/100,0,0,1,0,tv_show,reality television,United States,English,10.0,tt0092400,13,16.0,1,AERIAL ADVENTURES
5019,Esovision Relaxation,2007,16+,13/100,0,0,1,0,tv_show,reality television,United States,English,10.0,tt0092400,13,16.0,1,ESOVISION RELAXATION
5020,Tasty's Made By Hand,2018,16+,13/100,0,0,1,0,tv_show,reality television,United States,English,10.0,tt0092400,13,16.0,1,TASTY'S MADE BY HAND
5021,Logan's Adventures,2015,16+,13/100,0,0,1,0,tv_show,reality television,United States,English,10.0,tt0092400,13,16.0,1,LOGAN'S ADVENTURES
5022,"In Sanity, Florida",2017,16+,13/100,0,0,1,0,tv_show,reality television,United States,English,10.0,tt0092400,13,16.0,1,"IN SANITY, FLORIDA"
5023,Frenemies with Eliza Coupe,2012,16+,13/100,0,0,1,0,tv_show,reality television,United States,English,10.0,tt0092400,13,16.0,1,FRENEMIES WITH ELIZA COUPE
5024,Philipp Shorts,1998,16+,13/100,0,0,1,0,tv_show,reality television,United States,English,10.0,tt0092400,13,16.0,1,PHILIPP SHORTS
5025,Honolulu P.D.,2003,16+,13/100,0,0,1,0,tv_show,reality television,United States,English,10.0,tt0092400,13,16.0,1,HONOLULU P.D.
5026,Food Stories,2017,16+,13/100,0,0,1,0,tv_show,reality television,United States,English,10.0,tt0092400,13,16.0,1,FOOD STORIES
5027,Fish Mavericks,2017,16+,13/100,0,0,1,0,tv_show,reality television,United States,English,10.0,tt0092400,13,16.0,1,FISH MAVERICKS
5028,NHL Road to the Outdoor Classics,2016,16+,13/100,0,0,1,0,tv_show,reality television,United States,English,10.0,tt0092400,13,16.0,1,NHL ROAD TO THE OUTDOOR CLASSICS
5029,Troy in Train Town,2016,16+,13/100,0,0,1,0,tv_show,reality television,United States,English,10.0,tt0092400,13,16.0,1,TROY IN TRAIN TOWN
5030,Tried + True,2017,16+,13/100,0,0,1,0,tv_show,reality television,United States,English,10.0,tt0092400,13,16.0,1,TRIED + TRUE
5031,Legend of the Fist: Chen Zhen,2008,16+,13/100,0,0,1,0,tv_show,reality television,United States,English,10.0,tt0092400,13,16.0,1,LEGEND OF THE FIST: CHEN ZHEN
5032,Minecraft Life,2017,16+,13/100,0,0,1,0,tv_show,reality television,United States,English,10.0,tt0092400,13,16.0,1,MINECRAFT LIFE
5033,Tiny Trucks,2018,16+,13/100,0,0,1,0,tv_show,reality television,United States,English,10.0,tt0092400,13,16.0,1,TINY TRUCKS
5034,Wonder Balls,2015,16+,13/100,0,0,1,0,tv_show,reality television,United States,English,10.0,tt0092400,13,16.0,1,WONDER BALLS
5035,Game Changers,2012,16+,13/100,0,0,1,0,tv_show,reality television,United States,English,10.0,tt0092400,13,16.0,1,GAME CHANGERS
5036,"Montréal: My Love, My Story",2018,16+,13/100,0,0,1,0,tv_show,reality television,United States,English,10.0,tt0092400,13,16.0,1,"MONTRÉAL: MY LOVE, MY STORY"
5037,My Dream Derelict Home,2014,16+,13/100,0,0,1,0,tv_show,reality television,United States,English,10.0,tt0092400,13,16.0,1,MY DREAM DERELICT HOME
5038,Blue Realm,2017,16+,13/100,0,0,1,0,tv_show,reality television,United States,English,10.0,tt0092400,13,16.0,1,BLUE REALM
5039,Master Lin in Seoul,2012,16+,13/100,0,0,1,0,tv_show,reality television,United States,English,10.0,tt0092400,13,16.0,1,MASTER LIN IN SEOUL
5040,Kingdoms of Sumeria,2018,16+,13/100,0,0,1,0,tv_show,reality television,United States,English,10.0,tt0092400,13,16.0,1,KINGDOMS OF SUMERIA
5041,Ruining History,2017,16+,13/100,0,0,1,0,tv_show,reality television,United States,English,10.0,tt0092400,13,16.0,1,RUINING HISTORY
5042,Carl Transform of Car City,2016,16+,13/100,0,0,1,0,tv_show,reality television,United States,English,10.0,tt0092400,13,16.0,1,CARL TRANSFORM OF CAR CITY
5043,pocket.watch Challenge Squad,2018,16+,13/100,0,0,1,0,tv_show,reality television,United States,English,10.0,tt0092400,13,16.0,1,POCKET.WATCH CHALLENGE SQUAD
5044,Cosmo Queens,2017,16+,13/100,0,0,1,0,tv_show,reality television,United States,English,10.0,tt0092400,13,16.0,1,COSMO QUEENS
5045,In the Dream to Find the Answer,2015,16+,13/100,0,0,1,0,tv_show,reality television,United States,English,10.0,tt0092400,13,16.0,1,IN THE DREAM TO FIND THE ANSWER
5046,South Bend's Lunkerville,2017,16+,13/100,0,0,1,0,tv_show,reality television,United States,English,10.0,tt0092400,13,16.0,1,SOUTH BEND'S LUNKERVILLE
5047,The Adventure Series,2016,16+,13/100,0,0,1,0,tv_show,reality television,United States,English,10.0,tt0092400,13,16.0,1,THE ADVENTURE SERIES
5048,Hardly Working,2008,16+,13/100,0,0,1,0,tv_show,reality television,United States,English,10.0,tt0092400,13,16.0,1,HARDLY WORKING
5049,"Abu, The Little Dinosaur",2015,16+,13/100,0,0,1,0,tv_show,reality television,United States,English,10.0,tt0092400,13,16.0,1,"ABU, THE LITTLE DINOSAUR"
5050,Price Points,2017,16+,13/100,0,0,1,0,tv_show,reality television,United States,English,10.0,tt0092400,13,16.0,1,PRICE POINTS
5051,Pinkfong! Dinosaur Musical Stories,2017,16+,13/100,0,0,1,0,tv_show,reality television,United States,English,10.0,tt0092400,13,16.0,1,PINKFONG! DINOSAUR MUSICAL STORIES
5053,Warbirds Over the Trenches,2014,16+,13/100,0,0,1,0,tv_show,reality television,United States,English,10.0,tt0092400,13,16.0,1,WARBIRDS OVER THE TRENCHES
5054,You Colored My World,2017,16+,13/100,0,0,1,0,tv_show,reality television,United States,English,10.0,tt0092400,13,16.0,1,YOU COLORED MY WORLD
5055,Last Thing On My Phone,2016,16+,13/100,0,0,1,0,tv_show,reality television,United States,English,10.0,tt0092400,13,16.0,1,LAST THING ON MY PHONE
5056,X-Files History,2018,16+,13/100,0,0,1,0,tv_show,reality television,United States,English,10.0,tt0092400,13,16.0,1,X-FILES HISTORY
5057,HowStuffWorks NOW,2015,16+,13/100,0,0,1,0,tv_show,reality television,United States,English,10.0,tt0092400,13,16.0,1,HOWSTUFFWORKS NOW
5058,BabyFirst Halloween Special,2017,16+,13/100,0,0,1,0,tv_show,reality television,United States,English,10.0,tt0092400,13,16.0,1,BABYFIRST HALLOWEEN SPECIAL
5059,Lego Set Builds Nexo Knights - Artifex,2016,16+,13/100,0,0,1,0,tv_show,reality television,United States,English,10.0,tt0092400,13,16.0,1,LEGO SET BUILDS NEXO KNIGHTS - ARTIFEX
5060,The Crusaders,2005,16+,13/100,0,0,1,0,tv_show,reality television,United States,English,10.0,tt0092400,13,16.0,1,THE CRUSADERS
5061,World War II Diaries - The Complete War Report,2017,16+,13/100,0,0,1,0,tv_show,reality television,United States,English,10.0,tt0092400,13,16.0,1,WORLD WAR II DIARIES - THE COMPLETE WAR REPORT
5062,Fred Dinenage Murder Casebook,2010,16+,13/100,0,0,1,0,tv_show,reality television,United States,English,10.0,tt0092400,13,16.0,1,FRED DINENAGE MURDER CASEBOOK
5063,I Survived Real Estate,2017,16+,13/100,0,0,1,0,tv_show,reality television,United States,English,10.0,tt0092400,13,16.0,1,I SURVIVED REAL ESTATE
5064,Double Dare 76 & 77,1977,16+,13/100,0,0,1,0,tv_show,reality television,United States,English,10.0,tt0092400,13,16.0,1,DOUBLE DARE 76 & 77
5066,Learning with Lizzy the Dog!,2015,16+,13/100,0,0,1,0,tv_show,reality television,United States,English,10.0,tt0092400,13,16.0,1,LEARNING WITH LIZZY THE DOG!
5067,Local Hauntings,2018,16+,13/100,0,0,1,0,tv_show,reality television,United States,English,10.0,tt0092400,13,16.0,1,LOCAL HAUNTINGS
5068,The War at Sea,2015,16+,13/100,0,0,1,0,tv_show,reality television,United States,English,10.0,tt0092400,13,16.0,1,THE WAR AT SEA
5069,My Battalion,2014,16+,13/100,0,0,1,0,tv_show,reality television,United States,English,10.0,tt0092400,13,16.0,1,MY BATTALION
5070,DIY Destinations Budget Travel Show,2017,16+,13/100,0,0,1,0,tv_show,reality television,United States,English,10.0,tt0092400,13,16.0,1,DIY DESTINATIONS BUDGET TRAVEL SHOW
5071,Nordic Wild,2011,16+,13/100,0,0,1,0,tv_show,reality television,United States,English,10.0,tt0092400,13,16.0,1,NORDIC WILD
5072,S.O.S! Winter,2003,16+,13/100,0,0,1,0,tv_show,reality television,United States,English,10.0,tt0092400,13,16.0,1,S.O.S! WINTER
5073,Shorts in Minecraft,2014,16+,13/100,0,0,1,0,tv_show,reality television,United States,English,10.0,tt0092400,13,16.0,1,SHORTS IN MINECRAFT
5074,Lie Detector Test,2018,16+,13/100,0,0,1,0,tv_show,reality television,United States,English,10.0,tt0092400,13,16.0,1,LIE DETECTOR TEST
5075,Review: Pullip Doll Reviews,2017,16+,13/100,0,0,1,0,tv_show,reality television,United States,English,10.0,tt0092400,13,16.0,1,REVIEW: PULLIP DOLL REVIEWS
5076,Life of Jesus,2017,16+,13/100,0,0,1,0,tv_show,reality television,United States,English,10.0,tt0092400,13,16.0,1,LIFE OF JESUS
5077,Microsoft Excel 2016 - Training,2016,16+,13/100,0,0,1,0,tv_show,reality television,United States,English,10.0,tt0092400,13,16.0,1,MICROSOFT EXCEL 2016 - TRAINING
5078,The World's Best Chefs - The Toque 12,2013,16+,13/100,0,0,1,0,tv_show,reality television,United States,English,10.0,tt0092400,13,16.0,1,THE WORLD'S BEST CHEFS - THE TOQUE 12
5079,Kenneth Copeland Ministries,2016,16+,13/100,0,0,1,0,tv_show,reality television,United States,English,10.0,tt0092400,13,16.0,1,KENNETH COPELAND MINISTRIES
5080,Zumba Awesome Legs & Booty System,2014,16+,13/100,0,0,1,0,tv_show,reality television,United States,English,10.0,tt0092400,13,16.0,1,ZUMBA AWESOME LEGS & BOOTY SYSTEM
5081,SMOSH Babies,2013,16+,13/100,0,0,1,0,tv_show,reality television,United States,English,10.0,tt0092400,13,16.0,1,SMOSH BABIES
5082,Pinkfong! Animal Songs,2017,16+,13/100,0,0,1,0,tv_show,reality television,United States,English,10.0,tt0092400,13,16.0,1,PINKFONG! ANIMAL SONGS
5083,Flip Flap,2017,16+,13/100,0,0,1,0,tv_show,reality television,United States,English,10.0,tt0092400,13,16.0,1,FLIP FLAP
5084,Geometry,2017,16+,13/100,0,0,1,0,tv_show,reality television,United States,English,10.0,tt0092400,13,16.0,1,GEOMETRY
5085,Impossible Peace,2017,16+,13/100,0,0,1,0,tv_show,reality television,United States,English,10.0,tt0092400,13,16.0,1,IMPOSSIBLE PEACE
5086,The Duke Of Mount Deer,2014,16+,13/100,0,0,1,0,tv_show,drama television series,Hong Kong,Cantonese,8.0,tt0449734,13,16.0,1,THE DUKE OF MOUNT DEER
5087,See Deng,2017,16+,13/100,0,0,1,0,tv_show,reality television,United States,English,10.0,tt0092400,13,16.0,1,SEE DENG
5088,Faaail!,2016,16+,13/100,0,0,1,0,tv_show,reality television,United States,English,10.0,tt0092400,13,16.0,1,FAAAIL!
5089,Curious?,2017,16+,13/100,0,0,1,0,tv_show,reality television,United States,English,10.0,tt0092400,13,16.0,1,CURIOUS?
5090,Tesla Road Trip,2017,16+,13/100,0,0,1,0,tv_show,reality television,United States,English,10.0,tt0092400,13,16.0,1,TESLA ROAD TRIP
5091,Bigger Questions,2017,16+,13/100,0,0,1,0,tv_show,reality television,United States,English,10.0,tt0092400,13,16.0,1,BIGGER QUESTIONS
5092,Fifi: Cat Therapist,2014,16+,13/100,0,0,1,0,tv_show,reality television,United States,English,10.0,tt0092400,13,16.0,1,FIFI: CAT THERAPIST
5093,Gym Class Science,2015,16+,13/100,0,0,1,0,tv_show,reality television,United States,English,10.0,tt0092400,13,16.0,1,GYM CLASS SCIENCE
5094,This Is Your Brain & Body When...,2016,16+,13/100,0,0,1,0,tv_show,reality television,United States,English,10.0,tt0092400,13,16.0,1,THIS IS YOUR BRAIN & BODY WHEN...
5095,Pinkfong! Dinosaur Songs,2014,16+,13/100,0,0,1,0,tv_show,reality television,United States,English,10.0,tt0092400,13,16.0,1,PINKFONG! DINOSAUR SONGS
5096,Pro-Semitism with Elon Gold,2011,16+,13/100,0,0,1,0,tv_show,reality television,United States,English,10.0,tt0092400,13,16.0,1,PRO-SEMITISM WITH ELON GOLD
5098,All Your History Are Belong To Us,2012,16+,13/100,0,0,1,0,tv_show,reality television,United States,English,10.0,tt0092400,13,16.0,1,ALL YOUR HISTORY ARE BELONG TO US
5099,Best Motorcycle Movies (Biker Documentary Anthology),2017,16+,13/100,0,0,1,0,tv_show,reality television,United States,English,10.0,tt0092400,13,16.0,1,BEST MOTORCYCLE MOVIES (BIKER DOCUMENTARY ANTHOLOGY)
5100,3 Rabbits,2017,16+,13/100,0,0,1,0,tv_show,reality television,United States,English,10.0,tt0092400,13,16.0,1,3 RABBITS
5101,Inside Scotland Yard with Trevor McDonald,2016,16+,13/100,0,0,1,0,tv_show,reality television,United States,English,10.0,tt0092400,13,16.0,1,INSIDE SCOTLAND YARD WITH TREVOR MCDONALD
5102,Love in Memory,2013,16+,13/100,0,0,1,0,tv_show,reality television,United States,English,10.0,tt0092400,13,16.0,1,LOVE IN MEMORY
5103,Memorization: The Art of The Technique,2017,16+,13/100,0,0,1,0,tv_show,reality television,United States,English,10.0,tt0092400,13,16.0,1,MEMORIZATION: THE ART OF THE TECHNIQUE
5104,Piux XII,2017,16+,13/100,0,0,1,0,tv_show,reality television,United States,English,10.0,tt0092400,13,16.0,1,PIUX XII
5105,The Hunters Club,2014,16+,10/100,0,0,1,0,tv_show,reality television,United States,English,10.0,tt0092400,10,16.0,1,THE HUNTERS CLUB
5106,Travel the Road,2016,16+,10/100,0,0,1,0,tv_show,reality television,United States,English,10.0,tt0092400,10,16.0,1,TRAVEL THE ROAD
5107,Pinkfong! Bedtime Lullabies,2015,16+,10/100,0,0,1,0,tv_show,reality television,United States,English,10.0,tt0092400,10,16.0,1,PINKFONG! BEDTIME LULLABIES
5108,The Union Series,2016,16+,10/100,0,0,1,0,tv_show,reality television,United States,English,10.0,tt0092400,10,16.0,1,THE UNION SERIES
5109,Another Dirty Room,2016,16+,10/100,0,0,1,0,tv_show,reality television,United States,English,10.0,tt0092400,10,16.0,1,ANOTHER DIRTY ROOM
5110,Christmas in Car City,2017,16+,10/100,0,0,1,0,tv_show,reality television,United States,English,10.0,tt0092400,10,16.0,1,CHRISTMAS IN CAR CITY
5111,Please Tell Me I'm Adopted!,2017,16+,10/100,0,0,1,0,tv_show,reality television,United States,English,10.0,tt0092400,10,16.0,1,PLEASE TELL ME I'M ADOPTED!
5112,Pinkfong! Puppet Show,2017,16+,10/100,0,0,1,0,tv_show,reality television,United States,English,10.0,tt0092400,10,16.0,1,PINKFONG! PUPPET SHOW
5113,Chronicle Of Love,2015,16+,10/100,0,0,1,0,tv_show,reality television,United States,English,10.0,tt0092400,10,16.0,1,CHRONICLE OF LOVE
5114,Underworld Wrestling,2018,16+,10/100,0,0,1,0,tv_show,reality television,United States,English,10.0,tt0092400,10,16.0,1,UNDERWORLD WRESTLING
5115,Best Laid Plans,2010,16+,10/100,0,0,1,0,tv_show,reality television,United States,English,10.0,tt0092400,10,16.0,1,BEST LAID PLANS
5116,Mob Squad,2012,16+,10/100,0,0,1,0,tv_show,reality television,United States,English,10.0,tt0092400,10,16.0,1,MOB SQUAD
5117,Designer Guys,2018,16+,10/100,0,0,1,0,tv_show,reality television,Canada,English,10.0,tt0092400,10,16.0,1,DESIGNER GUYS
5118,Learn with Ted The Train,2016,16+,10/100,0,0,1,0,tv_show,reality television,United States,English,10.0,tt0092400,10,16.0,1,LEARN WITH TED THE TRAIN
5119,Night In/Night Out,2018,16+,10/100,0,0,1,0,tv_show,reality television,United States,English,10.0,tt0092400,10,16.0,1,NIGHT IN/NIGHT OUT
5120,Tasting Our Roots,2017,16+,10/100,0,0,1,0,tv_show,reality television,United States,English,10.0,tt0092400,10,16.0,1,TASTING OUR ROOTS
5121,FUNnel Vision: Challenges,2018,16+,10/100,0,0,1,0,tv_show,reality television,United States,English,10.0,tt0092400,10,16.0,1,FUNNEL VISION: CHALLENGES
5122,The Flavors of France,2013,16+,10/100,0,0,1,0,tv_show,reality television,United States,English,10.0,tt0092400,10,16.0,1,THE FLAVORS OF FRANCE
5123,Earth Shocks: Our Hyperactive Planet,2007,16+,10/100,0,0,1,0,tv_show,reality television,United States,English,10.0,tt0092400,10,16.0,1,EARTH SHOCKS: OUR HYPERACTIVE PLANET
5124,Board AF,2016,16+,10/100,0,0,1,0,tv_show,reality television,United States,English,10.0,tt0092400,10,16.0,1,BOARD AF
5125,The Wild Life,2014,16+,10/100,0,0,1,0,tv_show,reality television,United States,English,10.0,tt0092400,10,16.0,1,THE WILD LIFE
5126,Great Taste No Money,2017,16+,10/100,0,0,1,0,tv_show,reality television,United States,English,10.0,tt0092400,10,16.0,1,GREAT TASTE NO MONEY
5127,Foundations of Freedom with Historian David Barton,2015,16+,10/100,0,0,1,0,tv_show,reality television,United States,English,10.0,tt0092400,10,16.0,1,FOUNDATIONS OF FREEDOM WITH HISTORIAN DAVID BARTON
5128,Alba's Cuban Kitchen,2017,16+,10/100,0,0,1,0,tv_show,reality television,United States,English,10.0,tt0092400,10,16.0,1,ALBA'S CUBAN KITCHEN
5129,Aprender con los Mini Constructores,2016,16+,10/100,0,0,1,0,tv_show,reality television,United States,English,10.0,tt0092400,10,16.0,1,APRENDER CON LOS MINI CONSTRUCTORES
5130,Behind Bars: The World's Toughest Prisons,2016,16+,10/100,0,0,1,0,tv_show,reality television,United States,English,10.0,tt0092400,10,16.0,1,BEHIND BARS: THE WORLD'S TOUGHEST PRISONS
5131,Ghosts of The Caribbean,2017,16+,10/100,0,0,1,0,tv_show,reality television,United States,English,10.0,tt0092400,10,16.0,1,GHOSTS OF THE CARIBBEAN
5132,The Story of Furong,2015,16+,10/100,0,0,1,0,tv_show,reality television,United States,English,10.0,tt0092400,10,16.0,1,THE STORY OF FURONG
5133,Waterways: The Royal Canal,2013,16+,10/100,0,0,1,0,tv_show,reality television,United States,English,10.0,tt0092400,10,16.0,1,WATERWAYS: THE ROYAL CANAL
5134,End of the Big Cats,2012,16+,10/100,0,0,1,0,tv_show,reality television,United States,English,10.0,tt0092400,10,16.0,1,END OF THE BIG CATS
5135,Leo the Truck,2015,16+,10/100,0,0,1,0,tv_show,reality television,United States,English,10.0,tt0092400,10,16.0,1,LEO THE TRUCK
5136,Celtic Myths,2001,16+,10/100,0,0,1,0,tv_show,reality television,United States,English,10.0,tt0092400,10,16.0,1,CELTIC MYTHS
5137,US Bounty Hunters,2014,16+,10/100,0,0,1,0,tv_show,reality television,United States,English,10.0,tt0092400,10,16.0,1,US BOUNTY HUNTERS
5138,SAS Rogue Warriors,2017,16+,10/100,0,0,1,0,tv_show,reality television,United States,English,10.0,tt0092400,10,16.0,1,SAS ROGUE WARRIORS
5139,Concepto de Vida Plena,2016,16+,10/100,0,0,1,0,tv_show,reality television,United States,English,10.0,tt0092400,10,16.0,1,CONCEPTO DE VIDA PLENA
5140,The Fish Guyz,2017,16+,10/100,0,0,1,0,tv_show,reality television,United States,English,10.0,tt0092400,10,16.0,1,THE FISH GUYZ
5141,Field of Stars,2017,16+,10/100,0,0,1,0,tv_show,reality television,United States,English,10.0,tt0092400,10,16.0,1,FIELD OF STARS
5142,All the Pizza,2016,16+,10/100,0,0,1,0,tv_show,reality television,United States,English,10.0,tt0092400,10,16.0,1,ALL THE PIZZA
5143,Python for Everybody,2016,16+,10/100,0,0,1,0,tv_show,reality television,United States,English,10.0,tt0092400,10,16.0,1,PYTHON FOR EVERYBODY
5144,I Pranked My Parents,2014,16+,10/100,0,0,1,0,tv_show,reality television,United States,English,10.0,tt0092400,10,16.0,1,I PRANKED MY PARENTS
5145,Mad Fabricators Society,2015,16+,10/100,0,0,1,0,tv_show,reality television,United States,English,10.0,tt0092400,10,16.0,1,MAD FABRICATORS SOCIETY
5146,You Sang My Song,2017,16+,10/100,0,0,1,0,tv_show,reality television,United States,English,10.0,tt0092400,10,16.0,1,YOU SANG MY SONG
5147,Road to the Games 2016,2016,16+,10/100,0,0,1,0,tv_show,reality television,United States,English,10.0,tt0092400,10,16.0,1,ROAD TO THE GAMES 2016
5148,Have Steam Engine Will Travel,2013,16+,10/100,0,0,1,0,tv_show,reality television,United States,English,10.0,tt0092400,10,16.0,1,HAVE STEAM ENGINE WILL TRAVEL
5149,Clip: Adventures of Buttman (Annoying Orange Grand Theft Auto V Gaming),2017,16+,10/100,0,0,1,0,tv_show,reality television,United States,English,10.0,tt0092400,10,16.0,1,CLIP: ADVENTURES OF BUTTMAN (ANNOYING ORANGE GRAND THEFT AUTO V GAMING)
5150,Gold War,2016,16+,10/100,0,0,1,0,tv_show,reality television,United States,English,10.0,tt0092400,10,16.0,1,GOLD WAR
5151,Fin Chasers,2017,16+,10/100,0,0,1,0,tv_show,reality television,United States,English,10.0,tt0092400,10,16.0,1,FIN CHASERS
5152,The F.B.I. Files Specials,2002,16+,10/100,0,0,1,0,tv_show,reality television,United States,English,10.0,tt0092400,10,16.0,1,THE F.B.I. FILES SPECIALS
5153,Flannery's Porch,2016,16+,10/100,0,0,1,0,tv_show,reality television,United States,English,10.0,tt0092400,10,16.0,1,FLANNERY'S PORCH
5154,USWA Memphis Wrestling,1989,16+,10/100,0,0,1,0,tv_show,reality television,United States,English,10.0,tt0092400,10,16.0,1,USWA MEMPHIS WRESTLING
5155,Behind the Scenes,2010,16+,10/100,0,0,1,0,tv_show,reality television,United States,English,10.0,tt0092400,10,16.0,1,BEHIND THE SCENES
5156,Tales of the Unexplained,2004,16+,10/100,0,0,1,0,tv_show,reality television,United States,English,10.0,tt0092400,10,16.0,1,TALES OF THE UNEXPLAINED
5157,America Unveiled,2018,16+,10/100,0,0,1,0,tv_show,reality television,United States,English,10.0,tt0092400,10,16.0,1,AMERICA UNVEILED
5158,Snowdonia 1890,2010,16+,10/100,0,0,1,0,tv_show,reality television,United States,English,10.0,tt0092400,10,16.0,1,SNOWDONIA 1890
5159,Jesse James Austin Speed Shop,2012,16+,10/100,0,0,1,0,tv_show,reality television,United States,English,10.0,tt0092400,10,16.0,1,JESSE JAMES AUSTIN SPEED SHOP
5160,Project Restoration,2016,16+,10/100,0,0,1,0,tv_show,reality television,United States,English,10.0,tt0092400,10,16.0,1,PROJECT RESTORATION
5161,Lego Set Builds City - Artifex,2016,16+,10/100,0,0,1,0,tv_show,reality television,United States,English,10.0,tt0092400,10,16.0,1,LEGO SET BUILDS CITY - ARTIFEX
5162,Tanks aren't afraid of mud,2009,16+,10/100,0,0,1,0,tv_show,reality television,United States,English,10.0,tt0092400,10,16.0,1,TANKS AREN'T AFRAID OF MUD
5163,Cosmic Journeys,2009,16+,10/100,0,0,1,0,tv_show,reality television,United States,English,10.0,tt0092400,10,16.0,1,COSMIC JOURNEYS
5164,Ghost Stories Of Scotland,2017,16+,10/100,0,0,1,0,tv_show,reality television,United States,English,10.0,tt0092400,10,16.0,1,GHOST STORIES OF SCOTLAND
5165,Pinkfong! Christmas Carols,2016,16+,10/100,0,0,1,0,tv_show,reality television,United States,English,10.0,tt0092400,10,16.0,1,PINKFONG! CHRISTMAS CAROLS
5166,Can We Cure,2018,16+,10/100,0,0,1,0,tv_show,reality television,United States,English,10.0,tt0092400,10,16.0,1,CAN WE CURE
5167,Socially Awkward,2017,16+,10/100,0,0,1,0,tv_show,reality television,United States,English,10.0,tt0092400,10,16.0,1,SOCIALLY AWKWARD
5168,L.A. Cops,1998,16+,10/100,0,0,1,0,tv_show,reality television,United States,English,10.0,tt0092400,10,16.0,1,L.A. COPS
5169,Smoke & Steam,1990,16+,10/100,0,0,1,0,tv_show,reality television,United States,English,10.0,tt0092400,10,16.0,1,SMOKE & STEAM
5170,"Cars, Cars",2017,16+,10/100,0,0,1,0,tv_show,reality television,United States,English,10.0,tt0092400,10,16.0,1,"CARS, CARS"
5171,Grace for Beginners,2014,16+,10/100,0,0,1,0,tv_show,reality television,United States,English,10.0,tt0092400,10,16.0,1,GRACE FOR BEGINNERS
5172,Raised Hunting,2015,16+,10/100,0,0,1,0,tv_show,reality television,United States,English,10.0,tt0092400,10,16.0,1,RAISED HUNTING
5173,K2: The Italian Mountain,2012,16+,10/100,0,0,1,0,tv_show,reality television,United States,English,10.0,tt0092400,10,16.0,1,K2: THE ITALIAN MOUNTAIN
5174,ANGRY ALIENS,2016,16+,10/100,0,0,1,0,tv_show,reality television,United States,English,10.0,tt0092400,10,16.0,1,ANGRY ALIENS
5175,The Crack!,2011,16+,10/100,0,0,1,0,tv_show,reality television,United States,English,10.0,tt0092400,10,16.0,1,THE CRACK!
5176,Pet Medics: New Zealand,2016,16+,10/100,0,0,1,0,tv_show,reality television,United States,English,10.0,tt0092400,10,16.0,1,PET MEDICS: NEW ZEALAND
5177,How2: How to do Amazing Things! (with Annoying Orange & Pear!),2016,16+,10/100,0,0,1,0,tv_show,reality television,United States,English,10.0,tt0092400,10,16.0,1,HOW2: HOW TO DO AMAZING THINGS! (WITH ANNOYING ORANGE & PEAR!)
5178,My Animal Friends,2018,16+,10/100,0,0,1,0,tv_show,"documentary film, family film","Czech Republic, Australia, United Kingdom",English,10.0,tt6764176,10,16.0,1,MY ANIMAL FRIENDS
5179,Citizens of the World,2010,16+,10/100,0,0,1,0,tv_show,reality television,United States,English,10.0,tt0092400,10,16.0,1,CITIZENS OF THE WORLD
5180,Roomies & Friends,2013,16+,10/100,0,0,1,0,tv_show,reality television,United States,English,10.0,tt0092400,10,16.0,1,ROOMIES & FRIENDS
5181,Lego Set Builds Star Wars - Artifex,2016,16+,10/100,0,0,1,0,tv_show,reality television,United States,English,10.0,tt0092400,10,16.0,1,LEGO SET BUILDS STAR WARS - ARTIFEX
5182,Equipo Constructor en Auto City,2016,16+,10/100,0,0,1,0,tv_show,reality television,United States,English,10.0,tt0092400,10,16.0,1,EQUIPO CONSTRUCTOR EN AUTO CITY
5183,Premier Guitar Rig Rundown,2016,16+,10/100,0,0,1,0,tv_show,reality television,United States,English,10.0,tt0092400,10,16.0,1,PREMIER GUITAR RIG RUNDOWN
5184,The Most Ridiculous Things From The Walking Dead,2017,16+,10/100,0,0,1,0,tv_show,reality television,United States,English,10.0,tt0092400,10,16.0,1,THE MOST RIDICULOUS THINGS FROM THE WALKING DEAD
5185,An Egg's Guide to Minecraft,2012,16+,10/100,0,0,1,0,tv_show,reality television,United States,English,10.0,tt0092400,10,16.0,1,AN EGG'S GUIDE TO MINECRAFT
5186,The Flavors of Italy,2013,16+,10/100,0,0,1,0,tv_show,reality television,United States,English,10.0,tt0092400,10,16.0,1,THE FLAVORS OF ITALY
5187,Lego Set Builds Minecraft - Artifex,2017,16+,10/100,0,0,1,0,tv_show,reality television,United States,English,10.0,tt0092400,10,16.0,1,LEGO SET BUILDS MINECRAFT - ARTIFEX
5188,The Best Markets On Earth,2017,16+,10/100,0,0,1,0,tv_show,reality television,United States,English,10.0,tt0092400,10,16.0,1,THE BEST MARKETS ON EARTH
5189,Quark Science,2018,16+,10/100,0,0,1,0,tv_show,reality television,United States,English,10.0,tt0092400,10,16.0,1,QUARK SCIENCE
5190,Bobby Ashley's Repercussions,2014,16+,10/100,0,0,1,0,tv_show,reality television,United States,English,10.0,tt0092400,10,16.0,1,BOBBY ASHLEY'S REPERCUSSIONS
5191,Life Beyond Earth,2018,16+,10/100,0,0,1,0,tv_show,reality television,United States,English,10.0,tt0092400,10,16.0,1,LIFE BEYOND EARTH
5192,Moving Machines For Kids,2017,16+,10/100,0,0,1,0,tv_show,reality television,United States,English,10.0,tt0092400,10,16.0,1,MOVING MACHINES FOR KIDS
5193,Best Arrangement,2017,16+,10/100,0,0,1,0,tv_show,reality television,United States,English,10.0,tt0092400,10,16.0,1,BEST ARRANGEMENT
5194,Baking with Toddlers,2017,16+,10/100,0,0,1,0,tv_show,reality television,United States,English,10.0,tt0092400,10,16.0,1,BAKING WITH TODDLERS
5195,Halloween of Car City,2018,16+,10/100,0,0,1,0,tv_show,reality television,United States,English,10.0,tt0092400,10,16.0,1,HALLOWEEN OF CAR CITY
5196,Pinkfong! Healthy Habit Songs,2017,16+,10/100,0,0,1,0,tv_show,reality television,United States,English,10.0,tt0092400,10,16.0,1,PINKFONG! HEALTHY HABIT SONGS
5197,Pinkfong! Princess Songs,2017,16+,10/100,0,0,1,0,tv_show,reality television,United States,English,10.0,tt0092400,10,16.0,1,PINKFONG! PRINCESS SONGS
5198,Switzerland's Amazing Train Rides,2014,16+,10/100,0,0,1,0,tv_show,reality television,United States,English,10.0,tt0092400,10,16.0,1,SWITZERLAND'S AMAZING TRAIN RIDES
5199,All About My Siblings,2014,16+,10/100,0,0,1,0,tv_show,reality television,United States,English,10.0,tt0092400,10,16.0,1,ALL ABOUT MY SIBLINGS
5200,Tatiana's Night,2015,16+,10/100,0,0,1,0,tv_show,reality television,United States,English,10.0,tt0092400,10,16.0,1,TATIANA'S NIGHT
5201,Barn Find Hunter,2016,16+,10/100,0,0,1,0,tv_show,reality television,United States,English,10.0,tt0092400,10,16.0,1,BARN FIND HUNTER
5202,Holy Wars,2004,16+,10/100,0,0,1,0,tv_show,reality television,United States,English,10.0,tt0092400,10,16.0,1,HOLY WARS
5203,Learning Shapes and Colours in Creative Lesson - Education Video for Children,2018,16+,10/100,0,0,1,0,tv_show,reality television,United States,English,10.0,tt0092400,10,16.0,1,LEARNING SHAPES AND COLOURS IN CREATIVE LESSON - EDUCATION VIDEO FOR CHILDREN
5204,World Changers Television,2017,16+,10/100,0,0,1,0,tv_show,reality television,United States,English,10.0,tt0092400,10,16.0,1,WORLD CHANGERS TELEVISION
5205,Love Tribulations,2009,16+,10/100,0,0,1,0,tv_show,reality television,People's Republic of China,English,10.0,tt0092400,10,16.0,1,LOVE TRIBULATIONS
5206,Gourmet Makes,2018,16+,10/100,0,0,1,0,tv_show,reality television,United States,English,9.2,tt10162630,10,16.0,1,GOURMET MAKES
5207,Analyse,2017,16+,10/100,0,0,1,0,tv_show,reality television,United States,English,10.0,tt0092400,10,16.0,1,ANALYSE
5208,Road Kings,2016,16+,10/100,0,0,1,0,tv_show,reality television,United States,English,10.0,tt0092400,10,16.0,1,ROAD KINGS
5209,Pinkfing! Time Songs,2017,16+,10/100,0,0,1,0,tv_show,reality television,United States,English,10.0,tt0092400,10,16.0,1,PINKFING! TIME SONGS
5210,OMG!,2016,16+,10/100,0,0,1,0,tv_show,television news magazine,United States,English,3.0,tt0430836,10,16.0,1,OMG!
5211,Car Patrol: The Adventures of Matt the Police Car and Frank the Firetruck,2016,16+,10/100,0,0,1,0,tv_show,reality television,United States,English,10.0,tt0092400,10,16.0,1,CAR PATROL: THE ADVENTURES OF MATT THE POLICE CAR AND FRANK THE FIRETRUCK
5212,Uchimura Summers,2016,16+,10/100,0,0,1,0,tv_show,reality television,United States,English,10.0,tt0092400,10,16.0,1,UCHIMURA SUMMERS
5213,Finley's Factory - Super Simple,2016,16+,10/100,0,0,1,0,tv_show,reality television,United States,English,10.0,tt0092400,10,16.0,1,FINLEY'S FACTORY - SUPER SIMPLE
5214,Royal Watch,2017,16+,10/100,0,0,1,0,tv_show,reality television,United States,English,10.0,tt0092400,10,16.0,1,ROYAL WATCH
5215,The Bacca Chronicles,2015,16+,10/100,0,0,1,0,tv_show,reality television,United States,English,10.0,tt0092400,10,16.0,1,THE BACCA CHRONICLES
5216,Warriors of the Night,1998,16+,10/100,0,0,1,0,tv_show,reality television,United States,English,10.0,tt0092400,10,16.0,1,WARRIORS OF THE NIGHT
5217,Bogus Beauty,2017,16+,10/100,0,0,1,0,tv_show,reality television,United States,English,10.0,tt0092400,10,16.0,1,BOGUS BEAUTY
5218,ReCore Video Gameplay,2017,16+,10/100,0,0,1,0,tv_show,reality television,United States,English,10.0,tt0092400,10,16.0,1,RECORE VIDEO GAMEPLAY
5219,The History Of Ford Trucks,2016,16+,10/100,0,0,1,0,tv_show,reality television,United States,English,10.0,tt0092400,10,16.0,1,THE HISTORY OF FORD TRUCKS
5220,Car Collectors,2013,16+,10/100,0,0,1,0,tv_show,reality television,United States,English,10.0,tt0092400,10,16.0,1,CAR COLLECTORS
5221,Bana: Heart of Darkness,2017,16+,10/100,0,0,1,0,tv_show,reality television,United States,English,10.0,tt0092400,10,16.0,1,BANA: HEART OF DARKNESS
5222,Grandma's Cats (Are Trying To Kill Her!),2015,16+,10/100,0,0,1,0,tv_show,reality television,United States,English,10.0,tt0092400,10,16.0,1,GRANDMA'S CATS (ARE TRYING TO KILL HER!)
5223,Minecraft - Survival Madness Adventures,2016,16+,10/100,0,0,1,0,tv_show,reality television,United States,English,10.0,tt0092400,10,16.0,1,MINECRAFT - SURVIVAL MADNESS ADVENTURES
5224,Empires Of Stone,2010,16+,10/100,0,0,1,0,tv_show,reality television,United States,English,10.0,tt0092400,10,16.0,1,EMPIRES OF STONE
5225,Beyond Invention,2004,16+,10/100,0,0,1,0,tv_show,television documentary,Canada,English,10.0,tt0429315,10,16.0,1,BEYOND INVENTION
5226,Railway Roundup,2010,16+,10/100,0,0,1,0,tv_show,reality television,United States,English,10.0,tt0092400,10,16.0,1,RAILWAY ROUNDUP
5227,Review: Disney Toy Review,2017,16+,10/100,0,0,1,0,tv_show,reality television,United States,English,10.0,tt0092400,10,16.0,1,REVIEW: DISNEY TOY REVIEW
5228,Delinquent Hamsters,2013,16+,10/100,0,0,1,0,tv_show,reality television,United States,English,10.0,tt0092400,10,16.0,1,DELINQUENT HAMSTERS
5229,"Review: Cool Collectibles Dolls, Toys and Vinyl Figures Reviews",2017,16+,10/100,0,0,1,0,tv_show,reality television,United States,English,10.0,tt0092400,10,16.0,1,"REVIEW: COOL COLLECTIBLES DOLLS, TOYS AND VINYL FIGURES REVIEWS"
5230,Planet Wild,2007,16+,10/100,0,0,1,0,tv_show,reality television,United States,English,10.0,tt0092400,10,16.0,1,PLANET WILD
5231,Genius of Nature,2012,16+,10/100,0,0,1,0,tv_show,reality television,United States,English,10.0,tt0092400,10,16.0,1,GENIUS OF NATURE
5232,Julie Nolke,2015,16+,10/100,0,0,1,0,tv_show,reality television,United States,English,10.0,tt0092400,10,16.0,1,JULIE NOLKE
5233,Speaker Meeting,2017,16+,10/100,0,0,1,0,tv_show,reality television,United States,English,10.0,tt0092400,10,16.0,1,SPEAKER MEETING
5234,Saints & Sinners: The History of the Popes,2013,16+,10/100,0,0,1,0,tv_show,reality television,United States,English,10.0,tt0092400,10,16.0,1,SAINTS & SINNERS: THE HISTORY OF THE POPES
5235,The Lazy Chef,2011,16+,10/100,0,0,1,0,tv_show,reality television,United States,English,10.0,tt0092400,10,16.0,1,THE LAZY CHEF
5236,Livin' 'Neath The Law with Jack McBrayer,2007,16+,10/100,0,0,1,0,tv_show,reality television,United States,English,10.0,tt0092400,10,16.0,1,LIVIN' 'NEATH THE LAW WITH JACK MCBRAYER
5237,Fishstick & Honeybear,2014,16+,10/100,0,0,1,0,tv_show,reality television,United States,English,10.0,tt0092400,10,16.0,1,FISHSTICK & HONEYBEAR
5238,BigDo2 - Random Hair,2016,16+,10/100,0,0,1,0,tv_show,reality television,United States,English,10.0,tt0092400,10,16.0,1,BIGDO2 - RANDOM HAIR
5239,Car Patrol of Car City,2017,16+,10/100,0,0,1,0,tv_show,reality television,United States,English,10.0,tt0092400,10,16.0,1,CAR PATROL OF CAR CITY
5240,Inside Series,2011,16+,10/100,0,0,1,0,tv_show,television documentary,United States,English,10.0,tt0092400,10,16.0,1,INSIDE SERIES
5241,Eori,2016,16+,10/100,0,0,1,0,tv_show,reality television,United States,English,10.0,tt0092400,10,16.0,1,EORI
5242,Desperate Widows,2016,16+,10/100,0,0,1,0,tv_show,reality television,United States,English,10.0,tt0092400,10,16.0,1,DESPERATE WIDOWS
5243,Uncaged: The Animated Series,2017,16+,10/100,0,0,1,0,tv_show,reality television,United States,English,10.0,tt0092400,10,16.0,1,UNCAGED: THE ANIMATED SERIES
5244,Innovations of War,2014,16+,10/100,0,0,1,0,tv_show,reality television,United States,English,10.0,tt0092400,10,16.0,1,INNOVATIONS OF WAR
5245,Jimmy Blue Shorts,2014,16+,10/100,0,0,1,0,tv_show,reality television,United States,English,10.0,tt0092400,10,16.0,1,JIMMY BLUE SHORTS
5246,Love In Han Yuan,2018,16+,10/100,0,0,1,0,tv_show,reality television,United States,English,10.0,tt0092400,10,16.0,1,LOVE IN HAN YUAN
5247,Review: Shopkins Shoppies Doll Reviews,2017,16+,10/100,0,0,1,0,tv_show,reality television,United States,English,10.0,tt0092400,10,16.0,1,REVIEW: SHOPKINS SHOPPIES DOLL REVIEWS
5248,Review: Blind Bags and Surprise Toy Reviews,2017,16+,10/100,0,0,1,0,tv_show,reality television,United States,English,10.0,tt0092400,10,16.0,1,REVIEW: BLIND BAGS AND SURPRISE TOY REVIEWS
5249,Pinkfong! Baby Shark & Halloween Songs,2018,16+,10/100,0,0,1,0,tv_show,reality television,United States,English,10.0,tt0092400,10,16.0,1,PINKFONG! BABY SHARK & HALLOWEEN SONGS
5250,Astrid Strudelman The Unicorn Whisperer,2014,16+,10/100,0,0,1,0,tv_show,reality television,United States,English,10.0,tt0092400,10,16.0,1,ASTRID STRUDELMAN THE UNICORN WHISPERER
5251,History's Biggest Secrets,2013,16+,10/100,0,0,1,0,tv_show,reality television,United States,English,10.0,tt0092400,10,16.0,1,HISTORY'S BIGGEST SECRETS
5252,My Prom Makeover,2014,16+,10/100,0,0,1,0,tv_show,reality television,United States,English,10.0,tt0092400,10,16.0,1,MY PROM MAKEOVER
5253,Image Essence,2013,16+,10/100,0,0,1,0,tv_show,reality television,United States,English,10.0,tt0092400,10,16.0,1,IMAGE ESSENCE
5254,How To Self-Publish,2017,16+,10/100,0,0,1,0,tv_show,reality television,United States,English,10.0,tt0092400,10,16.0,1,HOW TO SELF-PUBLISH
5255,Bryanboy Goes to College,2014,16+,10/100,0,0,1,0,tv_show,reality television,United States,English,10.0,tt0092400,10,16.0,1,BRYANBOY GOES TO COLLEGE
5256,The Coeds,2015,16+,10/100,0,0,1,0,tv_show,reality television,United States,English,10.0,tt0092400,10,16.0,1,THE COEDS
5257,Awesome Hot Rods,2017,16+,10/100,0,0,1,0,tv_show,reality television,United States,English,10.0,tt0092400,10,16.0,1,AWESOME HOT RODS
5258,Troy el Tren en Auto City,2016,16+,10/100,0,0,1,0,tv_show,reality television,United States,English,10.0,tt0092400,10,16.0,1,TROY EL TREN EN AUTO CITY
5259,Kickstart or Die,2013,16+,10/100,0,0,1,0,tv_show,reality television,United States,English,10.0,tt0092400,10,16.0,1,KICKSTART OR DIE
5260,Chasing November,2016,16+,10/100,0,0,1,0,tv_show,reality television,United States,English,10.0,tt0092400,10,16.0,1,CHASING NOVEMBER
5261,Quick Bites,2017,16+,10/100,0,0,1,0,tv_show,reality television,United States,English,5.6,tt1858520,10,16.0,1,QUICK BITES
5262,Happy Bear Kid Andrea,2016,16+,10/100,0,0,1,0,tv_show,reality television,United States,English,10.0,tt0092400,10,16.0,1,HAPPY BEAR KID ANDREA
5263,Totally Real Movies Coming Soon,2010,16+,10/100,0,0,1,0,tv_show,reality television,United States,English,10.0,tt0092400,10,16.0,1,TOTALLY REAL MOVIES COMING SOON
5264,Air Wars,2000,16+,10/100,0,0,1,0,tv_show,reality television,United States,English,10.0,tt0092400,10,16.0,1,AIR WARS
5265,Operation Shadow,2017,16+,10/100,0,0,1,0,tv_show,reality television,United States,English,10.0,tt0092400,10,16.0,1,OPERATION SHADOW
5266,The Special Needs Hotel,2015,16+,10/100,0,0,1,0,tv_show,reality television,United States,English,10.0,tt0092400,10,16.0,1,THE SPECIAL NEEDS HOTEL
5267,World War I,2014,16+,10/100,0,0,1,0,tv_show,reality television,United States,English,10.0,tt0092400,10,16.0,1,WORLD WAR I
5268,Clip: Lego Set Builds Minifgures - Artifex,2016,16+,10/100,0,0,1,0,tv_show,reality television,United States,English,10.0,tt0092400,10,16.0,1,CLIP: LEGO SET BUILDS MINIFGURES - ARTIFEX
5269,High Blood Pressure,2016,16+,10/100,0,0,1,0,tv_show,reality television,United States,English,10.0,tt0092400,10,16.0,1,HIGH BLOOD PRESSURE
5270,Supernova,2005,16+,10/100,0,1,1,0,tv_show,reality television,United States,English,10.0,tt0092400,10,16.0,1,SUPERNOVA
5271,Mu Guiying Takes Command,2012,16+,10/100,0,0,1,0,tv_show,reality television,People's Republic of China,English,10.0,tt0092400,10,16.0,1,MU GUIYING TAKES COMMAND
5272,Nordic Road Trip 2018,2018,16+,10/100,0,0,1,0,tv_show,reality television,United States,English,10.0,tt0092400,10,16.0,1,NORDIC ROAD TRIP 2018
5273,LEGO Dimensions Gameplay,2017,16+,10/100,0,0,1,0,tv_show,reality television,United States,English,10.0,tt0092400,10,16.0,1,LEGO DIMENSIONS GAMEPLAY
5274,Learning with Vehicles,2015,16+,10/100,0,0,1,0,tv_show,reality television,United States,English,10.0,tt0092400,10,16.0,1,LEARNING WITH VEHICLES
5275,Celebrity Snackdown,2017,16+,10/100,0,0,1,0,tv_show,reality television,United States,English,10.0,tt0092400,10,16.0,1,CELEBRITY SNACKDOWN
5276,Eat Yourself Sexy,2009,16+,10/100,0,0,1,0,tv_show,reality television,United States,English,10.0,tt0092400,10,16.0,1,EAT YOURSELF SEXY
5277,Second War Diary - The War Day by Day,2014,16+,10/100,0,0,1,0,tv_show,reality television,United States,English,10.0,tt0092400,10,16.0,1,SECOND WAR DIARY - THE WAR DAY BY DAY
5278,Warning Men Thinking,2015,16+,10/100,0,0,1,0,tv_show,reality television,United States,English,10.0,tt0092400,10,16.0,1,WARNING MEN THINKING
5279,Space Adventure Legend Quest,2013,16+,10/100,0,0,1,0,tv_show,reality television,United States,English,10.0,tt0092400,10,16.0,1,SPACE ADVENTURE LEGEND QUEST
5280,This Is My City,2013,16+,10/100,0,0,1,0,tv_show,reality television,United States,English,10.0,tt0092400,10,16.0,1,THIS IS MY CITY
5281,Eyewitness Weather Disasters,2012,16+,10/100,0,0,1,0,tv_show,reality television,United States,English,10.0,tt0092400,10,16.0,1,EYEWITNESS WEATHER DISASTERS
5282,Health Issues: Alzheimer's,2010,16+,10/100,0,0,1,0,tv_show,reality television,United States,English,10.0,tt0092400,10,16.0,1,HEALTH ISSUES: ALZHEIMER'S
5283,Kids Try,2016,16+,10/100,0,0,1,0,tv_show,reality television,United States,English,10.0,tt0092400,10,16.0,1,KIDS TRY
5284,The Hunting Public,2017,16+,10/100,0,0,1,0,tv_show,reality television,United States,English,10.0,tt0092400,10,16.0,1,THE HUNTING PUBLIC
5285,Dream Town,2015,16+,10/100,0,0,1,0,tv_show,reality television,United States,English,10.0,tt0092400,10,16.0,1,DREAM TOWN
5286,From the Test Kitchen,2017,16+,10/100,0,0,1,0,tv_show,reality television,United States,English,10.0,tt0092400,10,16.0,1,FROM THE TEST KITCHEN
5287,Killing The Fat Man,2017,16+,10/100,0,0,1,0,tv_show,reality television,United States,English,10.0,tt0092400,10,16.0,1,KILLING THE FAT MAN
5288,Game Bang,2013,16+,10/100,0,0,1,0,tv_show,reality television,United States,English,10.0,tt0092400,10,16.0,1,GAME BANG
5289,Invisivle TOKYO,2016,16+,10/100,0,0,1,0,tv_show,reality television,United States,English,10.0,tt0092400,10,16.0,1,INVISIVLE TOKYO
5290,PINKFONG!,2017,16+,10/100,0,0,1,0,tv_show,reality television,United States,English,10.0,tt0092400,10,16.0,1,PINKFONG!
5291,Pinkfong! Body Songs,2017,16+,10/100,0,0,1,0,tv_show,reality television,United States,English,10.0,tt0092400,10,16.0,1,PINKFONG! BODY SONGS
5292,Dr. Qin,2018,16+,10/100,0,0,1,0,tv_show,reality television,United States,English,10.0,tt0092400,10,16.0,1,DR. QIN
5293,Sirenetta & the Second Star,2017,16+,10/100,0,0,1,0,tv_show,reality television,United States,English,10.0,tt0092400,10,16.0,1,SIRENETTA & THE SECOND STAR
5294,Dibo the Gift Dragon,2012,16+,10/100,0,0,1,0,tv_show,reality television,United States,English,10.0,tt0092400,10,16.0,1,DIBO THE GIFT DRAGON
5295,Everyday Elevated With Sharone Hakman,2017,16+,10/100,0,0,1,0,tv_show,reality television,United States,English,10.0,tt0092400,10,16.0,1,EVERYDAY ELEVATED WITH SHARONE HAKMAN
5296,Wide World of Kids,2013,16+,10/100,0,0,1,0,tv_show,reality television,United States,English,10.0,tt0092400,10,16.0,1,WIDE WORLD OF KIDS
5297,Tom the Tow Truck,2016,16+,10/100,0,0,1,0,tv_show,reality television,United States,English,10.0,tt0092400,10,16.0,1,TOM THE TOW TRUCK
5298,Yoga Class for Beginners with Irini Res,2017,16+,10/100,0,0,1,0,tv_show,reality television,United States,English,10.0,tt0092400,10,16.0,1,YOGA CLASS FOR BEGINNERS WITH IRINI RES
5299,Trains,2016,16+,10/100,0,0,1,0,tv_show,reality television,United States,English,10.0,tt0092400,10,16.0,1,TRAINS
5300,Finding the Future,2017,16+,10/100,0,0,1,0,tv_show,reality television,United States,English,10.0,tt0092400,10,16.0,1,FINDING THE FUTURE
5301,Puppy Prep,2018,16+,10/100,0,0,1,0,tv_show,reality television,United States,English,10.0,tt0092400,10,16.0,1,PUPPY PREP
5302,Video Wallpaper,2017,16+,10/100,0,0,1,0,tv_show,reality television,United States,English,10.0,tt0092400,10,16.0,1,VIDEO WALLPAPER
5303,Five Minute Fairy Tales,2017,16+,10/100,0,0,1,0,tv_show,reality television,United States,English,10.0,tt0092400,10,16.0,1,FIVE MINUTE FAIRY TALES
5304,Gamer Next Door,2015,16+,10/100,0,0,1,0,tv_show,reality television,United States,English,10.0,tt0092400,10,16.0,1,GAMER NEXT DOOR
5305,Crazy TV Pranks. Funny Surprises,2013,16+,10/100,0,0,1,0,tv_show,reality television,United States,English,10.0,tt0092400,10,16.0,1,CRAZY TV PRANKS. FUNNY SURPRISES
5306,Haus of Schreck,2018,16+,10/100,0,0,1,0,tv_show,reality television,United States,English,10.0,tt0092400,10,16.0,1,HAUS OF SCHRECK
5307,The Kingdom and End Times,2016,16+,10/100,0,0,1,0,tv_show,reality television,United States,English,10.0,tt0092400,10,16.0,1,THE KINGDOM AND END TIMES
5308,Dombey and Son,1983,16+,10/100,0,0,1,0,tv_show,reality television,United States,English,10.0,tt0092400,10,16.0,1,DOMBEY AND SON
5309,Drunken Movie Geeks,2017,16+,10/100,0,0,1,0,tv_show,reality television,United States,English,10.0,tt0092400,10,16.0,1,DRUNKEN MOVIE GEEKS
5310,The GCN Show,2016,16+,10/100,0,0,1,0,tv_show,reality television,United States,English,10.0,tt0092400,10,16.0,1,THE GCN SHOW
5311,Gloriavale,2014,16+,10/100,0,0,1,0,tv_show,reality television,United States,English,10.0,tt0092400,10,16.0,1,GLORIAVALE
5312,The Laura Show,2017,16+,10/100,0,0,1,0,tv_show,reality television,United States,English,10.0,tt0092400,10,16.0,1,THE LAURA SHOW
5313,Fonko: Contemporary Africa Through Its Urban Music,2017,16+,10/100,0,0,1,0,tv_show,reality television,United States,English,10.0,tt0092400,10,16.0,1,FONKO: CONTEMPORARY AFRICA THROUGH ITS URBAN MUSIC
5314,Cream,2017,16+,10/100,0,0,1,0,tv_show,reality television,United States,English,10.0,tt0092400,10,16.0,1,CREAM
5315,Tanks!,2005,16+,10/100,0,0,1,0,tv_show,reality television,United States,English,10.0,tt0092400,10,16.0,1,TANKS!
5316,Missy Mila Twisted Tales,2015,16+,10/100,0,0,1,0,tv_show,reality television,United States,English,10.0,tt0092400,10,16.0,1,MISSY MILA TWISTED TALES
5317,The Big Flip,2009,16+,10/100,0,0,1,0,tv_show,reality television,United States,English,10.0,tt0092400,10,16.0,1,THE BIG FLIP
5318,Reelin' in the Keys,2017,16+,10/100,0,0,1,0,tv_show,reality television,United States,English,10.0,tt0092400,10,16.0,1,REELIN' IN THE KEYS
5319,Pinkfong! Baby Shark Special,2017,16+,10/100,0,0,1,0,tv_show,reality television,United States,English,10.0,tt0092400,10,16.0,1,PINKFONG! BABY SHARK SPECIAL
5320,Model Diaries,2017,16+,10/100,0,0,1,0,tv_show,reality television,United States,English,10.0,tt0092400,10,16.0,1,MODEL DIARIES
5321,Dyches Fam 2016,2016,16+,10/100,0,0,1,0,tv_show,reality television,United States,English,10.0,tt0092400,10,16.0,1,DYCHES FAM 2016
5322,Open Space,2011,16+,10/100,0,0,1,0,tv_show,reality television,United Kingdom,English,10.0,tt1589839,10,16.0,1,OPEN SPACE
5323,Strange Curiosity,2016,16+,10/100,0,0,1,0,tv_show,reality television,United States,English,10.0,tt0092400,10,16.0,1,STRANGE CURIOSITY
5324,Deep Rest: Guided Meditations with Christine Wushke,2017,16+,10/100,0,0,1,0,tv_show,reality television,United States,English,10.0,tt0092400,10,16.0,1,DEEP REST: GUIDED MEDITATIONS WITH CHRISTINE WUSHKE
5325,Tales of Morrissa,2017,16+,10/100,0,0,1,0,tv_show,reality television,United States,English,10.0,tt0092400,10,16.0,1,TALES OF MORRISSA
5326,The Golden Age of Toy Trains,2012,16+,10/100,0,0,1,0,tv_show,reality television,United States,English,10.0,tt0092400,10,16.0,1,THE GOLDEN AGE OF TOY TRAINS
5327,Meditations on Love,2017,16+,10/100,0,0,1,0,tv_show,reality television,United States,English,10.0,tt0092400,10,16.0,1,MEDITATIONS ON LOVE
5328,The Rise of Mankind,2018,16+,10/100,0,0,1,0,tv_show,reality television,United States,English,10.0,tt0092400,10,16.0,1,THE RISE OF MANKIND
5329,Little Big Awesome,2016,16+,10/100,0,0,1,0,tv_show,reality television,United States,English,9.0,tt5615874,10,16.0,1,LITTLE BIG AWESOME
5330,Men with Sword 2,2016,16+,10/100,0,0,1,0,tv_show,reality television,United States,English,10.0,tt0092400,10,16.0,1,MEN WITH SWORD 2
5331,Best of Ellen's Scares,2012,16+,10/100,0,0,1,0,tv_show,reality television,United States,English,10.0,tt0092400,10,16.0,1,BEST OF ELLEN'S SCARES
5332,Drawing PS4 Spider-Man,2018,16+,10/100,0,0,1,0,tv_show,reality television,United States,English,10.0,tt0092400,10,16.0,1,DRAWING PS4 SPIDER-MAN
5333,Tales of The Wild West,2017,16+,10/100,0,0,1,0,tv_show,reality television,United States,English,10.0,tt0092400,10,16.0,1,TALES OF THE WILD WEST
5334,Jump Start Your Photography,2011,16+,10/100,0,0,1,0,tv_show,reality television,United States,English,10.0,tt0092400,10,16.0,1,JUMP START YOUR PHOTOGRAPHY
5335,Laver Cup 2018,2018,16+,10/100,0,0,1,0,tv_show,reality television,United States,English,10.0,tt0092400,10,16.0,1,LAVER CUP 2018
5336,My Sister-in-Law,2015,16+,10/100,0,0,1,0,tv_show,reality television,United States,English,10.0,tt0092400,10,16.0,1,MY SISTER-IN-LAW
5337,Take On The World Conference 2017,2017,16+,10/100,0,0,1,0,tv_show,reality television,United States,English,10.0,tt0092400,10,16.0,1,TAKE ON THE WORLD CONFERENCE 2017
5338,Dropping the Soap,2017,16+,10/100,0,0,1,0,tv_show,reality television,United States,English,10.0,tt0092400,10,16.0,1,DROPPING THE SOAP
5339,Onyx Kids,2016,16+,10/100,0,0,1,0,tv_show,reality television,United States,English,10.0,tt0092400,10,16.0,1,ONYX KIDS
5340,Chickenwatch,2018,16+,10/100,0,0,1,0,tv_show,reality television,United States,English,10.0,tt0092400,10,16.0,1,CHICKENWATCH
5341,Minecraft Survival with Brick Show Brian!,2016,16+,10/100,0,0,1,0,tv_show,reality television,United States,English,10.0,tt0092400,10,16.0,1,MINECRAFT SURVIVAL WITH BRICK SHOW BRIAN!
5342,Jelly Jam,2011,16+,10/100,0,0,1,0,tv_show,reality television,United States,English,10.0,tt0092400,10,16.0,1,JELLY JAM
5343,Tanlines,2011,16+,10/100,0,0,1,0,tv_show,reality television,United States,English,10.0,tt0092400,10,16.0,1,TANLINES
5344,Looi,2014,16+,10/100,0,0,1,0,tv_show,reality television,United States,English,10.0,tt0092400,10,16.0,1,LOOI
5345,Reading Egg's The Eggsperts,2014,16+,10/100,0,0,1,0,tv_show,reality television,United States,English,10.0,tt0092400,10,16.0,1,READING EGG'S THE EGGSPERTS
5346,Lots & Lots of Fire Trucks,2010,16+,10/100,0,0,1,0,tv_show,reality television,United States,English,10.0,tt0092400,10,16.0,1,LOTS & LOTS OF FIRE TRUCKS
5347,Hop Up TV,2016,16+,10/100,0,0,1,0,tv_show,reality television,United States,English,10.0,tt0092400,10,16.0,1,HOP UP TV
5348,The GiggleBellies - Monster Truck Learning,2017,16+,10/100,0,0,1,0,tv_show,reality television,United States,English,10.0,tt0092400,10,16.0,1,THE GIGGLEBELLIES - MONSTER TRUCK LEARNING
5349,The Contract Terms,2011,16+,10/100,0,0,1,0,tv_show,reality television,United States,English,10.0,tt0092400,10,16.0,1,THE CONTRACT TERMS
5350,Designing Ireland,2015,16+,10/100,0,0,1,0,tv_show,reality television,United States,English,10.0,tt0092400,10,16.0,1,DESIGNING IRELAND
5351,Red Dust,2013,16+,10/100,0,0,1,0,tv_show,reality television,United States,English,10.0,tt0092400,10,16.0,1,RED DUST
5352,Great Indian Wars,2009,16+,10/100,0,0,1,0,tv_show,reality television,United States,English,10.0,tt0092400,10,16.0,1,GREAT INDIAN WARS
5353,Can I Catch It,2018,16+,10/100,0,0,1,0,tv_show,reality television,United States,English,10.0,tt0092400,10,16.0,1,CAN I CATCH IT
5354,Blue City,2015,16+,10/100,0,0,1,0,tv_show,reality television,United States,English,10.0,tt0092400,10,16.0,1,BLUE CITY
5355,Kintoons,2018,16+,10/100,0,0,1,0,tv_show,reality television,United States,English,10.0,tt0092400,10,16.0,1,KINTOONS
5356,Wedding Season,2017,16+,10/100,0,0,1,0,tv_show,reality television,United Kingdom,English,8.0,tt15114768,10,16.0,1,WEDDING SEASON
5357,The Fall and Rise of Britain's Railways,2008,16+,10/100,0,0,1,0,tv_show,reality television,United States,English,10.0,tt0092400,10,16.0,1,THE FALL AND RISE OF BRITAIN'S RAILWAYS
5358,Flood,2008,16+,10/100,0,0,1,0,tv_show,reality television,United States,English,10.0,tt0092400,10,16.0,1,FLOOD
5359,Our American Family,2012,16+,10/100,0,0,1,0,tv_show,reality television,United States,English,10.0,tt0092400,10,16.0,1,OUR AMERICAN FAMILY
5360,Back to Back Chef,2017,16+,10/100,0,0,1,0,tv_show,reality television,United States,English,10.0,tt0092400,10,16.0,1,BACK TO BACK CHEF
5361,True War Stories,2015,16+,10/100,0,0,1,0,tv_show,reality television,United States,English,10.0,tt0092400,10,16.0,1,TRUE WAR STORIES
5362,Top 30 Wonderful Rhymes,2013,16+,10/100,0,0,1,0,tv_show,reality television,United States,English,10.0,tt0092400,10,16.0,1,TOP 30 WONDERFUL RHYMES
5363,Inside Hitler's Killing Machine,2016,16+,10/100,0,0,1,0,tv_show,reality television,United States,English,10.0,tt0092400,10,16.0,1,INSIDE HITLER'S KILLING MACHINE
5364,Dowry,2015,16+,10/100,0,0,1,0,tv_show,reality television,Taiwan,English,10.0,tt0092400,10,16.0,1,DOWRY
5365,Tales To Get Scared To,2016,16+,10/100,0,0,1,0,tv_show,reality television,United States,English,10.0,tt0092400,10,16.0,1,TALES TO GET SCARED TO
5366,Review: Mega Construx Dinotrux Reviews,2017,16+,10/100,0,0,1,0,tv_show,reality television,United States,English,10.0,tt0092400,10,16.0,1,REVIEW: MEGA CONSTRUX DINOTRUX REVIEWS
5367,What's Up In Space: The Solar System For Kids Series,2010,16+,10/100,0,0,1,0,tv_show,reality television,United States,English,10.0,tt0092400,10,16.0,1,WHAT'S UP IN SPACE: THE SOLAR SYSTEM FOR KIDS SERIES
5368,Nursery Rhymes Time,2017,16+,10/100,0,0,1,0,tv_show,reality television,United States,English,10.0,tt0092400,10,16.0,1,NURSERY RHYMES TIME
5369,Home to Flip,2009,16+,10/100,0,0,1,0,tv_show,reality television,United States,English,10.0,tt0092400,10,16.0,1,HOME TO FLIP
5370,Nature Adventures with Terri and Todd,2018,16+,10/100,0,0,1,0,tv_show,reality television,United States,English,10.0,tt0092400,10,16.0,1,NATURE ADVENTURES WITH TERRI AND TODD
5371,Breakfast with Bevan,2013,16+,10/100,0,0,1,0,tv_show,reality television,United States,English,10.0,tt0092400,10,16.0,1,BREAKFAST WITH BEVAN
5372,"Gas, Grub, and Ghosts",2017,16+,10/100,0,0,1,0,tv_show,reality television,United States,English,10.0,tt0092400,10,16.0,1,"GAS, GRUB, AND GHOSTS"
5373,Extreme Constructions,2017,16+,10/100,0,0,1,0,tv_show,reality television,United States,English,10.0,tt0092400,10,16.0,1,EXTREME CONSTRUCTIONS
5374,Nature's Treasure Islands,2014,16+,10/100,0,0,1,0,tv_show,reality television,United States,English,10.0,tt0092400,10,16.0,1,NATURE'S TREASURE ISLANDS
5375,Lego Set Builds Chima - Artifex,2017,16+,10/100,0,0,1,0,tv_show,reality television,United States,English,10.0,tt0092400,10,16.0,1,LEGO SET BUILDS CHIMA - ARTIFEX
5376,Loki,2021,16+,95/100,0,0,0,1,tv_show,"fantasy television series, adventure television series, action television series, superhero television program",United States,English,8.0,tt9140554,95,16.0,1,LOKI
5377,The Mandalorian,2019,16+,94/100,0,0,0,1,tv_show,"science fiction television program, space Western, adventure television series",United States,English,9.0,tt8111088,94,16.0,1,THE MANDALORIAN
5379,WandaVision,2021,16+,89/100,0,0,0,1,tv_show,"fantasy television series, superhero television program, adventure television series, drama television series",United States,English,7.0,tt9140560,89,16.0,1,WANDAVISION
5381,The Falcon and the Winter Soldier,2021,16+,86/100,0,0,0,1,tv_show,"drama television series, superhero television program, buddy film",United States,English,8.0,tt9208876,86,16.0,1,THE FALCON AND THE WINTER SOLDIER
5382,Star Wars: The Clone Wars,2008,7+,85/100,0,0,0,1,tv_show,reality television,United States,English,8.3/10,tt0092400,85,7.0,1,STAR WARS: THE CLONE WARS
5383,Once Upon a Time,2011,7+,83/100,0,0,0,1,tv_show,"fantasy television series, adventure television series, drama television series, romance television series",United States,English,7.7,tt1843230,83,7.0,1,ONCE UPON A TIME
5384,Marvel's Agent Carter,2015,7+,82/100,0,0,0,1,tv_show,"drama television series, science fiction television program, detective fiction",United States,English,8.0,tt3475734,82,7.0,1,MARVEL'S AGENT CARTER
5385,The Bad Batch,2021,7+,82/100,1,0,0,1,tv_show,reality television,United States,English,8.2/10,tt0092400,82,7.0,1,THE BAD BATCH
5387,Star Wars Rebels,2014,7+,79/100,0,0,0,1,tv_show,reality television,United States,English,8.0/10,tt0092400,79,7.0,1,STAR WARS REBELS
5388,The Owl House,2020,7+,78/100,0,0,0,1,tv_show,reality television,United States,English,8.1/10,tt0092400,78,7.0,1,THE OWL HOUSE
5390,The Muppet Show,1976,all,78/100,0,0,0,1,tv_show,"comedy television series, puppetry, sketch comedy, variety show","United States, United Kingdom",English,8.4,tt0074028,78,16.0,1,THE MUPPET SHOW
5391,The Mysterious Benedict Society,2021,7+,76/100,0,0,0,1,tv_show,"fantasy television series, adventure television series, television series based on a novel",United States,English,8.0,tt11875316,76,7.0,1,THE MYSTERIOUS BENEDICT SOCIETY
5393,Monsters at Work,2021,all,75/100,0,0,0,1,tv_show,reality television,United States,English,7.2/10,tt0092400,75,16.0,1,MONSTERS AT WORK
5394,One Strange Rock,2018,all,74/100,0,0,0,1,tv_show,documentary film,United States,English,7.0,tt7651892,74,16.0,1,ONE STRANGE ROCK
5395,High School Musical: The Musical: The Series,2019,7+,73/100,0,0,0,1,tv_show,"LGBT-related television series, teen drama television, mockumentary",United States,English,8.0,tt8510382,73,7.0,1,HIGH SCHOOL MUSICAL: THE MUSICAL: THE SERIES
5396,Dinosaurs,1991,7+,73/100,0,0,0,1,tv_show,sitcom,United States,English,7.5,tt0101081,73,7.0,1,DINOSAURS
5397,Boy Meets World,1993,all,72/100,0,0,0,1,tv_show,"teen sitcom, comedy drama",United States,English,8.1,tt0105958,72,16.0,1,BOY MEETS WORLD
5398,Big Shot,2021,7+,71/100,0,0,0,1,tv_show,sport film,United States,English,9.0,tt11238096,71,7.0,1,BIG SHOT
5399,Disney Gallery / Star Wars: The Mandalorian,2020,7+,71/100,0,0,0,1,tv_show,reality television,United States,English,9.0,tt12162902,71,7.0,1,DISNEY GALLERY / STAR WARS: THE MANDALORIAN
5400,Phineas and Ferb,2007,all,71/100,0,0,0,1,tv_show,reality television,United States,English,8.0/10,tt0092400,71,16.0,1,PHINEAS AND FERB
5401,Bluey,2018,all,71/100,0,0,0,1,tv_show,drama television series,Australia,English,8.0,tt0073966,71,16.0,1,BLUEY
5402,Spider-Man,1994,all,70/100,0,0,0,1,tv_show,reality television,United States,English,8.4/10,tt0092400,70,16.0,1,SPIDER-MAN
5403,The Imagineering Story,2019,7+,69/100,0,0,0,1,tv_show,reality television,United States,English,9.0/10,tt0092400,69,7.0,1,THE IMAGINEERING STORY
5404,DuckTales,1987,7+,69/100,0,0,0,1,tv_show,reality television,United States,English,8.1/10,tt0092400,69,7.0,1,DUCKTALES
5406,Wizards of Waverly Place,2007,all,68/100,0,0,0,1,tv_show,"teen sitcom, fantasy television series",United States,English,7.0,tt0799922,68,16.0,1,WIZARDS OF WAVERLY PLACE
5407,Star Wars: Clone Wars,2003,7+,68/100,0,0,0,1,tv_show,reality television,United States,English,7.8/10,tt0092400,68,7.0,1,STAR WARS: CLONE WARS
5408,Wolverine and the X-Men,2009,7+,68/100,0,0,0,1,tv_show,reality television,United States,English,8.0/10,tt0092400,68,7.0,1,WOLVERINE AND THE X-MEN
5410,Marvel Studios: Assembled,2021,7+,66/100,0,0,0,1,tv_show,television documentary,United States,English,8.0,tt14094206,66,7.0,1,MARVEL STUDIOS: ASSEMBLED
5411,Kim Possible,2002,all,66/100,0,0,0,1,tv_show,reality television,United States,English,7.2/10,tt0092400,66,16.0,1,KIM POSSIBLE
5412,Once Upon a Time in Wonderland,2013,7+,66/100,0,0,0,1,tv_show,fantasy television series,United States,English,6.0,tt2802008,66,7.0,1,ONCE UPON A TIME IN WONDERLAND
5414,Marvel Studios: Legends,2021,16+,66/100,0,0,0,1,tv_show,"action film, superhero film, television documentary, superhero fiction",United States,English,6.5,tt13650480,66,16.0,1,MARVEL STUDIOS: LEGENDS
5415,Girl Meets World,2014,all,65/100,0,0,0,1,tv_show,comedy television series,United States,American English,7.0,tt2543796,65,16.0,1,GIRL MEETS WORLD
5416,The Avengers: Earth's Mightiest Heroes,2010,7+,65/100,0,0,0,1,tv_show,reality television,United States,English,8.3/10,tt0092400,65,7.0,1,THE AVENGERS: EARTH'S MIGHTIEST HEROES
5417,The World According to Jeff Goldblum,2019,7+,65/100,0,0,0,1,tv_show,non-fiction,United States,English,8.0,tt10196390,65,7.0,1,THE WORLD ACCORDING TO JEFF GOLDBLUM
5418,Marvel's Ultimate Spider-Man,2012,7+,65/100,0,0,0,1,tv_show,reality television,United States,English,7.2/10,tt0092400,65,7.0,1,MARVEL'S ULTIMATE SPIDER-MAN
5420,Amphibia,2019,7+,65/100,0,0,0,1,tv_show,reality television,United States,English,8.1/10,tt0092400,65,7.0,1,AMPHIBIA
5421,Gargoyles,1994,7+,64/100,0,0,0,1,tv_show,reality television,United States,English,8.1/10,tt0092400,64,7.0,1,GARGOYLES
5422,The Suite Life of Zack & Cody,2005,all,64/100,0,0,0,1,tv_show,teen sitcom,United States,English,7.0,tt0426371,64,16.0,1,THE SUITE LIFE OF ZACK & CODY
5423,Darkwing Duck,1991,7+,64/100,0,0,0,1,tv_show,reality television,United States,English,7.6/10,tt0092400,64,7.0,1,DARKWING DUCK
5424,The Right Stuff,2020,16+,64/100,0,0,0,1,tv_show,"historical drama, anthology series",United States,English,6.0,tt7423322,64,16.0,1,THE RIGHT STUFF
5425,The Muppets,2015,7+,64/100,1,0,0,1,tv_show,sitcom,United States,English,7.0,tt4651824,64,7.0,1,THE MUPPETS
5426,TRON: Uprising,2012,7+,64/100,0,0,0,1,tv_show,reality television,United States,English,8.2/10,tt0092400,64,7.0,1,TRON: UPRISING
5427,The Mighty Ducks: Game Changers,2021,7+,63/100,0,0,0,1,tv_show,comedy drama,United States,English,10.0,tt7939768,63,7.0,1,THE MIGHTY DUCKS: GAME CHANGERS
5428,Marvel's Avengers Assemble,2013,7+,63/100,0,0,0,1,tv_show,reality television,United States,English,7.0/10,tt0092400,63,7.0,1,MARVEL'S AVENGERS ASSEMBLE
5429,Recess,1997,7+,63/100,0,0,0,1,tv_show,reality television,United States,English,7.8/10,tt0092400,63,7.0,1,RECESS
5430,Chip 'n' Dale Rescue Rangers,1989,all,63/100,0,0,0,1,tv_show,reality television,United States,English,7.6/10,tt0092400,63,16.0,1,CHIP 'N' DALE RESCUE RANGERS
5431,Doug,1991,7+,63/100,0,0,0,1,tv_show,reality television,United States,English,7.4/10,tt0092400,63,7.0,1,DOUG
5432,I am Luna,2016,16+,62/100,0,0,0,1,tv_show,reality television,United States,English,6.8/10,tt0092400,62,16.0,1,I AM LUNA
5434,Lizzie McGuire,2001,all,62/100,0,0,0,1,tv_show,teen sitcom,United States,English,10.0,tt0273366,62,16.0,1,LIZZIE MCGUIRE
5435,Cosmos: Possible Worlds,2020,7+,62/100,0,0,0,1,tv_show,"television documentary, documentary film, popular science",United States,English,10.0,tt11170862,62,7.0,1,COSMOS: POSSIBLE WORLDS
5436,The Suite Life on Deck,2008,all,62/100,0,0,0,1,tv_show,teen sitcom,United States,English,8.0,tt1181917,62,16.0,1,THE SUITE LIFE ON DECK
5437,Hannah Montana,2006,all,61/100,0,0,0,1,tv_show,"teen sitcom, music television",United States,English,9.0,tt0493093,61,16.0,1,HANNAH MONTANA
5438,Jessie,2011,all,61/100,0,0,0,1,tv_show,"comedy television series, children's television series",United States,English,8.0,tt1865769,61,16.0,1,JESSIE
5439,Marvel's Inhumans,2017,7+,61/100,0,0,0,1,tv_show,"action television series, science fiction television program, superhero television program",United States,English,5.0,tt4154858,61,7.0,1,MARVEL'S INHUMANS
5440,Gordon Ramsay: Uncharted,2019,16+,61/100,0,0,0,1,tv_show,reality television,United States,English,7.7,tt9165706,61,16.0,1,GORDON RAMSAY: UNCHARTED
5441,Disney's Adventures of the Gummi Bears,1985,all,61/100,0,0,0,1,tv_show,reality television,United States,English,7.5/10,tt0092400,61,16.0,1,DISNEY'S ADVENTURES OF THE GUMMI BEARS
5442,Star Wars Resistance,2018,7+,60/100,0,0,0,1,tv_show,reality television,United States,English,5.0/10,tt0092400,60,7.0,1,STAR WARS RESISTANCE
5443,That's So Raven,2003,all,60/100,0,0,0,1,tv_show,"fantasy television series, teen sitcom",United States,English,7.0,tt0300865,60,16.0,1,THAT'S SO RAVEN
5444,Turner & Hooch,2021,7+,60/100,0,0,0,1,tv_show,comedy film,United States,English,8.0,tt11547014,60,7.0,1,TURNER & HOOCH
5445,TaleSpin,1990,all,60/100,0,0,0,1,tv_show,reality television,United States,English,7.6/10,tt0092400,60,16.0,1,TALESPIN
5447,Mickey Mouse Clubhouse,2006,all,60/100,0,0,0,1,tv_show,reality television,United States,English,5.7/10,tt0092400,60,16.0,1,MICKEY MOUSE CLUBHOUSE
5448,Even Stevens,2000,all,60/100,0,0,0,1,tv_show,teen sitcom,United States,English,7.6,tt0206511,60,16.0,1,EVEN STEVENS
5450,Andi Mack,2017,all,60/100,0,0,0,1,tv_show,"comedy drama, LGBT-related television series",United States,English,7.0,tt5195114,60,16.0,1,ANDI MACK
5451,Behind the Attraction,2021,7+,59/100,0,0,0,1,tv_show,reality television,United States,English,8.0,tt11069436,59,7.0,1,BEHIND THE ATTRACTION
5452,Secrets of Sulphur Springs,2021,7+,59/100,0,0,0,1,tv_show,"drama television series, mystery television series",United States,English,10.0,tt10329642,59,7.0,1,SECRETS OF SULPHUR SPRINGS
5453,Liv and Maddie,2013,all,59/100,0,0,0,1,tv_show,"comedy television series, children's television series",United States,English,8.0,tt2794380,59,16.0,1,LIV AND MADDIE
5454,Milo Murphy's Law,2016,all,59/100,0,0,0,1,tv_show,reality television,United States,English,7.6/10,tt0092400,59,16.0,1,MILO MURPHY'S LAW
5456,Lab Rats,2012,7+,59/100,0,0,0,1,tv_show,"science fiction television program, teen sitcom, American television sitcom",United States,English,8.0,tt1991564,59,7.0,1,LAB RATS
5457,Lilo & Stitch: The Series,2003,all,59/100,0,0,0,1,tv_show,reality television,United States,English,6.8/10,tt0092400,59,16.0,1,LILO & STITCH: THE SERIES
5458,So Weird,1999,7+,59/100,0,0,0,1,tv_show,"neo-noir, science fiction television program, children's television series",United States,English,8.3,tt0169247,59,7.0,1,SO WEIRD
5459,Austin & Ally,2011,all,59/100,0,0,0,1,tv_show,"comedy television series, romance television series, music television, youth series",United States,English,7.0,tt1830491,59,16.0,1,AUSTIN & ALLY
5460,The New Adventures of Winnie the Pooh,1988,all,59/100,0,0,0,1,tv_show,reality television,United States,English,7.7/10,tt0092400,59,16.0,1,THE NEW ADVENTURES OF WINNIE THE POOH
5461,Raven's Home,2017,all,59/100,0,0,0,1,tv_show,comedy television series,United States,English,8.0,tt6311972,59,16.0,1,RAVEN'S HOME
5463,Kickin' It,2011,all,58/100,0,0,0,1,tv_show,"comedy television series, children's television series",United States,English,7.0,tt1765622,58,16.0,1,KICKIN' IT
5464,Brain Games,2011,7+,58/100,0,0,0,1,tv_show,documentary film,United States,English,8.0,tt2078690,58,7.0,1,BRAIN GAMES
5465,Schoolhouse Rock,1973,7+,58/100,0,0,0,1,tv_show,reality television,United States,English,3.0,tt26231144,58,7.0,1,SCHOOLHOUSE ROCK
5466,Dog Whisperer,2004,all,58/100,0,0,0,1,tv_show,reality television,United States,English,9.0,tt0423642,58,16.0,1,DOG WHISPERER
5467,The Proud Family,2001,all,58/100,0,0,0,1,tv_show,reality television,United States,English,6.4/10,tt0092400,58,16.0,1,THE PROUD FAMILY
5468,Sonny with a Chance,2009,all,58/100,0,0,0,1,tv_show,teen sitcom,United States,"English, French, Spanish",7.0,tt1252374,58,16.0,1,SONNY WITH A CHANCE
5469,Violetta,2012,all,58/100,0,0,0,1,tv_show,"telenovela, youth series",Argentina,Spanish,5.0,tt2171665,58,16.0,1,VIOLETTA
5470,The Lion King's Timon & Pumbaa,1995,all,58/100,0,0,0,1,tv_show,reality television,United States,English,7.1/10,tt0092400,58,16.0,1,THE LION KING'S TIMON & PUMBAA
5471,Phil of the Future,2004,7+,57/100,0,0,0,1,tv_show,"science fiction television program, teen sitcom",United States,English,6.9,tt0340281,57,7.0,1,PHIL OF THE FUTURE
5472,Little Einsteins,2005,all,57/100,0,0,0,1,tv_show,reality television,United States,English,6.3/10,tt0092400,57,16.0,1,LITTLE EINSTEINS
5473,Shake It Up,2010,all,57/100,0,0,0,1,tv_show,reality television,People's Republic of China,English,4.9/10,tt0092400,57,16.0,1,SHAKE IT UP
5474,Hercules,1998,all,57/100,0,0,0,1,tv_show,reality television,United States,English,6.6/10,tt0092400,57,16.0,1,HERCULES
5475,Rapunzel's Tangled Adventure,2017,all,56/100,0,0,0,1,tv_show,reality television,United States,English,7.7/10,tt0092400,56,16.0,1,RAPUNZEL'S TANGLED ADVENTURE
5476,Marvel's Guardians of the Galaxy,2015,7+,56/100,0,0,0,1,tv_show,reality television,United States,English,7.3/10,tt0092400,56,7.0,1,MARVEL'S GUARDIANS OF THE GALAXY
5477,Smart Guy,1997,all,56/100,0,0,0,1,tv_show,"sitcom, youth series",United States,English,9.0,tt0118466,56,16.0,1,SMART GUY
5478,American Dragon: Jake Long,2005,all,56/100,0,0,0,1,tv_show,reality television,United States,English,6.6/10,tt0092400,56,16.0,1,AMERICAN DRAGON: JAKE LONG
5479,Encore!,2019,7+,56/100,0,0,0,1,tv_show,television documentary,United States,English,10.0,tt7759016,56,7.0,1,ENCORE!
5480,Mickey Mouse,2013,all,56/100,0,0,0,1,tv_show,reality television,United States,English,8.1/10,tt0092400,56,16.0,1,MICKEY MOUSE
5481,Marvel's Spider-Man,2017,7+,56/100,0,0,0,1,tv_show,reality television,United States,English,6.1/10,tt0092400,56,7.0,1,MARVEL'S SPIDER-MAN
5482,Diary of a Future President,2020,7+,56/100,0,0,0,1,tv_show,comedy,United States,English,8.0,tt9695266,56,7.0,1,DIARY OF A FUTURE PRESIDENT
5483,Spider-Man and His Amazing Friends,1981,7+,56/100,0,0,0,1,tv_show,reality television,United States,English,7.2/10,tt0092400,56,7.0,1,SPIDER-MAN AND HIS AMAZING FRIENDS
5484,Goof Troop,1992,all,55/100,0,0,0,1,tv_show,reality television,United States,English,6.8/10,tt0092400,55,16.0,1,GOOF TROOP
5485,Spider-Man Unlimited,1999,7+,55/100,0,0,0,1,tv_show,reality television,United States,English,6.4/10,tt0092400,55,7.0,1,SPIDER-MAN UNLIMITED
5486,The Little Mermaid,1992,all,55/100,0,0,0,1,tv_show,reality television,United States,English,6.8/10,tt0092400,55,16.0,1,THE LITTLE MERMAID
5488,Big City Greens,2018,7+,55/100,0,0,0,1,tv_show,reality television,United States,English,7.2/10,tt0092400,55,7.0,1,BIG CITY GREENS
5489,Zenimation,2020,all,55/100,0,0,0,1,tv_show,reality television,United States,English,7.4/10,tt0092400,55,16.0,1,ZENIMATION
5490,Wicked Tuna,2012,16+,55/100,0,0,0,1,tv_show,reality television,United States,English,2.0,tt2191567,55,16.0,1,WICKED TUNA
5492,Big Hero 6 The Series,2017,7+,54/100,0,0,0,1,tv_show,reality television,United States,English,7.1/10,tt0092400,54,7.0,1,BIG HERO 6 THE SERIES
5493,Inside Pixar,2020,all,54/100,0,0,0,1,tv_show,reality television,United States,English,7.3/10,tt0092400,54,16.0,1,INSIDE PIXAR
5494,Iron Man: Armored Adventures,2009,7+,54/100,0,0,0,1,tv_show,reality television,United States,English,6.5/10,tt0092400,54,7.0,1,IRON MAN: ARMORED ADVENTURES
5495,Pair of Kings,2010,7+,54/100,0,0,0,1,tv_show,"teen sitcom, American television sitcom",United States,English,10.0,tt1571313,54,7.0,1,PAIR OF KINGS
5496,Mighty Med,2013,7+,54/100,0,0,0,1,tv_show,"science fiction television program, medical drama, American television sitcom",United States,English,6.6,tt2573338,54,7.0,1,MIGHTY MED
5497,Special Agent Oso,2009,all,54/100,0,0,0,1,tv_show,reality television,United States,English,5.2/10,tt0092400,54,16.0,1,SPECIAL AGENT OSO
5498,Imagination Movers,2008,all,54/100,0,0,0,1,tv_show,children's television series,United States,English,10.0,tt1101237,54,16.0,1,IMAGINATION MOVERS
5500,Secrets of the Whales,2021,7+,54/100,0,0,0,1,tv_show,reality television,United States,English,10.0,tt12824750,54,7.0,1,SECRETS OF THE WHALES
5501,Stuck in the Middle,2016,all,53/100,0,0,0,1,tv_show,comedy television series,United States,English,7.0,tt4488724,53,16.0,1,STUCK IN THE MIDDLE
5503,Jonas,2009,16+,53/100,0,0,0,1,tv_show,reality television,United States,English,4.7/10,tt0092400,53,16.0,1,JONAS
5504,MECH-X4,2016,all,53/100,0,0,0,1,tv_show,action television series,United States,English,10.0,tt5568740,53,16.0,1,MECH-X4
5505,The Wonderful World of Mickey Mouse,2020,all,53/100,0,0,0,1,tv_show,reality television,United States,English,7.8/10,tt0092400,53,16.0,1,THE WONDERFUL WORLD OF MICKEY MOUSE
5507,The Emperor's New School,2006,all,53/100,0,0,0,1,tv_show,reality television,United States,English,6.6/10,tt0092400,53,16.0,1,THE EMPEROR'S NEW SCHOOL
5508,Hostile Planet,2019,7+,53/100,0,0,0,1,tv_show,reality television,United States,English,8.3/10,tt0092400,53,7.0,1,HOSTILE PLANET
5509,Puppy Dog Pals,2017,all,53/100,0,0,0,1,tv_show,reality television,United States,English,7.0/10,tt0092400,53,16.0,1,PUPPY DOG PALS
5511,Fantastic Four,1994,7+,52/100,0,0,0,1,tv_show,reality television,United States,English,6.5/10,tt0092400,52,7.0,1,FANTASTIC FOUR
5512,I Didn't Do It,2014,all,52/100,0,0,0,1,tv_show,"teen sitcom, American television sitcom",United States,English,6.0,tt2996052,52,16.0,1,I DIDN'T DO IT
5514,The Lion Guard,2016,all,52/100,0,0,0,1,tv_show,reality television,United States,English,6.4/10,tt0092400,52,16.0,1,THE LION GUARD
5515,Pixar Popcorn,2021,7+,52/100,0,0,0,1,tv_show,reality television,United States,English,6.6/10,tt0092400,52,7.0,1,PIXAR POPCORN
5516,Lab Rats: Elite Force,2016,7+,52/100,0,0,0,1,tv_show,"science fiction comedy, sitcom",United States,English,8.0,tt5118450,52,7.0,1,LAB RATS: ELITE FORCE
5517,A.N.T. Farm,2011,all,52/100,0,0,0,1,tv_show,"sitcom, teen sitcom, teen film, action television series",United States,English,4.0,tt1772752,52,16.0,1,A.N.T. FARM
5518,Silver Surfer,1998,7+,52/100,0,0,0,1,tv_show,reality television,United States,English,7.1/10,tt0092400,52,7.0,1,SILVER SURFER
5519,Muppets Now,2020,7+,52/100,0,0,0,1,tv_show,reality television,United States,English,4.0,tt10857210,52,7.0,1,MUPPETS NOW
5520,Car S.O.S.,2013,16+,52/100,0,0,0,1,tv_show,variety show,United Kingdom,English,10.0,tt3110590,52,16.0,1,CAR S.O.S.
5521,Sydney to the Max,2019,all,52/100,0,0,0,1,tv_show,sitcom,United States,English,9.0,tt8959856,52,16.0,1,SYDNEY TO THE MAX
5522,Vampirina,2017,all,52/100,0,0,0,1,tv_show,reality television,United States,English,6.2,tt34385400,52,16.0,1,VAMPIRINA
5523,Earth to Ned,2020,7+,51/100,0,0,0,1,tv_show,reality television,United States,English,6.6,tt11176048,51,7.0,1,EARTH TO NED
5524,Best Friends Whenever,2015,all,51/100,0,0,0,1,tv_show,"sitcom, science fiction television program, comedy television series",United States,English,7.0,tt4507442,51,16.0,1,BEST FRIENDS WHENEVER
5525,Into the Unknown: Making Frozen II,2020,7+,51/100,0,0,0,1,tv_show,reality television,United States,English,10.0,tt10196382,51,7.0,1,INTO THE UNKNOWN: MAKING FROZEN II
5526,Elena of Avalor,2016,all,51/100,0,0,0,1,tv_show,reality television,United States,English,6.4/10,tt0092400,51,16.0,1,ELENA OF AVALOR
5527,Prop Culture,2020,7+,51/100,0,0,0,1,tv_show,reality television,United States,English,9.0,tt10162496,51,7.0,1,PROP CULTURE
5528,Fantastic Four: World's Greatest Heroes,2006,7+,51/100,0,0,0,1,tv_show,reality television,United States,English,6.7/10,tt0092400,51,7.0,1,FANTASTIC FOUR: WORLD'S GREATEST HEROES
5529,Jake and the Never Land Pirates,2011,all,51/100,0,0,0,1,tv_show,reality television,United States,English,5.6/10,tt0092400,51,16.0,1,JAKE AND THE NEVER LAND PIRATES
5530,Fish Hooks,2010,all,51/100,0,0,0,1,tv_show,reality television,United States,English,4.8/10,tt0092400,51,16.0,1,FISH HOOKS
5531,Drain the Oceans,2018,7+,51/100,0,0,0,1,tv_show,television documentary,Australia,English,2.0,tt8676618,51,7.0,1,DRAIN THE OCEANS
5532,The Replacements,2006,7+,51/100,0,0,0,1,tv_show,reality television,United States,English,5.9/10,tt0092400,51,7.0,1,THE REPLACEMENTS
5533,Port Protection Alaska,2015,16+,51/100,0,0,0,1,tv_show,reality television,United States,English,8.4/10,tt0092400,51,16.0,1,PORT PROTECTION ALASKA
5534,"Dr. Oakley, Yukon Vet",2014,all,51/100,0,0,0,1,tv_show,reality television,United States,English,10.0,tt3593456,51,16.0,1,"DR. OAKLEY, YUKON VET"
5535,Ice Road Rescue,2015,16+,50/100,0,0,0,1,tv_show,docu-soap,United Kingdom,English,9.0,tt5270356,50,16.0,1,ICE ROAD RESCUE
5536,Marvel’s Hulk and the Agents of S.M.A.S.H,2013,7+,50/100,0,0,0,1,tv_show,reality television,United States,English,6.1/10,tt0092400,50,7.0,1,MARVEL’S HULK AND THE AGENTS OF S.M.A.S.H
5537,Super Robot Monkey Team Hyperforce Go!,2004,7+,50/100,0,0,0,1,tv_show,reality television,United States,English,6.2/10,tt0092400,50,7.0,1,SUPER ROBOT MONKEY TEAM HYPERFORCE GO!
5538,Quack Pack,1996,7+,50/100,0,0,0,1,tv_show,reality television,United States,English,6.8/10,tt0092400,50,7.0,1,QUACK PACK
5539,Descendants: Wicked World,2015,all,50/100,0,0,0,1,tv_show,reality television,United States,English,6.6/10,tt0092400,50,16.0,1,DESCENDANTS: WICKED WORLD
5540,Muppet Babies,2018,all,50/100,0,0,0,1,tv_show,reality television,United States,English,6.9/10,tt0092400,50,16.0,1,MUPPET BABIES
5541,T.O.T.S.,2019,all,50/100,0,0,0,1,tv_show,reality television,United States,English,6.9/10,tt0092400,50,16.0,1,T.O.T.S.
5542,One Day at Disney,2019,all,50/100,0,0,0,1,tv_show,documentary film,United States,English,9.0,tt10854760,50,16.0,1,ONE DAY AT DISNEY
5543,Pixar in Real Life,2019,all,50/100,0,0,0,1,tv_show,reality television,United States,English,2.0,tt11199558,50,16.0,1,PIXAR IN REAL LIFE
5544,Mighty Ducks: The Animated Series,1996,7+,50/100,0,0,0,1,tv_show,reality television,United States,English,6.5/10,tt0092400,50,7.0,1,MIGHTY DUCKS: THE ANIMATED SERIES
5545,Star Wars: Ewoks,1985,all,49/100,0,0,0,1,tv_show,reality television,United States,English,6.1/10,tt0092400,49,16.0,1,STAR WARS: EWOKS
5546,101 Dalmatians: The Series,1997,all,49/100,0,0,0,1,tv_show,reality television,United States,English,6.2/10,tt0092400,49,16.0,1,101 DALMATIANS: THE SERIES
5548,"Heartland Docs, DVM",2020,16+,49/100,0,0,0,1,tv_show,reality television,United States,English,9.1/10,tt0092400,49,16.0,1,"HEARTLAND DOCS, DVM"
5549,BIA,2019,all,49/100,0,0,0,1,tv_show,reality television,United States,English,6.7/10,tt0092400,49,16.0,1,BIA
5550,Marvel's Hero Project,2019,7+,49/100,0,0,0,1,tv_show,reality television,United States,English,7.0,tt10163846,49,7.0,1,MARVEL'S HERO PROJECT
5551,Iron Man,1994,7+,49/100,0,0,0,1,tv_show,reality television,United States,English,6.7/10,tt0092400,49,7.0,1,IRON MAN
5552,Coop & Cami Ask The World,2018,all,49/100,0,0,0,1,tv_show,"sitcom, comedy television series",United States,English,6.0,tt8381724,49,16.0,1,COOP & CAMI ASK THE WORLD
5553,Marvel Rising: Initiation,2018,16+,49/100,0,0,0,1,tv_show,reality television,United States,English,7.0,tt9073722,49,16.0,1,MARVEL RISING: INITIATION
5554,My Friends Tigger & Pooh,2007,all,48/100,0,0,0,1,tv_show,reality television,United States,English,5.7/10,tt0092400,48,16.0,1,MY FRIENDS TIGGER & POOH
5555,Secrets of the Zoo,2018,16+,48/100,0,0,0,1,tv_show,documentary film,United States,English,8.2,tt14948806,48,16.0,1,SECRETS OF THE ZOO
5556,Bizaardvark,2016,all,48/100,0,0,0,1,tv_show,comedy television series,United States,English,6.0,tt4800624,48,16.0,1,BIZAARDVARK
5558,The Mickey Mouse Club,1955,all,48/100,0,0,0,1,tv_show,"children's television series, music program",United States,English,7.0,tt0047757,48,16.0,1,THE MICKEY MOUSE CLUB
5559,Marvel's 616,2020,16+,48/100,0,0,0,1,tv_show,"documentary, anthology series",United States,English,7.0,tt10162586,48,16.0,1,MARVEL'S 616
5560,Turning the Tables with Robin Roberts,2021,16+,48/100,0,0,0,1,tv_show,reality television,United States,English,10.0,tt0092400,48,16.0,1,TURNING THE TABLES WITH ROBIN ROBERTS
5561,On Pointe,2020,7+,48/100,0,0,0,1,tv_show,reality television,United States,English,10.0,tt11097576,48,7.0,1,ON POINTE
5562,Race to the Center of the Earth,2021,16+,48/100,0,0,0,1,tv_show,reality television,United States,English,4.0,tt10370752,48,16.0,1,RACE TO THE CENTER OF THE EARTH
5563,Out of the Box,1998,all,48/100,0,0,0,1,tv_show,reality television,United States,English,10.0,tt0277514,48,16.0,1,OUT OF THE BOX
5564,Gabby Duran and the Unsittables,2019,all,48/100,0,0,0,1,tv_show,reality television,United States,English,5.5/10,tt0092400,48,16.0,1,GABBY DURAN AND THE UNSITTABLES
5565,Dr. Ks Exotic Animal ER,2014,7+,48/100,0,0,0,1,tv_show,reality television,United States,English,8.1/10,tt0092400,48,7.0,1,DR. KS EXOTIC ANIMAL ER
5566,Spin and Marty,1955,all,47/100,0,0,0,1,tv_show,reality television,United States,English,8.0,tt0047775,47,16.0,1,SPIN AND MARTY
5567,Higglytown Heroes,2004,all,47/100,0,0,0,1,tv_show,reality television,United States,English,5.0/10,tt0092400,47,16.0,1,HIGGLYTOWN HEROES
5568,Bonkers,1993,all,47/100,0,0,0,1,tv_show,reality television,United Kingdom,English,7.0,tt0884765,47,16.0,1,BONKERS
5569,Crash & Bernstein,2012,all,47/100,0,0,0,1,tv_show,teen sitcom,United States,English,10.0,tt2273734,47,16.0,1,CRASH & BERNSTEIN
5571,Lego Star Wars: The Freemaker Adventures,2016,16+,47/100,0,0,0,1,tv_show,reality television,United States,English,7.4/10,tt0092400,47,16.0,1,LEGO STAR WARS: THE FREEMAKER ADVENTURES
5573,Star Wars Vehicle Flythroughs,2021,16+,47/100,0,0,0,1,tv_show,reality television,United States,English,6.3/10,tt0092400,47,16.0,1,STAR WARS VEHICLE FLYTHROUGHS
5574,Randy Cunningham: Ninja Total,2012,all,47/100,0,0,0,1,tv_show,reality television,United States,English,6.7/10,tt0092400,47,16.0,1,RANDY CUNNINGHAM: NINJA TOTAL
5575,Pick of the Litter,2019,7+,47/100,1,1,0,1,tv_show,reality television,United States,English,9.0,tt10855726,47,7.0,1,PICK OF THE LITTER
5576,Lost Cities with Albert Lin,2019,16+,47/100,0,0,0,1,tv_show,reality television,United States,English,7.8/10,tt0092400,47,16.0,1,LOST CITIES WITH ALBERT LIN
5577,Earth Moods,2021,16+,47/100,0,0,0,1,tv_show,reality television,United States,American English,7.0,tt14260676,47,16.0,1,EARTH MOODS
5578,Mickey and the Roadster Racers,2017,all,47/100,0,0,0,1,tv_show,reality television,United States,English,6.1/10,tt0092400,47,16.0,1,MICKEY AND THE ROADSTER RACERS
5579,Star Wars: Forces of Destiny,2017,all,47/100,0,0,0,1,tv_show,reality television,United States,English,5.0/10,tt0092400,47,16.0,1,STAR WARS: FORCES OF DESTINY
5580,Magic of Disney's Animal Kingdom,2020,7+,47/100,0,0,0,1,tv_show,reality television,United States,English,8.3/10,tt0092400,47,7.0,1,MAGIC OF DISNEY'S ANIMAL KINGDOM
5581,Goldie & Bear,2015,all,47/100,0,0,0,1,tv_show,reality television,United States,English,6.4/10,tt0092400,47,16.0,1,GOLDIE & BEAR
5582,Evermoor,2014,16+,46/100,0,0,0,1,tv_show,drama,United Kingdom,English,7.0,tt3602560,46,16.0,1,EVERMOOR
5583,Europe From Above,2019,16+,46/100,0,0,0,1,tv_show,television documentary,United States,English,10.0,tt11003514,46,16.0,1,EUROPE FROM ABOVE
5584,Dog: Impossible,2019,16+,46/100,0,0,0,1,tv_show,reality television,United States,English,8.2/10,tt0092400,46,16.0,1,DOG: IMPOSSIBLE
5585,Marvel's Ant-Man,2017,16+,46/100,0,0,0,1,tv_show,reality television,United States,English,6.6/10,tt0092400,46,16.0,1,MARVEL'S ANT-MAN
5586,Adventures in Wonderland,1992,7+,46/100,0,0,0,1,tv_show,fantasy television series,United States,English,9.0,tt0088473,46,7.0,1,ADVENTURES IN WONDERLAND
5587,The Super Hero Squad Show,2009,7+,46/100,0,0,0,1,tv_show,reality television,United States,English,6.1/10,tt0092400,46,7.0,1,THE SUPER HERO SQUAD SHOW
5588,Critter Fixers: Country Vets,2020,16+,46/100,0,0,0,1,tv_show,reality television,United States,English,9.0/10,tt0092400,46,16.0,1,CRITTER FIXERS: COUNTRY VETS
5589,Great Migrations,2010,all,46/100,0,0,0,1,tv_show,nature documentary,United States,English,9.0,tt1769803,46,16.0,1,GREAT MIGRATIONS
5590,Origins: The Journey of Humankind,2017,16+,46/100,0,0,0,1,tv_show,reality television,United States,English,2.0,tt6091694,46,16.0,1,ORIGINS: THE JOURNEY OF HUMANKIND
5591,The Lodge,2016,16+,46/100,0,1,0,1,tv_show,drama,United Kingdom,English,10.0,tt6176812,46,16.0,1,THE LODGE
5592,LEGO Star Wars: Droid Tales,2015,7+,46/100,0,0,0,1,tv_show,reality television,United States,English,7.5/10,tt0092400,46,7.0,1,LEGO STAR WARS: DROID TALES
5593,Minnie's Bow-Toons,2011,all,45/100,0,0,0,1,tv_show,reality television,United States,English,6.2/10,tt0092400,45,16.0,1,MINNIE'S BOW-TOONS
5594,Chip 'n' Dale: Park Life,2021,all,45/100,0,0,0,1,tv_show,reality television,United States,English,6.9/10,tt0092400,45,16.0,1,CHIP 'N' DALE: PARK LIFE
5595,The Book of Pooh,2001,all,45/100,0,0,0,1,tv_show,reality television,United States,English,6.5/10,tt0092400,45,16.0,1,THE BOOK OF POOH
5596,Shark Attack Files,2021,16+,45/100,0,0,0,1,tv_show,reality television,United States,English,10.0,tt0092400,45,16.0,1,SHARK ATTACK FILES
5597,The Avengers: United They Stand,1999,7+,45/100,0,0,0,1,tv_show,reality television,United States,English,5.5/10,tt0092400,45,7.0,1,THE AVENGERS: UNITED THEY STAND
5598,Walt Disney Animation Studios: Short Circuit Experimental Films,2020,all,45/100,0,0,0,1,tv_show,reality television,United States,English,7.6/10,tt0092400,45,16.0,1,WALT DISNEY ANIMATION STUDIOS: SHORT CIRCUIT EXPERIMENTAL FILMS
5599,"Mira, Royal Detective",2020,all,45/100,0,0,0,1,tv_show,reality television,United States,English,6.5/10,tt0092400,45,16.0,1,"MIRA, ROYAL DETECTIVE"
5601,Legend of the Three Caballeros,2018,all,45/100,0,0,0,1,tv_show,reality television,United States,English,7.8/10,tt0092400,45,16.0,1,LEGEND OF THE THREE CABALLEROS
5602,The Greeks,2016,16+,44/100,0,0,0,1,tv_show,reality television,United States,English,1.0,tt5848928,44,16.0,1,THE GREEKS
5603,Marvel's Future Avengers,2017,7+,44/100,0,0,0,1,tv_show,reality television,United States,English,5.7/10,tt0092400,44,7.0,1,MARVEL'S FUTURE AVENGERS
5604,Just Roll With It,2019,7+,44/100,0,0,0,1,tv_show,comedy television program,United States,English,5.2,tt9181662,44,7.0,1,JUST ROLL WITH IT
5605,101 Dalmatian Street,2019,7+,44/100,0,0,0,1,tv_show,reality television,United States,English,6.3/10,tt0092400,44,7.0,1,101 DALMATIAN STREET
5606,Spider-Woman,1979,all,44/100,0,0,0,1,tv_show,reality television,United States,English,5.8/10,tt0092400,44,16.0,1,SPIDER-WOMAN
5607,Primal Survivor,2016,16+,44/100,0,0,0,1,tv_show,reality television,United States,English,8.3/10,tt0092400,44,16.0,1,PRIMAL SURVIVOR
5608,Secrets of the Zoo: Tampa,2020,16+,43/100,0,0,0,1,tv_show,reality television,United States,English,8.6/10,tt0092400,43,16.0,1,SECRETS OF THE ZOO: TAMPA
5609,Disney's Doug,1996,16+,43/100,0,0,0,1,tv_show,reality television,United States,English,8.0,tt0122815,43,16.0,1,DISNEY'S DOUG
5610,Year Million,2017,16+,43/100,0,0,0,1,tv_show,reality television,United States,English,7.4/10,tt0092400,43,16.0,1,YEAR MILLION
5611,Rogue Trip,2020,7+,43/100,0,0,0,1,tv_show,reality television,United States,English,7.2/10,tt0092400,43,7.0,1,ROGUE TRIP
5612,Fancy Nancy,2018,all,43/100,0,0,0,1,tv_show,reality television,United States,English,5.5/10,tt0092400,43,16.0,1,FANCY NANCY
5613,America's National Parks,2015,all,43/100,0,0,0,1,tv_show,reality television,United States,English,7.7/10,tt0092400,43,16.0,1,AMERICA'S NATIONAL PARKS
5614,Wild Hawaii,2014,16+,43/100,0,0,0,1,tv_show,reality television,United States,English,7.2/10,tt0092400,43,16.0,1,WILD HAWAII
5615,Lego Frozen Northern Lights,2016,all,42/100,0,0,0,1,tv_show,reality television,United States,English,5.7/10,tt0092400,42,16.0,1,LEGO FROZEN NORTHERN LIGHTS
5616,Dino Ranch,2021,all,42/100,0,0,0,1,tv_show,reality television,United States,English,8.1/10,tt0092400,42,16.0,1,DINO RANCH
5618,Disney's Fairy Tale Weddings,2017,7+,42/100,0,0,0,1,tv_show,reality television,United States,English,6.7,tt6974848,42,7.0,1,DISNEY'S FAIRY TALE WEDDINGS
5619,Kingdom of the Polar Bears,2021,16+,42/100,0,0,0,1,tv_show,reality television,United States,English,10.0,tt0092400,42,16.0,1,KINGDOM OF THE POLAR BEARS
5620,Teacher's Pet,2000,all,42/100,0,0,0,1,tv_show,reality television,United States,English,6.3/10,tt0092400,42,16.0,1,TEACHER'S PET
5621,Henry Hugglemonster,2013,all,42/100,0,0,0,1,tv_show,reality television,United States,English,5.3/10,tt0092400,42,16.0,1,HENRY HUGGLEMONSTER
5622,Shop Class,2020,all,42/100,0,0,0,1,tv_show,"game show, reality television",United States,English,10.0,tt10225108,42,16.0,1,SHOP CLASS
5623,Alaska Animal Rescue,2020,16+,42/100,0,0,0,1,tv_show,reality television,United States,English,10.0,tt12188528,42,16.0,1,ALASKA ANIMAL RESCUE
5624,The Rocketeer,2019,all,42/100,0,0,0,1,tv_show,reality television,United States,English,6.3/10,tt0092400,42,16.0,1,THE ROCKETEER
5626,Fast Layne,2019,all,41/100,0,0,0,1,tv_show,reality television,United States,English,5.6/10,tt0092400,41,16.0,1,FAST LAYNE
5627,Weird But True!,2016,all,41/100,0,0,0,1,tv_show,reality television,United States,English,10.0,tt6057106,41,16.0,1,WEIRD BUT TRUE!
5628,Continent 7: Antarctica,2016,7+,41/100,0,0,0,1,tv_show,reality television,United States,English,7.0,tt6244108,41,7.0,1,CONTINENT 7: ANTARCTICA
5629,Marvel's Rocket & Groot,2017,7+,41/100,0,0,0,1,tv_show,reality television,United States,English,6.8/10,tt0092400,41,7.0,1,MARVEL'S ROCKET & GROOT
5630,Take Two with Phineas and Ferb,2010,7+,41/100,0,0,0,1,tv_show,reality television,United States,English,6.5/10,tt0092400,41,7.0,1,TAKE TWO WITH PHINEAS AND FERB
5631,Be our Chef,2020,all,40/100,0,0,0,1,tv_show,reality television,United States,English,6.3/10,tt0092400,40,16.0,1,BE OUR CHEF
5632,Japan: Between Earth & Sky,2018,16+,40/100,0,0,0,1,tv_show,reality television,United States,English,7.6/10,tt0092400,40,16.0,1,JAPAN: BETWEEN EARTH & SKY
5633,India from Above,2020,16+,40/100,0,0,0,1,tv_show,reality television,United States,English,7.7/10,tt0092400,40,16.0,1,INDIA FROM ABOVE
5634,Prairie Dog Manor,2019,16+,39/100,0,0,0,1,tv_show,reality television,United States,English,10.0,tt8316986,39,16.0,1,PRAIRIE DOG MANOR
5635,Marvel Super Hero Adventures,2017,all,39/100,0,0,0,1,tv_show,reality television,United States,English,6.3/10,tt0092400,39,16.0,1,MARVEL SUPER HERO ADVENTURES
5636,Wild Yellowstone,2015,16+,39/100,0,0,0,1,tv_show,reality television,United States,English,6.0,tt3803728,39,16.0,1,WILD YELLOWSTONE
5637,Tut's Treasures: Hidden Secrets,2018,16+,39/100,0,0,0,1,tv_show,reality television,United States,English,7.0,tt8174114,39,16.0,1,TUT'S TREASURES: HIDDEN SECRETS
5638,Secrets of the Zoo: Down Under,2020,16+,39/100,0,0,0,1,tv_show,documentary film,United States,English,8.2,tt14948806,39,16.0,1,SECRETS OF THE ZOO: DOWN UNDER
5639,Disney Channel Games 2008,2008,16+,39/100,0,0,0,1,tv_show,reality television,United States,English,6.7,tt1229903,39,16.0,1,DISNEY CHANNEL GAMES 2008
5640,UFOs: The Untold Stories,2012,16+,39/100,0,0,0,1,tv_show,reality television,United States,English,10.0,tt0092400,39,16.0,1,UFOS: THE UNTOLD STORIES
5641,Animal ER,2016,16+,39/100,0,0,0,1,tv_show,reality television,United States,English,7.0,tt6208226,39,16.0,1,ANIMAL ER
5642,Fury Files,2017,16+,38/100,0,0,0,1,tv_show,reality television,United States,English,10.0,tt0092400,38,16.0,1,FURY FILES
5643,Disney Parks Sunrise,2020,16+,38/100,0,0,0,1,tv_show,"slow television, television documentary",United States,English,10.0,tt0092400,38,16.0,1,DISNEY PARKS SUNRISE
5644,Marvel Funko Shorts,2016,all,38/100,0,0,0,1,tv_show,reality television,United States,English,10.0,tt0092400,38,16.0,1,MARVEL FUNKO SHORTS
5645,Marvel Video Comics,2016,all,38/100,0,0,0,1,tv_show,reality television,United States,English,6.6/10,tt0092400,38,16.0,1,MARVEL VIDEO COMICS
5646,Secrets of Wild India,2012,16+,38/100,0,0,0,1,tv_show,reality television,United States,English,8.1/10,tt0092400,38,16.0,1,SECRETS OF WILD INDIA
5647,Buried Secrets of the Bible with Albert Lin,2019,16+,38/100,0,0,0,1,tv_show,reality television,United States,English,7.1/10,tt0092400,38,16.0,1,BURIED SECRETS OF THE BIBLE WITH ALBERT LIN
5648,Supercar Megabuild,2016,16+,38/100,0,0,0,1,tv_show,reality television,United States,English,1.0,tt12535708,38,16.0,1,SUPERCAR MEGABUILD
5649,Kirby Buckets,2014,7+,38/100,0,0,0,1,tv_show,sitcom,United States,English,10.0,tt3544772,38,7.0,1,KIRBY BUCKETS
5650,Becoming,2020,16+,38/100,1,0,0,1,tv_show,reality television,United States,English,6.8/10,tt0092400,38,16.0,1,BECOMING
5652,Kingdom of the White Wolf,2019,16+,37/100,0,0,0,1,tv_show,reality television,United States,English,8.1/10,tt0092400,37,16.0,1,KINGDOM OF THE WHITE WOLF
5653,Mickey Mouse Funhouse,2021,all,37/100,0,0,0,1,tv_show,reality television,United States,English,5.6/10,tt0092400,37,16.0,1,MICKEY MOUSE FUNHOUSE
5654,Disney Junior Music Lullabies,2019,16+,37/100,0,0,0,1,tv_show,reality television,United States,English,10.0,tt0092400,37,16.0,1,DISNEY JUNIOR MUSIC LULLABIES
5655,Wild Congo,2014,16+,37/100,0,0,0,1,tv_show,reality television,United States,English,10.0,tt0092400,37,16.0,1,WILD CONGO
5656,Walk the Prank,2016,7+,37/100,0,0,0,1,tv_show,reality television,United States,English,2.0,tt5486088,37,7.0,1,WALK THE PRANK
5657,Meet the Chimps,2020,16+,37/100,0,0,0,1,tv_show,reality television,United States,English,8.5/10,tt0092400,37,16.0,1,MEET THE CHIMPS
5658,X-Ray Earth,2020,16+,37/100,0,0,0,1,tv_show,reality television,United States,English,6.1/10,tt0092400,37,16.0,1,X-RAY EARTH
5659,It's a Dog's Life with Bill Farmer,2020,7+,37/100,0,0,0,1,tv_show,television documentary,United States,English,10.0,tt12105232,37,7.0,1,IT'S A DOG'S LIFE WITH BILL FARMER
5660,Unlikely Animal Friends,2012,16+,36/100,0,0,0,1,tv_show,reality television,United States,English,7.6/10,tt0092400,36,16.0,1,UNLIKELY ANIMAL FRIENDS
5661,Kingdom of the Mummies,2020,16+,36/100,0,0,0,1,tv_show,reality television,United States,English,7.4/10,tt0092400,36,16.0,1,KINGDOM OF THE MUMMIES
5662,Wild Sri Lanka,2015,7+,36/100,0,0,0,1,tv_show,reality television,United States,English,8.6/10,tt0092400,36,7.0,1,WILD SRI LANKA
5663,LEGO Star Wars: The Resistance Rises,2016,16+,36/100,0,0,0,1,tv_show,reality television,United States,English,6.1/10,tt0092400,36,16.0,1,LEGO STAR WARS: THE RESISTANCE RISES
5664,Marvel Battleworld: Mystery of the Thanostones,2020,16+,36/100,0,0,0,1,tv_show,reality television,United States,English,5.9/10,tt0092400,36,16.0,1,MARVEL BATTLEWORLD: MYSTERY OF THE THANOSTONES
5665,"Dr. T, Lone Star Vet",2019,16+,35/100,0,0,0,1,tv_show,reality television,United States,English,8.4/10,tt0092400,35,16.0,1,"DR. T, LONE STAR VET"
5666,Made in A Day,2020,16+,35/100,0,0,0,1,tv_show,reality television,United States,English,7.6/10,tt0092400,35,16.0,1,MADE IN A DAY
5667,Bug Juice: My Adventures at Camp,2018,16+,35/100,0,0,0,1,tv_show,reality television,United States,English,7.0,tt8693362,35,16.0,1,BUG JUICE: MY ADVENTURES AT CAMP
5668,Chip 'n Dale's Nutty Tales,2017,16+,35/100,0,0,0,1,tv_show,reality television,United States,English,7.0/10,tt0092400,35,16.0,1,CHIP 'N DALE'S NUTTY TALES
5669,Ancient China from Above,2020,16+,35/100,0,0,0,1,tv_show,reality television,United States,English,7.3/10,tt0092400,35,16.0,1,ANCIENT CHINA FROM ABOVE
5670,Wild Cats of India,2020,16+,35/100,0,0,0,1,tv_show,reality television,United States,English,7.6/10,tt0092400,35,16.0,1,WILD CATS OF INDIA
5671,Lost Treasures of the Maya,2019,16+,35/100,0,0,0,1,tv_show,reality television,United States,English,3.0,tt10276578,35,16.0,1,LOST TREASURES OF THE MAYA
5672,Star Wars Blips,2017,16+,34/100,0,0,0,1,tv_show,reality television,United States,English,6.1/10,tt0092400,34,16.0,1,STAR WARS BLIPS
5673,Birth of Europe,2012,all,34/100,0,0,0,1,tv_show,reality television,United States,English,7.1/10,tt0092400,34,16.0,1,BIRTH OF EUROPE
5674,Alaska's Grizzly Gauntlet,2018,7+,34/100,0,0,0,1,tv_show,reality television,United States,English,6.6/10,tt0092400,34,7.0,1,ALASKA'S GRIZZLY GAUNTLET
5675,Muppet Moments,2015,16+,34/100,0,0,0,1,tv_show,reality television,United States,English,6.0,tt4555736,34,16.0,1,MUPPET MOMENTS
5676,Billy Dilley's Super-Duper Subterranean Summer,2017,7+,34/100,0,0,0,1,tv_show,reality television,United States,English,4.4/10,tt0092400,34,7.0,1,BILLY DILLEY'S SUPER-DUPER SUBTERRANEAN SUMMER
5677,Mickey Go Local,2019,16+,34/100,0,0,0,1,tv_show,reality television,United States,English,6.0/10,tt0092400,34,16.0,1,MICKEY GO LOCAL
5678,Gathering Storm,2020,16+,33/100,0,0,0,1,tv_show,reality television,United States,English,10.0,tt0092400,33,16.0,1,GATHERING STORM
5679,Disney Fam Jam,2020,all,33/100,0,0,0,1,tv_show,reality television,United States,English,6.5,tt11138524,33,16.0,1,DISNEY FAM JAM
5680,LEGO Star Wars: All-Stars,2018,7+,33/100,0,0,0,1,tv_show,reality television,United States,English,7.0,tt9297164,33,7.0,1,LEGO STAR WARS: ALL-STARS
5681,Out There with Jack Randall,2019,16+,33/100,0,0,0,1,tv_show,reality television,United States,English,7.0/10,tt0092400,33,16.0,1,OUT THERE WITH JACK RANDALL
5682,Disney Junior Music Nursery Rhymes,2017,all,32/100,0,0,0,1,tv_show,reality television,United States,English,6.3,tt9277788,32,16.0,1,DISNEY JUNIOR MUSIC NURSERY RHYMES
5683,United States of Animals,2016,16+,32/100,0,0,0,1,tv_show,reality television,United States,English,6.3/10,tt0092400,32,16.0,1,UNITED STATES OF ANIMALS
5684,Disney Family Sundays,2019,all,31/100,0,0,0,1,tv_show,reality television,United States,English,6.4,tt11199552,31,16.0,1,DISNEY FAMILY SUNDAYS
5685,Rocky Mountain Animal Rescue,2018,16+,30/100,0,0,0,1,tv_show,reality television,United States,English,10.0,tt9395780,30,16.0,1,ROCKY MOUNTAIN ANIMAL RESCUE
5686,Wild Nordic,2019,16+,30/100,0,0,0,1,tv_show,reality television,United States,English,6.0/10,tt0092400,30,16.0,1,WILD NORDIC
5687,Wild Chile,2018,7+,30/100,0,0,0,1,tv_show,reality television,United States,English,7.5/10,tt0092400,30,7.0,1,WILD CHILE
5688,Howie Mandel's Animals Doing Things,2018,all,30/100,0,0,0,1,tv_show,reality television,United States,English,3.2/10,tt0092400,30,16.0,1,HOWIE MANDEL'S ANIMALS DOING THINGS
5690,The Big Fib,2020,all,29/100,0,0,0,1,tv_show,reality television,United States,English,6.0,tt11241096,29,16.0,1,THE BIG FIB
5691,Vampirina: Ghoul Girls Rock!,2018,all,28/100,0,0,0,1,tv_show,reality television,United States,English,7.7/10,tt0092400,28,16.0,1,VAMPIRINA: GHOUL GIRLS ROCK!
5692,Jungle Animal Rescue,2020,16+,28/100,0,0,0,1,tv_show,reality television,United States,English,6.4/10,tt0092400,28,16.0,1,JUNGLE ANIMAL RESCUE
5693,Disney Insider,2012,16+,23/100,0,0,0,1,tv_show,non-fiction,United States,English,10.0,tt11998854,23,16.0,1,DISNEY INSIDER
5694,First Class Chefs: Family Style,2016,16+,23/100,0,0,0,1,tv_show,reality television,United States,English,10.0,tt0092400,23,16.0,1,FIRST CLASS CHEFS: FAMILY STYLE
5695,101 Dalmatians,1997,16+,21/100,0,0,0,1,tv_show,reality television,United States,English,10.0,tt0092400,21,16.0,1,101 DALMATIANS
5696,Spaced Out,2019,16+,20/100,0,0,0,1,tv_show,reality television,United States,English,10.0,tt0092400,20,16.0,1,SPACED OUT
5697,Party Animals,2016,all,19/100,0,0,0,1,tv_show,reality television,United Kingdom,English,10.0,tt0847147,19,16.0,1,PARTY ANIMALS
5698,Nature Boom Time,2016,16+,18/100,0,0,0,1,tv_show,reality television,United States,English,10.0,tt0092400,18,16.0,1,NATURE BOOM TIME
5699,Lost Treasures of Egypt,2019,16+,16/100,0,0,0,1,tv_show,documentary film,United Kingdom,English,9.0,tt10115054,16,16.0,1,LOST TREASURES OF EGYPT
5700,What Sam Sees,2018,16+,16/100,0,0,0,1,tv_show,reality television,United States,English,10.0,tt0092400,16,16.0,1,WHAT SAM SEES
5701,Scuba Sam's World,2018,16+,14/100,0,0,0,1,tv_show,reality television,United States,English,10.0,tt0092400,14,16.0,1,SCUBA SAM'S WORLD
5702,Calling All T.O.T.S.,2020,16+,14/100,0,0,0,1,tv_show,reality television,United States,English,10.0,tt0092400,14,16.0,1,CALLING ALL T.O.T.S.
5703,Destination: World,2018,16+,14/100,0,0,0,1,tv_show,reality television,United States,English,10.0,tt0092400,14,16.0,1,DESTINATION: WORLD
5704,Sam's Zookeeper Challenge,2019,16+,14/100,0,0,0,1,tv_show,reality television,United States,English,10.0,tt0092400,14,16.0,1,SAM'S ZOOKEEPER CHALLENGE
5705,Marvel Funko,2017,16+,14/100,0,0,0,1,tv_show,reality television,United States,English,10.0,tt0092400,14,16.0,1,MARVEL FUNKO
5706,"Weirdest, Bestest, Truest",2018,all,14/100,0,0,0,1,tv_show,reality television,United States,English,10.0,tt0092400,14,16.0,1,"WEIRDEST, BESTEST, TRUEST"
5707,Roll it Back,2019,16+,14/100,0,0,0,1,tv_show,reality television,United States,English,10.0,tt0092400,14,16.0,1,ROLL IT BACK
5709,Animal Showdown,2018,16+,13/100,0,0,0,1,tv_show,reality television,United States,English,10.0,tt0092400,13,16.0,1,ANIMAL SHOWDOWN
5710,Love & Vets,2017,16+,13/100,0,0,0,1,tv_show,reality television,United States,English,10.0,tt0092400,13,16.0,1,LOVE & VETS
5711,Awesome Animals,2020,16+,13/100,0,0,0,1,tv_show,reality television,United States,English,10.0,tt0092400,13,16.0,1,AWESOME ANIMALS
5712,Best Job Ever,2018,16+,10/100,0,0,0,1,tv_show,reality television,United States,English,10.0,tt0092400,10,16.0,1,BEST JOB EVER
5713,Paradise Islands,2017,16+,10/100,0,0,0,1,tv_show,reality television,United States,English,10.0,tt0092400,10,16.0,1,PARADISE ISLANDS
5714,Mexico Untamed,2018,16+,10/100,0,0,0,1,tv_show,reality television,United States,English,10.0,tt0092400,10,16.0,1,MEXICO UNTAMED
5715,Wild Centeral America,2020,16+,10/100,0,0,0,1,tv_show,reality television,United States,English,10.0,tt0092400,10,16.0,1,WILD CENTERAL AMERICA
5716,Wild Russia,2018,16+,10/100,0,0,0,1,tv_show,reality television,United States,English,10.0,tt1489868,10,16.0,1,WILD RUSSIA
5717,Fearless Adventures with Jack Randall,2018,16+,10/100,0,0,0,1,tv_show,reality television,United States,English,10.0,tt0092400,10,16.0,1,FEARLESS ADVENTURES WITH JACK RANDALL
